time [UTC],average gas prices,average price of gas,best gas mileage,best gas mileage car,best gas mileage cars,best gas prices,best suv gas mileage,ca gas prices,california gas price,california gas prices,car gas mileage,cheap gas,cheap gas prices,costco gas,costco gasoline,current gas price,gallon of gas price,gas buddy,gas calculator,gas costco price,gas mileage,gas mileage calculator,gas mileage for cars,gas price,gas price average,gas price news,gas price per gallon,gas price today,gas prices,gas prices costco,gas prices in california,gas prices news,gas prices today,gas station prices,gasoline can,gasoline engine,gasoline price,gasoline prices,gasoline tax,high gas prices,jeep gas mileage,mileage calculator,mobil,ohio gas prices,price of gas,price of gasoline,sam's club gas,sam's club gas price,sam's club gas prices,sam's gas price,sam's gas prices,sams gas,sams gas price,shell gas,speedway,subaru gas mileage,us gas prices,walmart gas,walmart gas price,what is gasoline,what is in gasoline
2010-01-01,0.9999999999999996,0.6249999999999998,1.8354430379746836,0.6363636363636361,0.75,0.5,0.875,0.14492753623188404,0.2222222222222222,0.25,2.6865671641791042,3.411764705882353,0.5384615384615382,1.0666666666666667,0.09999999999999998,0.23529411764705882,0.3928571428571427,0.8470588235294118,2.73972602739726,0.0,17.448979591836736,0.8409090909090909,0.7115384615384612,6,1.25,0.04999999999999998,0.2692307692307691,0.14285714285714282,16.000000000000004,0.11764705882352937,0.18181818181818182,0.3333333333333333,0.28,0.3333333333333332,0.714285714285714,0.9999999999999996,1.25,1.3,0.5,0.23076923076923067,0.7999999999999999,3.4942528735632186,19.48453608247423,0.3043478260869564,2.4000000000000004,0.4,0.0,0.0,0.0,0.0,0.0,0.36,0.0,4.1066666666666665,26.88607594936709,0.8548387096774189,0.3529411764705882,1.2037037037037037,0.0,0.6285714285714286,0.42857142857142855
2010-02-01,1.0999999999999994,0.6249999999999998,1.8354430379746836,0.6363636363636361,0.6875,0.5,0.78125,0.14492753623188404,0.1111111111111111,0.125,2.8656716417910446,2.8235294117647056,0.4102564102564101,0.5333333333333333,0.0,0.1764705882352941,0.4999999999999998,0.6352941176470588,3.013698630136986,0.0,17.448979591836736,0.9318181818181819,0.5769230769230766,6,1.25,0.04999999999999998,0.30769230769230754,0.14285714285714282,11.42857142857143,0.23529411764705874,0.09090909090909091,0.3333333333333333,0.14,0.3333333333333332,0.6428571428571426,0.8461538461538457,1.5,1.2000000000000002,0.5357142857142857,0.23076923076923067,0.9636363636363636,3.4942528735632186,19.948453608247423,0.2608695652173912,2.0,0.6000000000000001,0.0,0.0,0.0,0.0,0.0,0.36,0.0,3.64,36.59493670886076,0.7580645161290319,0.3529411764705882,0.9259259259259258,0.07407407407407406,0.6285714285714286,0.42857142857142855
2010-03-01,1.0999999999999994,0.7499999999999997,1.8354430379746836,0.6666666666666664,0.65625,0.5,0.65625,0.14492753623188404,0.2222222222222222,0.25,2.9552238805970146,3.411764705882353,0.5897435897435895,1.0666666666666667,0.09999999999999998,0.1764705882352941,0.6071428571428569,0.6352941176470588,3.287671232876712,0.0,18.612244897959183,1.0227272727272727,0.8076923076923073,6,1.25,0.04999999999999998,0.30769230769230754,0.14285714285714282,16.000000000000004,0.23529411764705874,0.09090909090909091,0.41666666666666663,0.28,0.3999999999999998,0.7857142857142854,0.8846153846153841,1.5,1.4000000000000001,0.5714285714285714,0.23076923076923067,0.9454545454545454,4.0,19.948453608247423,0.3043478260869564,2.8000000000000003,0.7000000000000001,0.0,0.0,0.0,0.0,0.0,0.48,0.0,3.4533333333333336,40.32911392405063,0.8548387096774189,0.3529411764705882,1.1111111111111112,0.0,0.6857142857142857,0.5714285714285714
2010-04-01,1.1999999999999993,0.8749999999999996,1.9620253164556964,0.7575757575757572,0.84375,0.7000000000000001,0.875,0.20289855072463767,0.2222222222222222,0.25,2.8208955223880596,3.2941176470588234,0.5128205128205126,1.0666666666666667,0.07999999999999999,0.1764705882352941,0.5714285714285712,0.8470588235294118,3.287671232876712,0.0,18.612244897959183,0.9772727272727273,0.5961538461538458,6,1.25,0.04999999999999998,0.30769230769230754,0.14285714285714282,16.000000000000004,0.23529411764705874,0.09090909090909091,0.3333333333333333,0.28,0.3333333333333332,0.9285714285714282,1.0384615384615379,1.5,1.3,0.5714285714285714,0.23076923076923067,1.0545454545454545,3.9080459770114944,20.876288659793815,0.34782608695652156,2.8000000000000003,0.6000000000000001,0.0,0.1,0.0,0.0,0.0,0.36,0.0,3.3600000000000003,48.54430379746835,0.7419354838709674,0.3529411764705882,1.2962962962962963,0.0,0.6285714285714286,0.5714285714285714
2010-05-01,1.1999999999999993,0.7499999999999997,2.278481012658228,0.727272727272727,0.84375,0.7000000000000001,1.03125,0.17391304347826086,0.2222222222222222,0.25,3.08955223880597,4.0,0.6410256410256407,1.0666666666666667,0.13999999999999999,0.1764705882352941,0.5714285714285712,1.2705882352941176,3.3561643835616435,0.0,19.387755102040817,1.0227272727272727,0.8076923076923073,7,1.5,0.09999999999999996,0.346153846153846,0.14285714285714282,18.28571428571429,0.23529411764705874,0.18181818181818182,0.41666666666666663,0.28,0.46666666666666645,0.7857142857142854,0.9999999999999996,1.25,1.5,0.5,0.23076923076923067,1.0909090909090908,3.4942528735632186,20.876288659793815,0.34782608695652156,2.4000000000000004,0.5,0.0,0.0,0.0,0.0,0.0,0.48,0.0,3.7333333333333334,57.506329113924046,0.9032258064516125,0.3529411764705882,1.574074074074074,0.11111111111111108,0.7428571428571429,0.6190476190476191
2010-06-01,0.9999999999999996,0.6249999999999998,2.3417721518987342,0.6969696969696967,0.875,0.6000000000000001,1.0625,0.14492753623188404,0.2222222222222222,0.25,3.0,3.764705882352941,0.6153846153846151,1.0666666666666667,0.11999999999999998,0.23529411764705882,0.4642857142857141,1.0588235294117647,3.287671232876712,0.0,18.224489795918366,0.9318181818181819,0.8461538461538457,6,1.25,0.04999999999999998,0.23076923076923067,0.14285714285714282,16.000000000000004,0.23529411764705874,0.18181818181818182,0.25,0.28,0.3333333333333332,0.7857142857142854,0.7692307692307688,1.0,1.1,0.3571428571428571,0.11538461538461534,1.0909090909090908,3.67816091954023,22.7319587628866,0.5217391304347824,2.0,0.4,0.0,0.0,0.0,0.0,0.0,0.48,0.0,4.013333333333334,59.0,0.8225806451612899,0.23529411764705882,1.4814814814814814,0.11111111111111108,0.6285714285714286,0.47619047619047616
2010-07-01,0.6999999999999996,0.4999999999999998,2.2151898734177218,0.6666666666666664,0.75,0.4,1.0,0.20289855072463767,0.2222222222222222,0.25,2.5970149253731343,3.8823529411764706,0.5897435897435895,1.0666666666666667,0.09999999999999998,0.11764705882352941,0.4285714285714284,1.0588235294117647,2.8767123287671232,0.0,19.0,1.0,0.5961538461538458,5,1.0,0.04999999999999998,0.1923076923076922,0.14285714285714282,13.714285714285715,0.23529411764705874,0.09090909090909091,0.16666666666666666,0.14,0.3333333333333332,0.714285714285714,0.7307692307692304,0.75,1.0,0.2857142857142857,0.11538461538461534,1.0,3.4942528735632186,42.680412371134025,0.5217391304347824,1.6,0.30000000000000004,0.0,0.0,0.0,0.0,0.0,0.36,0.0,4.573333333333333,59.0,0.7258064516129029,0.23529411764705882,1.2037037037037037,0.0,0.45714285714285713,0.3333333333333333
2010-08-01,0.7999999999999996,0.4999999999999998,2.088607594936709,0.6969696969696967,0.75,0.6000000000000001,0.96875,0.17391304347826086,0.1111111111111111,0.125,2.1492537313432836,3.6470588235294117,0.5128205128205126,1.0666666666666667,0.07999999999999999,0.11764705882352941,0.357142857142857,0.8470588235294118,2.3972602739726026,0.21212121212121213,16.6734693877551,0.7727272727272727,0.5769230769230766,5,1.0,0.04999999999999998,0.1923076923076922,0.14285714285714282,11.42857142857143,0.23529411764705874,0.09090909090909091,0.16666666666666666,0.14,0.3333333333333332,0.714285714285714,0.7307692307692304,0.75,0.9,0.3571428571428571,0.11538461538461534,0.9454545454545454,3.126436781609195,45.0,0.34782608695652156,1.6,0.30000000000000004,0.0,0.0,0.0,0.0,0.0,0.36,0.0,4.1066666666666665,56.75949367088607,0.7741935483870964,0.23529411764705882,1.1111111111111112,0.0,0.45714285714285713,0.23809523809523808
2010-09-01,0.6999999999999996,0.6249999999999998,1.708860759493671,0.6060606060606057,0.65625,0.5,0.75,0.14492753623188404,0.2222222222222222,0.25,2.059701492537313,3.2941176470588234,0.48717948717948695,1.0666666666666667,0.0,0.11764705882352941,0.3928571428571427,0.8470588235294118,2.328767123287671,0.0,13.959183673469386,0.6363636363636364,0.5769230769230766,5,1.0,0.04999999999999998,0.23076923076923067,0.14285714285714282,13.714285714285715,0.23529411764705874,0.09090909090909091,0.25,0.14,0.3999999999999998,0.714285714285714,0.8076923076923073,1.0,1.0,0.3571428571428571,0.23076923076923067,0.6727272727272727,3.0344827586206895,45.4639175257732,0.5652173913043476,2.0,0.5,0.0,0.0,0.0,0.0,0.0,0.24,0.0,3.8266666666666667,47.050632911392405,0.5161290322580643,0.23529411764705882,1.1111111111111112,0.0,0.6857142857142857,0.47619047619047616
2010-10-01,0.7999999999999996,0.7499999999999997,1.7721518987341773,0.5454545454545452,0.625,0.6000000000000001,0.71875,0.17391304347826086,0.1111111111111111,0.125,1.7462686567164178,3.6470588235294117,0.6153846153846151,1.0666666666666667,0.07999999999999999,0.11764705882352941,0.4642857142857141,1.0588235294117647,2.671232876712329,0.0,13.959183673469386,0.7272727272727273,0.4999999999999998,5,1.25,0.04999999999999998,0.23076923076923067,0.14285714285714282,13.714285714285715,0.23529411764705874,0.09090909090909091,0.3333333333333333,0.14,0.3333333333333332,0.6428571428571426,0.7692307692307688,1.25,1.2000000000000002,0.39285714285714285,0.23076923076923067,0.7999999999999999,3.1724137931034484,41.75257731958763,0.5652173913043476,2.0,0.5,0.0,0.0,0.0,0.0,0.0,0.36,0.05555555555555555,3.7333333333333334,36.59493670886076,0.5483870967741933,0.23529411764705882,1.0185185185185184,0.07407407407407406,0.6857142857142857,0.42857142857142855
2010-11-01,0.7999999999999996,0.7499999999999997,1.7721518987341773,0.5151515151515149,0.65625,0.6000000000000001,0.90625,0.17391304347826086,0.1111111111111111,0.125,1.7910447761194028,3.6470588235294117,0.6410256410256407,1.0666666666666667,0.05999999999999999,0.1764705882352941,0.3928571428571427,1.2705882352941176,2.8767123287671232,0.0,13.183673469387754,0.7045454545454546,0.5192307692307689,5,1.0,0.04999999999999998,0.23076923076923067,0.14285714285714282,16.000000000000004,0.23529411764705874,0.18181818181818182,0.3333333333333333,0.14,0.3999999999999998,0.714285714285714,0.692307692307692,1.25,1.1,0.42857142857142855,0.23076923076923067,0.7636363636363636,2.896551724137931,43.144329896907216,0.5217391304347824,2.4000000000000004,0.5,0.0,0.0,0.0,0.0,0.0,0.48,0.0,3.7333333333333334,25.39240506329114,0.6290322580645158,0.23529411764705882,1.3888888888888888,0.07407407407407406,0.6857142857142857,0.47619047619047616
2010-12-01,0.8999999999999996,0.6249999999999998,2.151898734177215,0.7575757575757572,0.8125,0.9,1.0,0.2608695652173913,0.2222222222222222,0.375,2.1044776119402986,4.9411764705882355,0.9999999999999996,1.0666666666666667,0.09999999999999998,0.1764705882352941,0.3928571428571427,1.6941176470588235,2.9452054794520546,0.0,15.510204081632653,0.7727272727272727,0.5576923076923074,7,1.0,0.04999999999999998,0.2692307692307691,0.14285714285714282,20.571428571428573,0.23529411764705874,0.18181818181818182,0.41666666666666663,0.14,0.5333333333333331,0.714285714285714,0.7307692307692304,1.25,1.4000000000000001,0.46428571428571425,0.34615384615384603,0.9272727272727272,2.7586206896551726,46.391752577319586,0.7391304347826083,2.4000000000000004,0.5,0.0,0.0,0.0,0.0,0.0,0.48,0.05555555555555555,4.8533333333333335,21.658227848101266,0.6451612903225803,0.47058823529411764,1.6666666666666665,0.11111111111111108,0.5714285714285714,0.3333333333333333
2011-01-01,1.1999999999999993,0.8749999999999996,3.607594936708861,1.1818181818181812,1.40625,0.9,1.5625,0.2608695652173913,0.2222222222222222,0.375,3.2686567164179103,4.9411764705882355,0.9999999999999996,1.6,0.11999999999999998,0.23529411764705882,0.5714285714285712,1.6941176470588235,4.041095890410959,0.21212121212121213,23.653061224489797,1.2045454545454546,1.0576923076923073,8,1.5,0.09999999999999996,0.3846153846153844,0.14285714285714282,25.142857142857146,0.3529411764705881,0.2727272727272727,0.6666666666666666,0.14,0.5999999999999998,0.9999999999999996,0.8846153846153841,1.75,1.8,0.5714285714285714,0.5769230769230766,1.1818181818181817,3.7701149425287355,29.226804123711343,0.8695652173913039,3.2,0.7000000000000001,0.0,0.0,0.0,0.0,0.0,0.6,0.05555555555555555,5.32,28.379746835443036,0.951612903225806,0.5882352941176471,1.574074074074074,0.11111111111111108,0.7999999999999999,0.5238095238095237
2011-02-01,1.699999999999999,1.1249999999999996,4.113924050632912,1.3333333333333328,1.8125,1.4000000000000001,1.6875,0.49275362318840576,0.4444444444444444,0.75,3.4029850746268653,6.9411764705882355,1.7179487179487172,1.6,0.15999999999999998,0.29411764705882354,0.7499999999999997,2.7529411764705882,4.589041095890411,0.21212121212121213,25.97959183673469,1.4090909090909092,1.1153846153846148,12,2.0,0.14999999999999994,0.3846153846153844,0.14285714285714282,43.42857142857144,0.5882352941176469,0.5454545454545454,1.5,0.28,0.7333333333333331,1.071428571428571,0.8461538461538457,2.5,2.8000000000000003,0.8571428571428571,1.1538461538461533,1.3636363636363635,3.8160919540229883,28.762886597938145,1.1739130434782603,4.4,1.1,0.0,0.0,0.0,0.0,0.0,0.72,0.05555555555555555,4.666666666666667,38.835443037974684,1.0967741935483866,1.1764705882352942,1.574074074074074,0.11111111111111108,0.9142857142857143,0.8095238095238095
2011-03-01,2.5999999999999988,1.4999999999999993,5.253164556962026,1.878787878787878,2.5625,2.1,2.09375,0.8115942028985507,0.7777777777777777,1.375,4.164179104477611,11.529411764705882,2.564102564102563,3.2,0.19999999999999996,0.4117647058823529,0.9642857142857139,4.447058823529412,5.821917808219178,0.42424242424242425,37.224489795918366,2.022727272727273,1.4423076923076916,16,3.25,0.24999999999999992,0.692307692307692,0.28571428571428564,66.28571428571429,0.941176470588235,1.0,2.1666666666666665,0.42000000000000004,0.9999999999999996,1.1428571428571423,0.9615384615384611,3.25,3.7,1.0,1.9615384615384608,1.5454545454545454,4.137931034482759,31.082474226804123,1.6956521739130426,6.0,1.3,0.0,0.0,0.0,0.0,0.0,0.96,0.1111111111111111,4.8533333333333335,47.050632911392405,1.3870967741935478,2.0,1.759259259259259,0.18518518518518515,0.9142857142857143,0.7619047619047619
2011-04-01,2.7999999999999985,1.6249999999999993,6.075949367088608,2.0606060606060597,3.125,2.1,2.28125,0.753623188405797,0.5555555555555556,1.125,4.432835820895522,11.76470588235294,2.4615384615384603,3.2,0.19999999999999996,0.4117647058823529,1.071428571428571,5.08235294117647,6.027397260273972,0.21212121212121213,38.775510204081634,2.159090909090909,1.8076923076923068,18,3.5,0.24999999999999992,0.7307692307692304,0.28571428571428564,68.57142857142858,0.941176470588235,0.9090909090909092,2.083333333333333,0.42000000000000004,1.0666666666666662,1.3571428571428565,1.0384615384615379,3.5,4.1000000000000005,1.107142857142857,2.9999999999999987,1.7454545454545454,4.0,30.15463917525773,2.478260869565216,6.4,1.5,0.0,0.0,0.0,0.0,0.0,0.96,0.1111111111111111,5.133333333333334,53.0253164556962,1.4677419354838703,2.235294117647059,2.1296296296296293,0.1481481481481481,0.9142857142857143,0.8095238095238095
2011-05-01,2.5999999999999988,1.6249999999999993,6.329113924050633,2.0606060606060597,2.90625,1.9000000000000001,2.59375,0.6376811594202898,0.5555555555555556,0.875,4.477611940298507,11.529411764705882,2.487179487179486,3.2,0.11999999999999998,0.3529411764705882,0.9999999999999996,6.776470588235294,6.506849315068493,0.42424242424242425,37.61224489795918,2.272727272727273,1.6153846153846145,17,3.25,0.19999999999999993,0.5769230769230766,0.28571428571428564,64.00000000000001,0.941176470588235,0.7272727272727273,2.0,0.56,1.0666666666666662,1.1428571428571423,0.9999999999999996,3.0,3.4000000000000004,0.9285714285714285,2.192307692307691,1.8181818181818181,4.137931034482759,32.01030927835052,2.434782608695651,5.6000000000000005,1.3,0.0,0.0,0.0,0.0,0.0,1.2,0.16666666666666666,5.133333333333334,64.9746835443038,1.4032258064516123,1.6470588235294117,2.5,0.1481481481481481,0.9142857142857143,0.8095238095238095
2011-06-01,1.5999999999999992,1.1249999999999996,4.6835443037974684,1.4848484848484842,1.9375,1.3,2.28125,0.4347826086956521,0.3333333333333333,0.5,3.9402985074626864,8.705882352941176,1.6153846153846148,2.6666666666666665,0.13999999999999999,0.1764705882352941,0.6071428571428569,5.294117647058823,6.438356164383562,0.21212121212121213,32.183673469387756,2.0454545454545454,1.2307692307692302,11,2.25,0.09999999999999996,0.42307692307692285,0.14285714285714282,38.85714285714286,0.7058823529411762,0.36363636363636365,0.9166666666666666,0.28,0.8666666666666663,1.071428571428571,0.9999999999999996,1.75,1.9000000000000001,0.5,0.8076923076923074,1.5999999999999999,4.137931034482759,33.8659793814433,1.565217391304347,4.0,0.8,0.0,0.0,0.0,0.0,0.0,1.08,0.1111111111111111,5.693333333333333,67.9620253164557,1.3387096774193543,0.8235294117647058,2.5925925925925926,0.11111111111111108,0.7428571428571429,0.5714285714285714
2011-07-01,1.2999999999999994,1.1249999999999996,5.0,1.5151515151515145,2.0,1.2000000000000002,2.8125,0.3768115942028985,0.2222222222222222,0.5,3.805970149253731,8.0,1.384615384615384,2.6666666666666665,0.17999999999999997,0.1764705882352941,0.4285714285714284,4.447058823529412,5.616438356164383,0.21212121212121213,32.183673469387756,1.7954545454545454,1.3269230769230762,9,1.75,0.04999999999999998,0.3846153846153844,0.14285714285714282,32.00000000000001,0.5882352941176469,0.2727272727272727,0.6666666666666666,0.28,0.7333333333333331,1.071428571428571,0.8076923076923073,1.5,1.6,0.46428571428571425,0.5769230769230766,1.6727272727272726,3.67816091954023,37.577319587628864,1.347826086956521,3.2,0.6000000000000001,0.0,0.0,0.0,0.0,0.0,0.84,0.05555555555555555,5.6000000000000005,74.68354430379746,1.274193548387096,0.7058823529411764,2.7777777777777777,0.11111111111111108,0.6285714285714286,0.42857142857142855
2011-08-01,1.2999999999999994,0.9999999999999996,4.556962025316456,1.4242424242424236,1.6875,1.0,2.5625,0.34782608695652173,0.2222222222222222,0.375,3.5373134328358207,6.588235294117647,1.307692307692307,2.6666666666666665,0.11999999999999998,0.23529411764705882,0.6428571428571426,4.658823529411765,5.0,0.21212121212121213,28.693877551020407,1.6590909090909092,1.1730769230769225,10,1.75,0.09999999999999996,0.3846153846153844,0.14285714285714282,32.00000000000001,0.5882352941176469,0.2727272727272727,0.6666666666666666,0.28,0.6666666666666664,1.071428571428571,0.9230769230769227,1.75,1.6,0.5,0.46153846153846134,1.5636363636363635,3.3563218390804597,33.8659793814433,1.5217391304347818,3.6,0.8,0.0,0.0,0.0,0.0,0.0,0.84,0.1111111111111111,5.32,61.24050632911392,1.112903225806451,0.5882352941176471,2.1296296296296293,0.11111111111111108,0.6285714285714286,0.5238095238095237
2011-09-01,1.2999999999999994,0.9999999999999996,4.367088607594937,1.2727272727272723,1.6875,1.0,2.65625,0.34782608695652173,0.2222222222222222,0.375,3.2686567164179103,6.117647058823529,1.2307692307692302,2.1333333333333333,0.13999999999999999,0.1764705882352941,0.6428571428571426,4.235294117647059,4.589041095890411,0.21212121212121213,25.97959183673469,1.340909090909091,1.0769230769230764,8,1.75,0.09999999999999996,0.3846153846153844,0.14285714285714282,27.42857142857143,0.5882352941176469,0.2727272727272727,0.6666666666666666,0.28,0.6666666666666664,1.1428571428571423,1.0384615384615379,1.75,1.7000000000000002,0.46428571428571425,0.46153846153846134,1.218181818181818,3.126436781609195,32.93814432989691,1.3043478260869559,3.6,0.9,0.0,0.0,0.0,0.0,0.0,0.72,0.05555555555555555,5.04,56.75949367088607,1.1612903225806446,0.5882352941176471,1.9444444444444444,0.07407407407407406,0.9714285714285714,0.8095238095238095
2011-10-01,1.1999999999999993,0.9999999999999996,3.4810126582278484,1.1818181818181812,1.40625,0.8,1.71875,0.23188405797101447,0.2222222222222222,0.375,2.6417910447761193,5.647058823529411,1.1538461538461533,2.1333333333333333,0.13999999999999999,0.1764705882352941,0.5714285714285712,4.447058823529412,4.726027397260274,0.21212121212121213,22.489795918367346,1.3181818181818181,0.9615384615384611,8,1.75,0.09999999999999996,0.3846153846153844,0.14285714285714282,25.142857142857146,0.4705882352941175,0.2727272727272727,0.5833333333333333,0.28,0.6666666666666664,0.9999999999999996,0.9615384615384611,1.75,1.5,0.5714285714285714,0.34615384615384603,1.1090909090909091,3.218390804597701,32.01030927835052,1.2608695652173907,3.6,0.8,0.0,0.0,0.0,0.0,0.0,0.72,0.1111111111111111,4.8533333333333335,44.063291139240505,0.983870967741935,0.47058823529411764,1.9444444444444444,0.1481481481481481,0.7999999999999999,0.6666666666666666
2011-11-01,1.1999999999999993,0.9999999999999996,2.9746835443037978,0.9999999999999996,1.09375,0.7000000000000001,1.40625,0.23188405797101447,0.2222222222222222,0.25,2.1044776119402986,4.705882352941177,0.9230769230769227,2.1333333333333333,0.07999999999999999,0.1764705882352941,0.4999999999999998,4.023529411764706,4.2465753424657535,0.21212121212121213,20.551020408163264,1.1818181818181819,0.7884615384615381,7,1.5,0.04999999999999998,0.2692307692307691,0.14285714285714282,20.571428571428573,0.4705882352941175,0.18181818181818182,0.41666666666666663,0.14,0.6666666666666664,0.9999999999999996,0.8461538461538457,1.25,1.3,0.46428571428571425,0.23076923076923067,1.0545454545454545,3.5402298850574714,29.690721649484537,0.9999999999999994,2.8000000000000003,0.6000000000000001,0.0,0.0,0.0,0.0,0.0,0.72,0.05555555555555555,4.386666666666667,32.860759493670884,0.8870967741935479,0.47058823529411764,2.2222222222222223,0.1481481481481481,0.7428571428571429,0.6190476190476191
2011-12-01,1.0999999999999994,0.8749999999999996,2.6582278481012658,0.8181818181818178,1.0,0.7000000000000001,1.25,0.2608695652173913,0.2222222222222222,0.375,1.7910447761194028,4.823529411764706,0.9230769230769227,1.6,0.07999999999999999,0.11764705882352941,0.4285714285714284,3.8117647058823527,4.2465753424657535,0.21212121212121213,19.387755102040817,1.1136363636363638,0.8461538461538457,7,1.5,0.04999999999999998,0.30769230769230754,0.14285714285714282,20.571428571428573,0.3529411764705881,0.18181818181818182,0.41666666666666663,0.14,0.5999999999999998,0.9285714285714282,0.8076923076923073,1.25,1.3,0.46428571428571425,0.23076923076923067,1.018181818181818,3.5402298850574714,29.690721649484537,0.9999999999999994,2.8000000000000003,0.6000000000000001,0.0,0.0,0.0,0.0,0.0,0.72,0.05555555555555555,5.693333333333333,26.139240506329113,0.7741935483870964,0.47058823529411764,2.5,0.11111111111111108,0.6285714285714286,0.47619047619047616
2012-01-01,1.3999999999999992,1.1249999999999996,3.5443037974683547,1.06060606060606,1.3125,0.9,2.03125,0.28985507246376807,0.2222222222222222,0.375,2.373134328358209,5.529411764705882,1.1538461538461533,2.1333333333333333,0.09999999999999998,0.23529411764705882,0.6785714285714283,3.6,4.794520547945205,0.21212121212121213,23.653061224489797,1.25,0.9807692307692303,10,2.0,0.09999999999999996,0.3846153846153844,0.14285714285714282,27.42857142857143,0.4705882352941175,0.2727272727272727,0.6666666666666666,0.28,0.7333333333333331,1.071428571428571,0.8846153846153841,1.5,1.7000000000000002,0.6428571428571428,0.46153846153846134,1.2909090909090908,3.9080459770114944,29.226804123711343,1.1304347826086951,4.0,0.8,0.0,0.0,0.0,0.0,0.0,0.72,0.1111111111111111,5.413333333333334,29.873417721518987,0.9999999999999996,0.5882352941176471,1.9444444444444444,0.11111111111111108,0.7999999999999999,0.6190476190476191
2012-02-01,3.1999999999999984,2.374999999999999,5.063291139240507,1.6666666666666659,2.3125,1.6,2.65625,0.753623188405797,0.6666666666666666,1.375,3.6268656716417906,8.470588235294118,1.6666666666666659,2.6666666666666665,0.11999999999999998,0.3529411764705882,1.178571428571428,3.8117647058823527,6.095890410958904,0.21212121212121213,30.632653061224488,1.7045454545454546,1.307692307692307,17,4.75,0.19999999999999993,0.6538461538461535,0.28571428571428564,52.57142857142858,0.8235294117647056,1.0909090909090908,1.5833333333333333,0.42000000000000004,0.8666666666666663,1.2142857142857137,0.9999999999999996,3.25,3.4000000000000004,0.9285714285714285,2.076923076923076,1.5454545454545454,4.091954022988506,30.15463917525773,1.565217391304347,6.800000000000001,1.6,0.0,0.0,0.0,0.0,0.0,0.84,0.1111111111111111,5.413333333333334,37.34177215189873,1.1935483870967736,1.7647058823529411,1.8518518518518516,0.18518518518518515,0.9714285714285714,0.8571428571428571
2012-03-01,3.699999999999998,2.374999999999999,5.9493670886075956,2.1818181818181808,2.75,1.6,2.8125,0.6956521739130435,0.6666666666666666,1.125,3.8955223880597014,9.647058823529411,1.871794871794871,3.2,0.15999999999999998,0.4117647058823529,1.2499999999999996,4.447058823529412,6.8493150684931505,0.42424242424242425,34.12244897959184,1.7954545454545454,1.48076923076923,17,5.0,0.19999999999999993,0.7307692307692304,0.28571428571428564,57.14285714285715,0.941176470588235,0.9090909090909092,1.6666666666666665,0.42000000000000004,0.9999999999999996,1.6428571428571421,1.0769230769230764,3.25,3.5,0.9642857142857142,2.423076923076922,1.6727272727272726,4.597701149425287,27.835051546391753,1.8260869565217381,7.2,1.5,0.0,0.0,0.0,0.0,0.0,1.08,0.16666666666666666,5.693333333333333,47.79746835443038,1.4516129032258058,2.1176470588235294,2.314814814814815,0.1481481481481481,1.0285714285714285,0.8095238095238095
2012-04-01,2.299999999999999,1.4999999999999993,5.886075949367089,2.0303030303030294,2.6875,1.2000000000000002,2.65625,0.49275362318840576,0.4444444444444444,0.75,3.671641791044776,7.88235294117647,1.2307692307692302,3.2,0.13999999999999999,0.29411764705882354,0.9999999999999996,3.388235294117647,5.410958904109589,0.21212121212121213,34.12244897959184,1.590909090909091,1.5769230769230762,12,3.0,0.14999999999999994,0.6153846153846151,0.28571428571428564,38.85714285714286,0.8235294117647056,0.5454545454545454,1.0,0.28,0.6666666666666664,1.2857142857142851,1.0384615384615379,2.25,2.1,0.8214285714285714,1.2692307692307687,1.6545454545454545,4.459770114942529,28.762886597938145,1.1739130434782603,5.2,1.1,0.0,0.0,0.0,0.0,0.0,0.96,0.1111111111111111,5.506666666666667,58.25316455696203,1.4516129032258058,1.4117647058823528,2.314814814814815,0.1481481481481481,0.9714285714285714,0.8571428571428571
2012-05-01,1.899999999999999,1.3749999999999993,4.6835443037974684,1.6666666666666659,2.0,1.0,2.21875,0.5507246376811593,0.4444444444444444,0.75,3.2238805970149254,7.411764705882353,1.2051282051282046,3.2,0.11999999999999998,0.29411764705882354,0.8928571428571425,3.6,5.9589041095890405,0.21212121212121213,29.46938775510204,1.5227272727272727,1.5192307692307685,11,2.5,0.14999999999999994,0.46153846153846134,0.28571428571428564,32.00000000000001,0.7058823529411762,0.5454545454545454,0.8333333333333333,0.28,0.7333333333333331,1.2857142857142851,0.9615384615384611,1.75,1.8,0.5714285714285714,0.6923076923076921,1.6181818181818182,4.2298850574712645,28.29896907216495,1.1739130434782603,4.800000000000001,0.8,0.0,0.0,0.0,0.0,0.0,0.96,0.05555555555555555,6.066666666666667,64.9746835443038,1.1935483870967736,0.9411764705882353,2.4074074074074074,0.1481481481481481,0.9142857142857143,0.8095238095238095
2012-06-01,1.5999999999999992,1.1249999999999996,4.367088607594937,1.575757575757575,1.875,1.1,2.0625,0.608695652173913,0.4444444444444444,0.625,3.044776119402985,8.117647058823529,1.384615384615384,3.2,0.15999999999999998,0.29411764705882354,0.6785714285714283,3.6,5.684931506849315,0.42424242424242425,27.918367346938773,1.4318181818181819,1.2499999999999993,11,2.25,0.09999999999999996,0.42307692307692285,0.28571428571428564,34.28571428571429,0.941176470588235,0.5454545454545454,0.8333333333333333,0.28,0.7999999999999996,1.1428571428571423,0.8076923076923073,1.5,1.5,0.5,0.46153846153846134,1.5636363636363635,4.32183908045977,29.226804123711343,1.4782608695652166,4.0,0.7000000000000001,0.0,0.0,0.0,0.0,0.0,1.08,0.1111111111111111,6.066666666666667,70.20253164556962,1.0322580645161286,0.8235294117647058,2.5925925925925926,0.18518518518518515,0.7428571428571429,0.6190476190476191
2012-07-01,1.1999999999999993,0.9999999999999996,4.4303797468354436,1.4848484848484842,1.75,1.0,2.21875,0.46376811594202894,0.3333333333333333,0.5,3.044776119402985,7.647058823529411,1.3589743589743584,3.2,0.11999999999999998,0.1764705882352941,0.5357142857142855,3.388235294117647,5.205479452054794,0.42424242424242425,28.30612244897959,1.4090909090909092,1.2692307692307687,9,1.75,0.09999999999999996,0.30769230769230754,0.14285714285714282,27.42857142857143,0.8235294117647056,0.36363636363636365,0.6666666666666666,0.28,0.5999999999999998,1.1428571428571423,0.8076923076923073,1.25,1.2000000000000002,0.3571428571428571,0.34615384615384603,1.5636363636363635,3.5402298850574714,29.226804123711343,1.1304347826086951,3.2,0.5,0.0,0.0,0.0,0.0,0.0,0.96,0.1111111111111111,6.720000000000001,67.21518987341771,1.1290322580645156,0.5882352941176471,2.5,0.11111111111111108,0.6857142857142857,0.5714285714285714
2012-08-01,1.3999999999999992,1.1249999999999996,3.924050632911393,1.3333333333333328,1.53125,1.0,1.875,0.5507246376811593,0.3333333333333333,0.5,2.6865671641791042,8.470588235294118,1.6153846153846148,3.2,0.13999999999999999,0.23529411764705882,0.5714285714285712,3.6,4.520547945205479,0.42424242424242425,26.755102040816325,1.2045454545454546,1.1153846153846148,10,2.0,0.09999999999999996,0.346153846153846,0.14285714285714282,34.28571428571429,0.8235294117647056,0.36363636363636365,0.75,0.42000000000000004,0.7333333333333331,1.071428571428571,0.7692307692307688,1.5,1.6,0.39285714285714285,0.6923076923076921,1.4909090909090907,2.942528735632184,28.762886597938145,1.4782608695652166,4.0,0.7000000000000001,0.0,0.0,0.0,0.0,0.0,1.08,0.1111111111111111,7.0,58.25316455696203,1.0967741935483866,0.7058823529411764,2.5925925925925926,0.22222222222222215,0.7428571428571429,0.5714285714285714
2012-09-01,2.199999999999999,1.6249999999999993,4.2405063291139244,1.4242424242424236,1.6875,1.0,1.875,0.40579710144927533,0.3333333333333333,0.375,2.7761194029850746,7.411764705882353,1.3333333333333328,3.2,0.19999999999999996,0.29411764705882354,0.9285714285714282,3.176470588235294,4.178082191780821,0.21212121212121213,26.36734693877551,1.0227272727272727,1.1153846153846148,12,3.25,0.14999999999999994,0.46153846153846134,0.28571428571428564,34.28571428571429,0.8235294117647056,0.2727272727272727,0.9166666666666666,0.28,0.7999999999999996,1.3571428571428565,0.9230769230769227,2.25,2.0,0.5,0.8076923076923074,1.2727272727272727,2.7126436781609193,28.762886597938145,1.347826086956521,5.6000000000000005,1.2000000000000002,0.0,0.0,0.0,0.0,0.0,0.96,0.1111111111111111,5.973333333333334,50.78481012658228,1.14516129032258,1.0588235294117647,2.5925925925925926,0.1481481481481481,1.2,0.9523809523809523
2012-10-01,2.8999999999999986,1.8749999999999991,3.7341772151898738,1.3030303030303025,1.4375,1.3,1.53125,1.9999999999999998,1.3333333333333333,3.5,2.417910447761194,8.352941176470589,1.6153846153846148,4.8,0.25999999999999995,0.29411764705882354,1.0357142857142851,4.023529411764706,4.315068493150685,0.6363636363636364,22.877551020408163,0.7954545454545455,0.9423076923076918,17,4.0,0.19999999999999993,0.5769230769230766,0.28571428571428564,52.57142857142858,1.7647058823529405,2.090909090909091,1.4166666666666665,0.56,0.9999999999999996,1.2857142857142851,0.9230769230769227,2.75,2.8000000000000003,0.7857142857142857,1.6153846153846148,1.2,2.528735632183908,28.29896907216495,1.6086956521739122,6.800000000000001,1.3,0.0,0.0,0.0,0.0,0.0,1.08,0.16666666666666666,5.88,37.34177215189873,1.0322580645161286,1.5294117647058822,2.5,0.18518518518518515,1.1428571428571428,0.9047619047619047
2012-11-01,1.4999999999999993,1.2499999999999996,3.227848101265823,1.0909090909090904,1.25,1.0,1.59375,0.5217391304347826,0.3333333333333333,0.5,2.1044776119402986,6.352941176470588,1.1538461538461533,3.7333333333333334,0.21999999999999997,0.23529411764705882,0.6428571428571426,6.141176470588235,4.2465753424657535,0.42424242424242425,21.3265306122449,0.7954545454545455,0.9038461538461534,11,2.25,0.09999999999999996,0.346153846153846,0.14285714285714282,32.00000000000001,0.941176470588235,0.36363636363636365,1.0,0.28,1.1333333333333329,2.2857142857142847,0.9999999999999996,1.75,1.7000000000000002,0.5714285714285714,0.46153846153846134,1.1272727272727272,2.4367816091954024,31.082474226804123,1.3043478260869559,4.0,0.7000000000000001,0.0,0.0,0.0,0.0,0.0,1.08,0.1111111111111111,8.866666666666667,26.88607594936709,0.9032258064516125,0.8235294117647058,3.148148148148148,0.18518518518518515,1.0285714285714285,0.9047619047619047
2012-12-01,0.9999999999999996,0.7499999999999997,2.7215189873417724,0.8181818181818178,0.90625,0.8,1.4375,0.3768115942028985,0.3333333333333333,0.375,1.7910447761194028,5.0588235294117645,0.9230769230769227,2.6666666666666665,0.11999999999999998,0.1764705882352941,0.4642857142857141,2.541176470588235,3.767123287671233,0.21212121212121213,18.224489795918366,0.8636363636363636,0.7307692307692304,8,1.5,0.09999999999999996,0.23076923076923067,0.14285714285714282,20.571428571428573,0.7058823529411762,0.18181818181818182,0.5833333333333333,0.14,0.5999999999999998,1.071428571428571,0.8076923076923073,1.0,0.9,0.39285714285714285,0.23076923076923067,0.9454545454545454,2.4827586206896552,27.37113402061856,0.9999999999999994,2.8000000000000003,0.5,0.0,0.0,0.0,0.0,0.0,0.72,0.05555555555555555,6.253333333333334,26.139240506329113,0.8225806451612899,0.47058823529411764,3.0555555555555554,0.18518518518518515,0.6857142857142857,0.5714285714285714
2013-01-01,1.0999999999999994,0.8749999999999996,3.037974683544304,1.0303030303030298,1.03125,0.7000000000000001,1.34375,0.34782608695652173,0.3333333333333333,0.375,2.059701492537313,5.176470588235294,0.8717948717948714,2.6666666666666665,0.11999999999999998,0.1764705882352941,0.5714285714285712,2.1176470588235294,4.041095890410959,0.21212121212121213,19.387755102040817,0.9090909090909092,0.7692307692307688,8,1.5,0.09999999999999996,0.30769230769230754,0.14285714285714282,20.571428571428573,0.5882352941176469,0.2727272727272727,0.5,0.28,0.5333333333333331,1.071428571428571,0.8076923076923073,1.25,1.0,0.6071428571428571,0.34615384615384603,1.0545454545454545,2.6206896551724137,27.835051546391753,0.9999999999999994,3.2,0.6000000000000001,0.0,0.0,0.0,0.0,0.0,0.72,0.05555555555555555,6.16,26.88607594936709,0.9354838709677415,0.47058823529411764,2.1296296296296293,0.11111111111111108,0.9142857142857143,0.8095238095238095
2013-02-01,1.5999999999999992,1.2499999999999996,3.3544303797468356,1.0909090909090904,1.3125,1.0,1.5,0.5507246376811593,0.5555555555555556,0.875,2.2835820895522385,7.529411764705882,1.4358974358974352,3.2,0.13999999999999999,0.23529411764705882,0.7499999999999997,2.9647058823529413,4.4520547945205475,0.42424242424242425,23.26530612244898,0.8636363636363636,0.9230769230769227,10,2.25,0.09999999999999996,0.42307692307692285,0.14285714285714282,34.28571428571429,0.941176470588235,0.6363636363636364,0.9166666666666666,0.28,0.7333333333333331,1.2142857142857137,0.8846153846153841,1.75,1.7000000000000002,0.8214285714285714,1.3846153846153841,1.2363636363636363,2.6206896551724137,25.051546391752577,1.3043478260869559,4.4,0.9,0.0,0.0,0.0,0.0,0.0,0.72,0.1111111111111111,5.6000000000000005,34.35443037974684,1.0967741935483866,0.7058823529411764,2.0370370370370368,0.1481481481481481,1.0285714285714285,0.9047619047619047
2013-03-01,1.2999999999999994,1.1249999999999996,3.4810126582278484,1.151515151515151,1.34375,0.8,1.53125,0.4347826086956521,0.3333333333333333,0.5,2.417910447761194,5.88235294117647,0.9999999999999996,3.2,0.13999999999999999,0.1764705882352941,0.6785714285714283,2.541176470588235,4.589041095890411,0.21212121212121213,22.877551020408163,0.8863636363636364,0.9999999999999996,9,2.0,0.09999999999999996,0.346153846153846,0.14285714285714282,22.85714285714286,0.8235294117647056,0.36363636363636365,0.5833333333333333,0.28,0.5999999999999998,1.1428571428571423,0.8461538461538457,1.25,1.0,0.75,0.34615384615384603,1.1818181818181817,2.8045977011494254,26.90721649484536,1.0434782608695647,4.0,0.7000000000000001,0.0,0.0,0.0,0.0,0.0,0.6,0.05555555555555555,5.786666666666667,41.82278481012658,1.0645161290322576,0.5882352941176471,2.1296296296296293,0.1481481481481481,0.9142857142857143,0.8095238095238095
2013-04-01,1.1999999999999993,1.1249999999999996,3.037974683544304,1.06060606060606,1.21875,0.7000000000000001,1.28125,0.34782608695652173,0.2222222222222222,0.375,2.2388059701492535,4.823529411764706,0.7692307692307689,2.6666666666666665,0.13999999999999999,0.23529411764705882,0.6785714285714283,2.3294117647058825,4.315068493150685,0.21212121212121213,21.3265306122449,0.9772727272727273,1.0192307692307687,8,1.75,0.09999999999999996,0.3846153846153844,0.14285714285714282,20.571428571428573,0.7058823529411762,0.2727272727272727,0.6666666666666666,0.28,0.5333333333333331,1.2857142857142851,0.9615384615384611,1.25,1.0,0.6071428571428571,0.34615384615384603,1.1818181818181817,3.264367816091954,25.515463917525775,0.9999999999999994,3.2,0.6000000000000001,0.0,0.0,0.0,0.0,0.0,0.72,0.1111111111111111,5.04,52.278481012658226,0.9354838709677415,0.47058823529411764,2.5925925925925926,0.1481481481481481,0.9714285714285714,0.8571428571428571
2013-05-01,1.2999999999999994,0.9999999999999996,2.9746835443037978,1.1212121212121207,1.125,0.9,1.375,0.3768115942028985,0.3333333333333333,0.5,2.373134328358209,6.352941176470588,0.9999999999999996,3.2,0.11999999999999998,0.23529411764705882,0.7499999999999997,2.541176470588235,5.205479452054794,0.21212121212121213,21.3265306122449,1.1818181818181819,0.9999999999999996,9,1.75,0.09999999999999996,0.3846153846153844,0.14285714285714282,27.42857142857143,0.8235294117647056,0.36363636363636365,0.75,0.42000000000000004,0.7333333333333331,1.2142857142857137,0.8846153846153841,1.25,1.1,0.42857142857142855,0.6923076923076921,1.2,2.9885057471264367,25.515463917525775,1.08695652173913,3.6,0.6000000000000001,0.0,0.0,0.0,0.0,0.0,0.72,0.1111111111111111,5.693333333333333,55.265822784810126,0.983870967741935,0.5882352941176471,2.962962962962963,0.18518518518518515,0.8571428571428571,0.8095238095238095
2013-06-01,1.1999999999999993,0.8749999999999996,3.3544303797468356,1.1818181818181812,1.25,0.9,1.46875,0.3768115942028985,0.3333333333333333,0.375,2.417910447761194,6.0,0.9999999999999996,3.7333333333333334,0.13999999999999999,0.1764705882352941,0.5714285714285712,2.9647058823529413,5.205479452054794,0.42424242424242425,23.653061224489797,0.9772727272727273,1.0576923076923073,9,1.5,0.09999999999999996,0.30769230769230754,0.14285714285714282,27.42857142857143,0.8235294117647056,0.36363636363636365,0.5833333333333333,0.28,0.7333333333333331,1.1428571428571423,0.8076923076923073,1.25,1.1,0.42857142857142855,0.8076923076923074,1.2545454545454544,2.896551724137931,25.515463917525775,1.7391304347826078,3.2,0.6000000000000001,0.0,0.0,0.0,0.0,0.0,0.84,0.1111111111111111,6.626666666666667,63.48101265822785,0.919354838709677,0.5882352941176471,3.4259259259259256,0.1481481481481481,0.7428571428571429,0.6190476190476191
2013-07-01,1.0999999999999994,0.8749999999999996,3.7341772151898738,1.2121212121212115,1.375,0.9,1.78125,0.3768115942028985,0.3333333333333333,0.5,2.373134328358209,6.235294117647059,1.0769230769230764,4.266666666666667,0.17999999999999997,0.1764705882352941,0.6428571428571426,2.9647058823529413,5.0,0.21212121212121213,24.04081632653061,0.8636363636363636,0.9999999999999996,8,1.5,0.09999999999999996,0.3846153846153844,0.14285714285714282,25.142857142857146,0.8235294117647056,0.36363636363636365,0.75,0.14,0.7999999999999996,1.1428571428571423,0.8076923076923073,1.25,1.0,0.46428571428571425,0.34615384615384603,1.2545454545454544,2.8045977011494254,24.587628865979383,1.2608695652173907,3.2,0.6000000000000001,0.0,0.0,0.0,0.0,0.0,0.84,0.1111111111111111,6.8133333333333335,61.24050632911392,0.9677419354838706,0.5882352941176471,3.2407407407407405,0.1481481481481481,0.6857142857142857,0.5714285714285714
2013-08-01,0.8999999999999996,0.7499999999999997,3.3544303797468356,1.0909090909090904,1.21875,0.8,1.71875,0.34782608695652173,0.3333333333333333,0.375,2.1492537313432836,5.529411764705882,0.897435897435897,3.2,0.15999999999999998,0.1764705882352941,0.5357142857142855,2.541176470588235,4.315068493150685,0.21212121212121213,22.877551020408163,0.8636363636363636,0.9999999999999996,7,1.25,0.09999999999999996,0.30769230769230754,0.14285714285714282,20.571428571428573,0.7058823529411762,0.18181818181818182,0.5,0.14,0.6666666666666664,1.1428571428571423,0.7307692307692304,1.0,0.9,0.3214285714285714,0.23076923076923067,1.2727272727272727,3.310344827586207,25.051546391752577,0.9999999999999994,2.8000000000000003,0.4,0.0,0.0,0.0,0.0,0.0,0.72,0.1111111111111111,6.626666666666667,57.506329113924046,0.9999999999999996,0.47058823529411764,2.685185185185185,0.1481481481481481,0.7428571428571429,0.5238095238095237
2013-09-01,0.8999999999999996,0.8749999999999996,2.9746835443037978,0.9696969696969693,1.0625,0.7000000000000001,1.40625,0.3188405797101449,0.2222222222222222,0.375,2.014925373134328,4.823529411764706,0.7692307692307689,2.6666666666666665,0.17999999999999997,0.1764705882352941,0.714285714285714,2.1176470588235294,3.698630136986301,0.21212121212121213,20.93877551020408,0.8863636363636364,0.865384615384615,8,1.5,0.09999999999999996,0.3846153846153844,0.14285714285714282,18.28571428571429,0.5882352941176469,0.2727272727272727,0.5,0.14,0.5999999999999998,1.2142857142857137,0.9230769230769227,1.5,0.9,0.3214285714285714,0.23076923076923067,1.0727272727272728,2.7586206896551726,23.195876288659793,0.8260869565217387,3.2,0.8,0.0,0.0,0.0,0.0,0.0,0.72,0.1111111111111111,6.533333333333333,50.037974683544306,0.8225806451612899,0.47058823529411764,2.314814814814815,0.11111111111111108,1.2,1.0
2013-10-01,1.0999999999999994,0.9999999999999996,2.848101265822785,0.8787878787878785,0.96875,0.7000000000000001,1.3125,0.2608695652173913,0.2222222222222222,0.25,1.835820895522388,4.470588235294118,0.8461538461538458,2.6666666666666665,0.11999999999999998,0.23529411764705882,0.6785714285714283,2.3294117647058825,3.9726027397260273,0.42424242424242425,18.612244897959183,0.8409090909090909,0.7499999999999997,8,1.75,0.09999999999999996,0.346153846153846,0.14285714285714282,18.28571428571429,0.5882352941176469,0.18181818181818182,0.5,0.14,0.5999999999999998,1.1428571428571423,0.9230769230769227,1.5,1.0,0.5,0.23076923076923067,0.9454545454545454,2.574712643678161,23.195876288659793,0.9565217391304343,3.2,0.8,0.0,0.0,0.0,0.0,0.0,0.72,0.16666666666666666,5.88,38.835443037974684,0.8387096774193544,0.47058823529411764,2.314814814814815,0.11111111111111108,1.0285714285714285,0.8571428571428571
2013-11-01,0.9999999999999996,0.8749999999999996,2.5949367088607596,0.9090909090909087,0.84375,0.7000000000000001,1.34375,0.28985507246376807,0.2222222222222222,0.25,1.7462686567164178,5.0588235294117645,0.8205128205128202,3.2,0.17999999999999997,0.1764705882352941,0.5714285714285712,2.541176470588235,3.835616438356164,0.42424242424242425,16.6734693877551,0.75,0.8076923076923073,8,1.5,0.09999999999999996,0.30769230769230754,0.14285714285714282,20.571428571428573,0.7058823529411762,0.18181818181818182,0.5,0.14,0.6666666666666664,1.1428571428571423,0.8076923076923073,1.25,1.0,0.46428571428571425,0.23076923076923067,0.9090909090909091,2.528735632183908,23.65979381443299,1.0434782608695647,3.2,0.6000000000000001,0.0,0.0,0.0,0.0,0.0,0.84,0.1111111111111111,5.693333333333333,26.88607594936709,0.7580645161290319,0.47058823529411764,2.5925925925925926,0.1481481481481481,0.9714285714285714,0.8095238095238095
2013-12-01,0.7999999999999996,0.7499999999999997,2.468354430379747,0.7575757575757572,0.75,0.6000000000000001,1.34375,0.20289855072463767,0.2222222222222222,0.25,1.5671641791044775,4.0,0.6666666666666664,3.2,0.13999999999999999,0.1764705882352941,0.5357142857142855,2.1176470588235294,3.767123287671233,0.21212121212121213,15.510204081632653,0.6590909090909091,0.6730769230769228,7,1.25,0.04999999999999998,0.346153846153846,0.14285714285714282,16.000000000000004,0.5882352941176469,0.18181818181818182,0.3333333333333333,0.14,0.6666666666666664,1.1428571428571423,0.7307692307692304,0.75,0.7000000000000001,0.42857142857142855,0.11538461538461534,0.9454545454545454,2.7126436781609193,24.123711340206185,0.8695652173913039,2.4000000000000004,0.4,0.0,0.0,0.0,0.0,0.0,0.6,0.1111111111111111,7.0,25.39240506329114,0.7903225806451609,0.3529411764705882,3.0555555555555554,0.1481481481481481,0.7428571428571429,0.6666666666666666
2014-01-01,0.8999999999999996,0.8749999999999996,2.7848101265822787,0.939393939393939,0.96875,0.6000000000000001,1.53125,0.20289855072463767,0.3333333333333333,0.25,1.925373134328358,4.0,0.6666666666666664,2.6666666666666665,0.13999999999999999,0.23529411764705882,0.7499999999999997,1.9058823529411764,4.2465753424657535,0.21212121212121213,18.612244897959183,0.8181818181818182,0.9230769230769227,8,1.5,0.09999999999999996,0.4999999999999998,0.14285714285714282,16.000000000000004,0.5882352941176469,0.18181818181818182,0.3333333333333333,0.14,0.5999999999999998,1.3571428571428565,0.8461538461538457,1.0,0.8,0.42857142857142855,0.23076923076923067,1.1454545454545455,2.8505747126436782,23.195876288659793,0.7391304347826083,3.2,0.5,0.0,0.0,0.0,0.0,0.0,0.48,0.1111111111111111,6.253333333333334,26.88607594936709,0.9354838709677415,0.3529411764705882,2.2222222222222223,0.1481481481481481,0.9714285714285714,0.8095238095238095
2014-02-01,1.0999999999999994,0.9999999999999996,2.9113924050632916,0.9696969696969693,1.03125,0.7000000000000001,1.34375,0.28985507246376807,0.2222222222222222,0.375,2.1044776119402986,4.235294117647059,0.6410256410256407,2.6666666666666665,0.15999999999999998,0.23529411764705882,0.6785714285714283,1.9058823529411764,4.315068493150685,0.21212121212121213,19.77551020408163,0.8636363636363636,1.1153846153846148,9,1.75,0.09999999999999996,0.42307692307692285,0.14285714285714282,18.28571428571429,0.7058823529411762,0.18181818181818182,0.5,0.28,0.5333333333333331,1.2142857142857137,0.8846153846153841,1.5,1.0,0.5714285714285714,0.23076923076923067,1.1818181818181817,2.7126436781609193,22.7319587628866,0.9130434782608691,3.6,0.9,0.0,0.0,0.0,0.0,0.0,0.6,0.05555555555555555,5.6000000000000005,32.860759493670884,1.080645161290322,0.47058823529411764,2.1296296296296293,0.1481481481481481,1.0285714285714285,1.0
2014-03-01,1.0999999999999994,0.9999999999999996,2.9746835443037978,1.0909090909090904,1.125,0.7000000000000001,1.5625,0.2608695652173913,0.3333333333333333,0.375,2.1492537313432836,5.294117647058823,0.7435897435897433,3.2,0.17999999999999997,0.23529411764705882,0.6785714285714283,2.3294117647058825,4.726027397260274,0.42424242424242425,20.551020408163264,0.9090909090909092,1.211538461538461,8,1.75,0.09999999999999996,0.42307692307692285,0.14285714285714282,18.28571428571429,0.7058823529411762,0.2727272727272727,0.41666666666666663,0.28,0.6666666666666664,1.1428571428571423,0.8076923076923073,1.25,0.9,0.5357142857142857,0.34615384615384603,1.2727272727272727,2.7126436781609193,23.65979381443299,0.9565217391304343,3.2,0.7000000000000001,0.0,0.0,0.0,0.0,0.0,0.6,0.1111111111111111,5.6000000000000005,42.56962025316456,1.0967741935483866,0.47058823529411764,2.314814814814815,0.1481481481481481,1.0285714285714285,0.8571428571428571
2014-04-01,1.1999999999999993,1.1249999999999996,3.1645569620253164,1.0909090909090904,1.15625,0.9,1.4375,0.34782608695652173,0.3333333333333333,0.5,2.1044776119402986,6.0,0.8717948717948714,3.7333333333333334,0.19999999999999996,0.23529411764705882,0.7857142857142854,2.541176470588235,4.726027397260274,0.42424242424242425,19.77551020408163,0.9545454545454546,0.8461538461538457,9,2.0,0.09999999999999996,0.46153846153846134,0.14285714285714282,20.571428571428573,0.7058823529411762,0.36363636363636365,0.41666666666666663,0.14,0.6666666666666664,1.3571428571428565,0.9615384615384611,1.25,1.1,0.5357142857142857,0.46153846153846134,1.2,3.0344827586206895,25.515463917525775,0.9565217391304343,3.6,0.7000000000000001,0.0,0.0,0.0,0.0,0.0,0.72,0.1111111111111111,5.786666666666667,51.53164556962025,1.048387096774193,0.47058823529411764,2.8703703703703702,0.18518518518518515,1.0285714285714285,0.8571428571428571
2014-05-01,1.1999999999999993,0.9999999999999996,3.3544303797468356,1.151515151515151,1.21875,0.7000000000000001,1.6875,0.34782608695652173,0.3333333333333333,0.375,2.2388059701492535,5.294117647058823,0.7948717948717945,3.7333333333333334,0.21999999999999997,0.23529411764705882,0.7857142857142854,2.3294117647058825,5.205479452054794,0.42424242424242425,21.3265306122449,1.0227272727272727,0.9807692307692303,8,1.75,0.09999999999999996,0.46153846153846134,0.14285714285714282,18.28571428571429,0.8235294117647056,0.2727272727272727,0.41666666666666663,0.14,0.5999999999999998,1.3571428571428565,0.9230769230769227,1.25,1.0,0.42857142857142855,0.34615384615384603,1.309090909090909,3.3563218390804597,31.54639175257732,1.1304347826086951,3.6,0.6000000000000001,0.0,0.0,0.0,0.0,0.0,0.72,0.1111111111111111,6.346666666666667,61.9873417721519,1.0322580645161286,0.47058823529411764,3.148148148148148,0.18518518518518515,1.0285714285714285,0.9523809523809523
2014-06-01,1.1999999999999993,0.9999999999999996,3.227848101265823,1.151515151515151,1.1875,0.8,1.625,0.3188405797101449,0.3333333333333333,0.375,2.328358208955224,4.9411764705882355,0.7692307692307689,4.266666666666667,0.23999999999999996,0.1764705882352941,0.6071428571428569,2.541176470588235,5.068493150684931,0.42424242424242425,21.3265306122449,1.0909090909090908,0.9230769230769227,9,1.75,0.04999999999999998,0.3846153846153844,0.14285714285714282,18.28571428571429,0.7058823529411762,0.2727272727272727,0.41666666666666663,0.14,0.7999999999999996,1.2857142857142851,0.9230769230769227,1.25,1.1,0.42857142857142855,0.23076923076923067,1.309090909090909,3.126436781609195,38.04123711340206,1.1304347826086951,3.2,0.6000000000000001,0.0,0.0,0.0,0.0,0.0,0.84,0.1111111111111111,7.186666666666667,61.24050632911392,1.080645161290322,0.5882352941176471,3.4259259259259256,0.1481481481481481,0.8571428571428571,0.7619047619047619
2014-07-01,0.9999999999999996,0.8749999999999996,3.417721518987342,1.151515151515151,1.25,0.8,1.5625,0.28985507246376807,0.2222222222222222,0.375,2.2388059701492535,4.588235294117647,0.5641025641025639,4.266666666666667,0.17999999999999997,0.1764705882352941,0.6428571428571426,2.541176470588235,5.205479452054794,0.42424242424242425,22.10204081632653,1.0909090909090908,0.9999999999999996,8,1.5,0.04999999999999998,0.30769230769230754,0.14285714285714282,18.28571428571429,0.7058823529411762,0.2727272727272727,0.3333333333333333,0.14,0.7333333333333331,1.2142857142857137,0.8076923076923073,1.0,0.9,0.3214285714285714,0.11538461538461534,1.4181818181818182,3.0344827586206895,36.18556701030928,1.0434782608695647,3.2,0.5,0.0,0.0,0.0,0.0,0.0,0.84,0.1111111111111111,7.373333333333334,62.734177215189874,1.0645161290322576,0.3529411764705882,3.148148148148148,0.18518518518518515,0.7428571428571429,0.5714285714285714
2014-08-01,0.8999999999999996,0.7499999999999997,3.2911392405063293,1.06060606060606,1.21875,0.7000000000000001,1.46875,0.23188405797101447,0.2222222222222222,0.25,2.1492537313432836,4.117647058823529,0.6410256410256407,4.266666666666667,0.19999999999999996,0.1764705882352941,0.5357142857142855,2.3294117647058825,4.178082191780821,0.42424242424242425,20.551020408163264,1.0,0.9230769230769227,8,1.25,0.09999999999999996,0.346153846153846,0.14285714285714282,16.000000000000004,0.7058823529411762,0.18181818181818182,0.3333333333333333,0.14,0.6666666666666664,1.2142857142857137,0.8461538461538457,1.0,0.8,0.3571428571428571,0.11538461538461534,1.2727272727272727,3.1724137931034484,36.649484536082475,0.9999999999999994,2.8000000000000003,0.5,0.0,0.0,0.0,0.0,0.0,0.84,0.1111111111111111,7.28,61.9873417721519,1.080645161290322,0.47058823529411764,2.962962962962963,0.18518518518518515,0.7428571428571429,0.6666666666666666
2014-09-01,0.8999999999999996,0.8749999999999996,2.9113924050632916,0.9696969696969693,1.09375,0.7000000000000001,1.40625,0.23188405797101447,0.2222222222222222,0.25,1.835820895522388,3.764705882352941,0.5384615384615382,3.7333333333333334,0.19999999999999996,0.1764705882352941,0.6785714285714283,2.1176470588235294,4.2465753424657535,0.42424242424242425,17.448979591836736,0.7954545454545455,0.8461538461538457,8,1.5,0.09999999999999996,0.346153846153846,0.14285714285714282,16.000000000000004,0.5882352941176469,0.18181818181818182,0.3333333333333333,0.14,0.6666666666666664,1.3571428571428565,0.8076923076923073,1.75,0.9,0.46428571428571425,0.23076923076923067,1.1454545454545455,3.126436781609195,36.649484536082475,0.9999999999999994,3.2,1.0,0.0,0.0,0.0,0.0,0.0,0.72,0.1111111111111111,5.88,45.55696202531645,0.8064516129032254,0.3529411764705882,2.5925925925925926,0.1481481481481481,1.3142857142857143,1.1428571428571428
2014-10-01,1.2999999999999994,0.9999999999999996,2.6582278481012658,0.8181818181818178,0.96875,0.9,1.28125,0.34782608695652173,0.3333333333333333,0.375,1.7014925373134326,5.411764705882353,0.9230769230769227,3.7333333333333334,0.21999999999999997,0.23529411764705882,0.714285714285714,2.9647058823529413,3.9726027397260273,0.6363636363636364,16.285714285714285,0.7727272727272727,0.6730769230769228,11,2.0,0.14999999999999994,0.42307692307692285,0.28571428571428564,27.42857142857143,1.0588235294117643,0.2727272727272727,0.8333333333333333,0.28,0.8666666666666663,1.2857142857142851,0.9230769230769227,2.0,1.6,0.6071428571428571,0.34615384615384603,0.9818181818181818,3.310344827586207,35.72164948453609,1.1739130434782603,4.0,1.0,0.0,0.0,0.0,0.0,0.0,0.96,0.16666666666666666,6.253333333333334,35.848101265822784,0.8709677419354834,0.7058823529411764,2.5925925925925926,0.22222222222222215,1.0857142857142856,0.9047619047619047
2014-11-01,1.1999999999999993,0.9999999999999996,2.405063291139241,0.6969696969696967,0.78125,0.8,1.21875,0.34782608695652173,0.4444444444444444,0.375,1.4328358208955223,4.588235294117647,0.7179487179487176,4.8,0.25999999999999995,0.23529411764705882,0.714285714285714,2.7529411764705882,3.698630136986301,0.6363636363636364,15.122448979591836,0.7954545454545455,0.6538461538461535,10,1.75,0.14999999999999994,0.46153846153846134,0.28571428571428564,25.142857142857146,1.0588235294117643,0.2727272727272727,0.75,0.28,0.7333333333333331,1.3571428571428565,0.8076923076923073,1.75,1.5,0.6071428571428571,0.23076923076923067,0.9272727272727272,2.9885057471264367,35.72164948453609,0.9565217391304343,4.0,0.8,0.0,0.0,0.0,0.0,0.0,0.84,0.1111111111111111,5.693333333333333,26.88607594936709,0.8225806451612899,0.7058823529411764,2.8703703703703702,0.18518518518518515,0.9714285714285714,0.8095238095238095
2014-12-01,2.0999999999999988,1.2499999999999996,2.088607594936709,0.6666666666666664,0.6875,1.3,1.09375,0.46376811594202894,0.4444444444444444,0.625,1.3432835820895521,8.588235294117647,1.4615384615384608,5.866666666666666,0.33999999999999997,0.3529411764705882,0.8214285714285711,4.235294117647059,3.9726027397260273,0.8484848484848485,13.571428571428571,0.7954545454545455,0.5384615384615382,15,2.75,0.19999999999999993,0.6153846153846151,0.28571428571428564,45.71428571428572,1.6470588235294112,0.4545454545454546,1.4166666666666665,0.42000000000000004,1.0666666666666662,1.1428571428571423,0.8461538461538457,2.5,2.5,0.8571428571428571,0.34615384615384603,0.7272727272727273,2.9885057471264367,35.72164948453609,1.5217391304347818,5.2,1.1,0.0,0.0,0.0,0.0,0.0,0.96,0.16666666666666666,7.093333333333334,27.632911392405063,0.6451612903225803,1.5294117647058822,3.333333333333333,0.2962962962962962,0.9714285714285714,0.8571428571428571
2015-01-01,1.7999999999999992,1.2499999999999996,2.151898734177215,0.6060606060606057,0.6875,1.1,1.0625,0.4347826086956521,0.5555555555555556,0.625,1.2985074626865671,8.0,1.307692307692307,6.4,0.31999999999999995,0.3529411764705882,0.9999999999999996,3.8117647058823527,4.10958904109589,1.0606060606060606,14.346938775510203,0.7272727272727273,0.5576923076923074,16,2.75,0.24999999999999992,0.6153846153846151,0.4285714285714285,43.42857142857144,1.6470588235294112,0.4545454545454546,1.5,0.56,1.0666666666666662,1.428571428571428,0.8846153846153841,2.25,2.1,1.0,0.34615384615384603,0.8363636363636363,3.126436781609195,38.50515463917526,1.3043478260869559,5.2,1.0,0.0,0.0,0.0,0.0,0.0,0.96,0.2222222222222222,6.720000000000001,26.139240506329113,0.7096774193548384,1.4117647058823528,2.5925925925925926,0.22222222222222215,1.1428571428571428,1.0
2015-02-01,1.1999999999999993,0.9999999999999996,2.088607594936709,0.6363636363636361,0.65625,0.7000000000000001,1.1875,0.34782608695652173,0.4444444444444444,0.625,1.3880597014925373,4.352941176470588,0.692307692307692,4.266666666666667,0.27999999999999997,0.23529411764705882,0.714285714285714,2.541176470588235,3.767123287671233,0.6363636363636364,13.959183673469386,0.7272727272727273,0.6346153846153844,10,1.75,0.09999999999999996,0.42307692307692285,0.28571428571428564,25.142857142857146,1.0588235294117643,0.4545454545454546,0.8333333333333333,0.42000000000000004,0.6666666666666664,1.3571428571428565,0.9615384615384611,2.0,1.4000000000000001,0.6785714285714285,0.23076923076923067,0.9272727272727272,3.586206896551724,38.04123711340206,0.8695652173913039,3.6,1.0,0.0,0.0,0.0,0.0,0.0,0.6,0.1111111111111111,5.32,33.60759493670886,0.7096774193548384,0.7058823529411764,2.314814814814815,0.1481481481481481,1.1428571428571428,1.0476190476190474
2015-03-01,1.1999999999999993,0.9999999999999996,2.151898734177215,0.6363636363636361,0.625,0.7000000000000001,1.15625,0.34782608695652173,0.5555555555555556,0.625,1.3880597014925373,4.470588235294118,0.6410256410256407,4.266666666666667,0.29999999999999993,0.23529411764705882,0.6785714285714283,2.541176470588235,4.041095890410959,0.6363636363636364,13.571428571428571,0.7272727272727273,0.5769230769230766,9,1.75,0.09999999999999996,0.3846153846153844,0.28571428571428564,20.571428571428573,0.941176470588235,0.36363636363636365,0.5833333333333333,0.28,0.6666666666666664,1.2142857142857137,0.9230769230769227,1.5,1.2000000000000002,0.6071428571428571,0.34615384615384603,1.0,3.0804597701149423,40.82474226804124,0.8260869565217387,3.6,0.8,0.0,0.0,0.0,0.0,0.0,0.6,0.1111111111111111,5.04,47.050632911392405,0.7580645161290319,0.47058823529411764,2.4074074074074074,0.1481481481481481,0.9714285714285714,0.8095238095238095
2015-04-01,1.0999999999999994,0.9999999999999996,1.89873417721519,0.6060606060606057,0.59375,0.6000000000000001,0.875,0.28985507246376807,0.4444444444444444,0.5,1.5223880597014925,4.470588235294118,0.6153846153846151,4.266666666666667,0.27999999999999997,0.1764705882352941,0.714285714285714,2.3294117647058825,3.9041095890410955,0.42424242424242425,14.346938775510203,0.6590909090909091,0.6538461538461535,8,1.75,0.09999999999999996,0.3846153846153844,0.28571428571428564,18.28571428571429,0.7058823529411762,0.2727272727272727,0.41666666666666663,0.28,0.7333333333333331,1.428571428571428,0.9615384615384611,1.25,1.0,0.5357142857142857,0.23076923076923067,0.8909090909090909,2.6666666666666665,37.11340206185567,0.8260869565217387,3.6,0.6000000000000001,0.0,0.0,0.0,0.0,0.0,0.6,0.05555555555555555,5.133333333333334,50.037974683544306,0.7580645161290319,0.47058823529411764,2.8703703703703702,0.11111111111111108,1.1428571428571428,1.0476190476190474
2015-05-01,1.1999999999999993,1.1249999999999996,2.151898734177215,0.6666666666666664,0.6875,0.7000000000000001,1.03125,0.3768115942028985,0.5555555555555556,0.75,1.5223880597014925,4.705882352941177,0.7179487179487176,4.8,0.33999999999999997,0.1764705882352941,0.7857142857142854,3.176470588235294,4.178082191780821,0.42424242424242425,15.122448979591836,0.6590909090909091,0.6346153846153844,9,2.0,0.09999999999999996,0.4999999999999998,0.14285714285714282,20.571428571428573,0.8235294117647056,0.36363636363636365,0.5,0.28,0.7999999999999996,1.428571428571428,0.9615384615384611,1.5,1.0,0.42857142857142855,0.23076923076923067,0.9636363636363636,2.4827586206896552,34.79381443298969,0.9999999999999994,3.6,0.7000000000000001,0.0,0.0,0.0,0.0,0.0,0.72,0.1111111111111111,5.88,61.9873417721519,0.7741935483870964,0.47058823529411764,3.2407407407407405,0.22222222222222215,1.1428571428571428,0.9523809523809523
2015-06-01,0.8999999999999996,0.8749999999999996,2.3417721518987342,0.7575757575757572,0.78125,0.7000000000000001,1.25,0.28985507246376807,0.3333333333333333,0.375,1.5671641791044775,4.235294117647059,0.5897435897435895,4.8,0.31999999999999995,0.23529411764705882,0.6071428571428569,2.7529411764705882,3.9726027397260273,0.42424242424242425,16.285714285714285,0.75,0.6346153846153844,8,1.5,0.09999999999999996,0.3846153846153844,0.14285714285714282,18.28571428571429,0.8235294117647056,0.2727272727272727,0.41666666666666663,0.28,0.7333333333333331,1.3571428571428565,0.8846153846153841,1.25,0.8,0.39285714285714285,0.11538461538461534,0.9454545454545454,2.7586206896551726,31.54639175257732,0.7391304347826083,3.2,0.6000000000000001,0.0,0.0,0.0,0.0,0.0,0.72,0.1111111111111111,6.626666666666667,56.0126582278481,0.9032258064516125,0.47058823529411764,3.4259259259259256,0.18518518518518515,0.8571428571428571,0.7142857142857142
2015-07-01,1.0999999999999994,0.8749999999999996,2.5316455696202533,0.8181818181818178,0.8125,0.9,1.3125,0.6956521739130435,1.0,2.0,1.7014925373134326,5.176470588235294,0.7948717948717945,6.4,0.4599999999999999,0.23529411764705882,0.6071428571428569,3.388235294117647,3.767123287671233,0.6363636363636364,16.6734693877551,0.7272727272727273,0.6730769230769228,10,1.75,0.14999999999999994,0.346153846153846,0.28571428571428564,25.142857142857146,1.2941176470588232,1.0,0.75,0.28,0.9333333333333329,1.3571428571428565,0.8846153846153841,1.5,1.2000000000000002,0.39285714285714285,0.46153846153846134,1.1090909090909091,3.586206896551724,28.762886597938145,1.0434782608695647,3.6,0.7000000000000001,0.0,0.0,0.0,0.0,0.0,0.84,0.1111111111111111,7.186666666666667,68.70886075949367,0.983870967741935,0.5882352941176471,3.333333333333333,0.18518518518518515,0.7999999999999999,0.6190476190476191
2015-08-01,1.1999999999999993,0.8749999999999996,2.405063291139241,0.8484848484848482,0.6875,0.9,1.21875,0.49275362318840576,0.5555555555555556,0.875,1.6567164179104477,5.294117647058823,0.8205128205128202,6.933333333333334,0.5399999999999999,0.23529411764705882,0.7499999999999997,4.023529411764706,3.4246575342465753,1.0606060606060606,15.89795918367347,0.6590909090909091,0.5961538461538458,12,1.75,0.19999999999999993,0.46153846153846134,0.4285714285714285,29.71428571428572,1.2941176470588232,0.5454545454545454,1.0,0.42000000000000004,1.1333333333333329,1.3571428571428565,0.8076923076923073,2.0,1.7000000000000002,0.42857142857142855,0.5769230769230766,1.0363636363636364,2.7586206896551726,26.90721649484536,1.6956521739130426,3.6,0.8,0.0,0.0,0.0,0.0,0.0,0.96,0.16666666666666666,7.653333333333333,59.0,0.8709677419354834,0.5882352941176471,3.148148148148148,0.22222222222222215,0.9714285714285714,0.7142857142857142
2015-09-01,1.1999999999999993,0.9999999999999996,1.89873417721519,0.5757575757575755,0.625,0.8,0.96875,0.3768115942028985,0.4444444444444444,0.5,1.3432835820895521,5.0588235294117645,0.7179487179487176,8.0,0.4599999999999999,0.23529411764705882,0.7857142857142854,3.388235294117647,3.219178082191781,1.2727272727272727,13.571428571428571,0.5681818181818182,0.5192307692307689,11,1.75,0.09999999999999996,0.46153846153846134,0.28571428571428564,25.142857142857146,1.1764705882352937,0.36363636363636365,0.6666666666666666,0.28,0.9999999999999996,1.3571428571428565,0.9615384615384611,2.0,1.2000000000000002,0.5357142857142857,0.34615384615384603,0.8545454545454545,2.2988505747126435,25.051546391752577,1.2608695652173907,4.0,1.1,0.0,0.0,0.0,0.0,0.0,0.84,0.16666666666666666,5.88,50.78481012658228,0.7741935483870964,0.5882352941176471,2.7777777777777777,0.22222222222222215,1.4285714285714286,1.2857142857142856
2015-10-01,0.9999999999999996,0.8749999999999996,1.8354430379746836,0.6363636363636361,0.59375,0.7000000000000001,0.875,0.28985507246376807,0.3333333333333333,0.375,1.208955223880597,4.352941176470588,0.5897435897435895,5.866666666666666,0.3999999999999999,0.1764705882352941,0.6785714285714283,2.541176470588235,3.4246575342465753,0.8484848484848485,12.408163265306122,0.4545454545454546,0.4999999999999998,9,1.5,0.09999999999999996,0.42307692307692285,0.28571428571428564,18.28571428571429,0.8235294117647056,0.18181818181818182,0.5833333333333333,0.28,0.9333333333333329,1.2857142857142851,1.0384615384615379,1.75,1.0,0.5,0.23076923076923067,0.7272727272727273,2.2988505747126435,32.01030927835052,0.9999999999999994,3.6,1.0,0.0,0.0,0.0,0.0,0.0,0.72,0.1111111111111111,5.786666666666667,37.34177215189873,0.7419354838709674,0.47058823529411764,2.685185185185185,0.18518518518518515,1.2571428571428571,1.0952380952380951
2015-11-01,0.9999999999999996,0.8749999999999996,1.5822784810126582,0.5151515151515149,0.46875,0.7000000000000001,0.8125,0.23188405797101447,0.3333333333333333,0.375,1.0746268656716418,4.0,0.6153846153846151,5.333333333333333,0.35999999999999993,0.1764705882352941,0.6071428571428569,2.7529411764705882,3.287671232876712,0.6363636363636364,10.857142857142858,0.4545454545454546,0.40384615384615363,9,1.5,0.09999999999999996,0.3846153846153844,0.14285714285714282,20.571428571428573,0.8235294117647056,0.18181818181818182,0.5,0.14,0.8666666666666663,1.2857142857142851,0.9230769230769227,1.5,1.0,0.46428571428571425,0.23076923076923067,0.6727272727272727,2.206896551724138,38.96907216494846,1.08695652173913,3.2,0.7000000000000001,0.0,0.0,0.0,0.0,0.0,0.72,0.1111111111111111,5.786666666666667,29.126582278481013,0.5483870967741933,0.47058823529411764,2.962962962962963,0.1481481481481481,1.0857142857142856,0.9047619047619047
2015-12-01,1.0999999999999994,0.8749999999999996,1.3291139240506329,0.45454545454545436,0.46875,0.6000000000000001,0.78125,0.28985507246376807,0.4444444444444444,0.625,1.0746268656716418,3.6470588235294117,0.5641025641025639,5.333333333333333,0.3999999999999999,0.1764705882352941,0.6785714285714283,2.541176470588235,3.013698630136986,0.6363636363636364,10.46938775510204,0.4545454545454546,0.3846153846153844,9,1.75,0.09999999999999996,0.3846153846153844,0.14285714285714282,20.571428571428573,0.8235294117647056,0.36363636363636365,0.6666666666666666,0.28,0.7999999999999996,1.2142857142857137,0.8461538461538457,1.5,1.1,0.46428571428571425,0.23076923076923067,0.6,2.1149425287356323,38.96907216494846,0.9565217391304343,3.2,0.7000000000000001,0.0,0.0,0.0,0.0,0.0,0.72,0.1111111111111111,6.8133333333333335,27.632911392405063,0.5806451612903223,0.5882352941176471,3.333333333333333,0.18518518518518515,0.9714285714285714,0.7619047619047619
2016-01-01,1.2999999999999994,1.1249999999999996,1.5822784810126582,0.48484848484848464,0.46875,0.7000000000000001,0.8125,0.40579710144927533,0.5555555555555556,0.75,1.0298507462686566,4.823529411764706,0.6666666666666664,5.866666666666666,0.41999999999999993,0.23529411764705882,0.8928571428571425,4.023529411764706,2.8082191780821915,0.8484848484848485,11.63265306122449,0.4545454545454546,0.42307692307692285,12,2.0,0.14999999999999994,0.5769230769230766,0.4285714285714285,27.42857142857143,0.941176470588235,0.4545454545454546,0.8333333333333333,0.42000000000000004,0.9333333333333329,1.4999999999999993,0.7692307692307688,2.25,1.4000000000000001,0.7142857142857142,0.34615384615384603,0.6909090909090909,1.793103448275862,18.556701030927837,0.9999999999999994,4.0,0.9,0.8936170212765957,0.2,0.36842105263157876,0.1379310344827585,0.3333333333333332,0.72,0.1111111111111111,7.0,26.88607594936709,0.5806451612903223,0.8235294117647058,2.5,0.22222222222222215,1.1428571428571428,1.0
2016-02-01,1.1999999999999993,0.9999999999999996,1.3924050632911393,0.39393939393939376,0.375,0.7000000000000001,0.6875,0.46376811594202894,0.5555555555555556,0.75,1.0298507462686566,4.470588235294118,0.6410256410256407,6.4,0.3999999999999999,0.1764705882352941,0.8571428571428568,4.870588235294117,2.9452054794520546,1.0606060606060606,12.020408163265305,0.4545454545454546,0.40384615384615363,11,2.0,0.14999999999999994,0.4999999999999998,0.28571428571428564,25.142857142857146,1.0588235294117643,0.4545454545454546,0.6666666666666666,0.42000000000000004,0.8666666666666663,1.5714285714285707,0.8846153846153841,2.5,1.3,0.7857142857142857,0.23076923076923067,0.7454545454545454,1.839080459770115,18.09278350515464,0.9130434782608691,4.0,1.4000000000000001,0.8936170212765957,0.30000000000000004,0.3157894736842104,0.20689655172413776,0.2777777777777777,0.84,0.1111111111111111,5.88,36.59493670886076,0.5322580645161288,0.7058823529411764,2.314814814814815,0.18518518518518515,1.3714285714285714,1.2857142857142856
2016-03-01,0.9999999999999996,0.8749999999999996,1.4556962025316458,0.48484848484848464,0.40625,0.6000000000000001,0.6875,0.34782608695652173,0.4444444444444444,0.5,1.164179104477612,4.9411764705882355,0.5897435897435895,5.333333333333333,0.33999999999999997,0.1764705882352941,0.5714285714285712,3.8117647058823527,3.219178082191781,0.8484848484848485,12.020408163265305,0.4318181818181818,0.42307692307692285,9,1.75,0.09999999999999996,0.346153846153846,0.28571428571428564,18.28571428571429,0.7058823529411762,0.36363636363636365,0.5,0.28,0.7999999999999996,1.428571428571428,0.8076923076923073,1.5,0.9,0.5,0.23076923076923067,0.7636363636363636,1.8850574712643677,18.556701030927837,0.6521739130434779,3.6,0.8,0.8936170212765957,0.30000000000000004,0.3157894736842104,0.1379310344827585,0.2777777777777777,0.84,0.1111111111111111,6.346666666666667,40.32911392405063,0.5322580645161288,0.3529411764705882,2.7777777777777777,0.18518518518518515,1.0285714285714285,0.8571428571428571
2016-04-01,0.9999999999999996,0.8749999999999996,1.6455696202531647,0.5151515151515149,0.53125,0.5,0.78125,0.2608695652173913,0.3333333333333333,0.375,1.253731343283582,4.117647058823529,0.5128205128205126,5.333333333333333,0.29999999999999993,0.1764705882352941,0.6428571428571426,3.388235294117647,3.150684931506849,0.6363636363636364,12.408163265306122,0.4318181818181818,0.48076923076923056,8,1.5,0.09999999999999996,0.3846153846153844,0.28571428571428564,13.714285714285715,0.5882352941176469,0.18181818181818182,0.3333333333333333,0.28,0.7999999999999996,1.4999999999999993,0.9999999999999996,1.25,0.7000000000000001,0.46428571428571425,0.11538461538461534,0.8181818181818181,1.9770114942528736,18.09278350515464,0.7391304347826083,3.2,0.7000000000000001,0.8936170212765957,0.2,0.263157894736842,0.1379310344827585,0.2777777777777777,0.72,0.1111111111111111,6.533333333333333,53.0253164556962,0.5483870967741933,0.3529411764705882,2.962962962962963,0.18518518518518515,1.1428571428571428,0.9523809523809523
2016-05-01,0.8999999999999996,0.8749999999999996,1.708860759493671,0.45454545454545436,0.5625,0.6000000000000001,0.75,0.23188405797101447,0.3333333333333333,0.375,1.208955223880597,4.588235294117647,0.5384615384615382,6.4,0.43999999999999995,0.1764705882352941,0.6428571428571426,5.08235294117647,3.0821917808219177,0.6363636363636364,13.959183673469386,0.4545454545454546,0.5192307692307689,8,1.5,0.09999999999999996,0.3846153846153844,0.28571428571428564,16.000000000000004,0.7058823529411762,0.2727272727272727,0.3333333333333333,0.14,0.8666666666666663,1.428571428571428,0.9615384615384611,1.25,0.6000000000000001,0.2857142857142857,0.11538461538461534,0.8909090909090909,1.8850574712643677,17.628865979381445,0.7826086956521735,2.8000000000000003,0.5,1.0425531914893615,0.30000000000000004,0.263157894736842,0.20689655172413776,0.22222222222222213,0.84,0.1111111111111111,7.28,62.734177215189874,0.5322580645161288,0.3529411764705882,3.6111111111111107,0.22222222222222215,0.9714285714285714,0.8571428571428571
2016-06-01,0.6999999999999996,0.7499999999999997,1.708860759493671,0.5151515151515149,0.5,0.6000000000000001,0.78125,0.23188405797101447,0.3333333333333333,0.25,1.253731343283582,4.588235294117647,0.5128205128205126,6.933333333333334,0.5599999999999999,0.1764705882352941,0.4999999999999998,5.7176470588235295,2.9452054794520546,0.6363636363636364,13.571428571428571,0.5681818181818182,0.48076923076923056,8,1.25,0.09999999999999996,0.30769230769230754,0.28571428571428564,16.000000000000004,0.7058823529411762,0.18181818181818182,0.3333333333333333,0.28,0.8666666666666663,1.2142857142857137,0.8461538461538457,1.0,0.7000000000000001,0.3571428571428571,0.11538461538461534,0.9454545454545454,1.9310344827586206,18.09278350515464,0.8695652173913039,2.8000000000000003,0.5,1.1914893617021276,0.2,0.3157894736842104,0.1379310344827585,0.2777777777777777,1.08,0.1111111111111111,7.373333333333334,59.74683544303797,0.6290322580645158,0.23529411764705882,3.7037037037037033,0.18518518518518515,0.7999999999999999,0.7142857142857142
2016-07-01,0.5999999999999996,0.6249999999999998,1.6455696202531647,0.5454545454545452,0.5,0.5,0.78125,0.23188405797101447,0.3333333333333333,0.25,1.208955223880597,4.352941176470588,0.48717948717948695,8.0,0.5199999999999999,0.1764705882352941,0.4642857142857141,5.5058823529411764,2.8767123287671232,0.8484848484848485,14.346938775510203,0.5,0.46153846153846134,8,1.25,0.09999999999999996,0.2692307692307691,0.14285714285714282,16.000000000000004,0.7058823529411762,0.18181818181818182,0.3333333333333333,0.14,0.8666666666666663,1.2857142857142851,0.8076923076923073,1.0,0.7000000000000001,0.3214285714285714,0.11538461538461534,0.9636363636363636,1.7011494252873562,18.556701030927837,0.8260869565217387,2.4000000000000004,0.4,1.3404255319148937,0.1,0.36842105263157876,0.06896551724137925,0.3333333333333332,1.08,0.1111111111111111,7.653333333333333,67.9620253164557,0.6612903225806449,0.23529411764705882,3.4259259259259256,0.18518518518518515,0.7428571428571429,0.5714285714285714
2016-08-01,0.5999999999999996,0.6249999999999998,1.708860759493671,0.5454545454545452,0.5,0.5,0.84375,0.23188405797101447,0.2222222222222222,0.25,1.1194029850746268,3.8823529411764706,0.4358974358974357,7.466666666666667,0.41999999999999993,0.11764705882352941,0.4642857142857141,5.7176470588235295,2.328767123287671,0.8484848484848485,13.183673469387754,0.38636363636363635,0.3846153846153844,7,1.0,0.09999999999999996,0.2692307692307691,0.14285714285714282,13.714285714285715,0.7058823529411762,0.18181818181818182,0.3333333333333333,0.28,0.7999999999999996,1.1428571428571423,0.692307692307692,1.0,0.6000000000000001,0.21428571428571427,0.11538461538461534,0.9272727272727272,1.8850574712643677,19.48453608247423,0.7391304347826083,2.4000000000000004,0.4,1.0425531914893615,0.2,0.263157894736842,0.1379310344827585,0.2777777777777777,0.96,0.1111111111111111,7.28,59.0,0.5967741935483868,0.23529411764705882,2.8703703703703702,0.1481481481481481,0.6857142857142857,0.5714285714285714
2016-09-01,0.6999999999999996,0.7499999999999997,1.6455696202531647,0.5454545454545452,0.5625,0.5,0.84375,0.23188405797101447,0.2222222222222222,0.25,1.1194029850746268,4.470588235294118,0.6410256410256407,6.933333333333334,0.4799999999999999,0.1764705882352941,0.6071428571428569,6.352941176470588,2.73972602739726,0.8484848484848485,12.408163265306122,0.4090909090909091,0.46153846153846134,9,1.25,0.09999999999999996,0.3846153846153844,0.28571428571428564,18.28571428571429,0.7058823529411762,0.18181818181818182,0.5833333333333333,0.28,1.1333333333333329,1.5714285714285707,0.8846153846153841,1.75,0.9,0.39285714285714285,0.23076923076923067,0.7636363636363636,1.8850574712643677,18.09278350515464,0.6521739130434779,2.8000000000000003,1.0,1.1914893617021276,0.2,0.263157894736842,0.1379310344827585,0.2777777777777777,1.08,0.16666666666666666,7.746666666666667,56.0126582278481,0.5806451612903223,0.3529411764705882,3.0555555555555554,0.18518518518518515,1.2571428571428571,1.2380952380952381
2016-10-01,0.6999999999999996,0.7499999999999997,1.5822784810126582,0.45454545454545436,0.46875,0.5,0.78125,0.20289855072463767,0.2222222222222222,0.25,1.0746268656716418,3.8823529411764706,0.5384615384615382,6.4,0.43999999999999995,0.11764705882352941,0.6428571428571426,4.870588235294117,2.73972602739726,0.8484848484848485,11.63265306122449,0.38636363636363635,0.42307692307692285,7,1.25,0.09999999999999996,0.346153846153846,0.14285714285714282,13.714285714285715,0.7058823529411762,0.09090909090909091,0.25,0.14,0.9999999999999996,1.428571428571428,0.8461538461538457,1.5,0.6000000000000001,0.6071428571428571,0.11538461538461534,0.6909090909090909,1.7011494252873562,19.02061855670103,0.6956521739130431,2.8000000000000003,0.8,1.0425531914893615,0.2,0.3157894736842104,0.1379310344827585,0.2777777777777777,0.96,0.1111111111111111,7.186666666666667,40.32911392405063,0.5645161290322578,0.23529411764705882,2.962962962962963,0.22222222222222215,0.9714285714285714,0.8095238095238095
2016-11-01,0.6999999999999996,0.7499999999999997,1.2658227848101267,0.45454545454545436,0.40625,0.5,0.625,0.20289855072463767,0.2222222222222222,0.25,1.0298507462686566,3.6470588235294117,0.38461538461538447,6.4,0.37999999999999995,0.1764705882352941,0.5714285714285712,4.658823529411765,2.671232876712329,0.8484848484848485,10.46938775510204,0.36363636363636365,0.3653846153846152,8,1.25,0.04999999999999998,0.346153846153846,0.14285714285714282,13.714285714285715,0.7058823529411762,0.09090909090909091,0.3333333333333333,0.28,0.9333333333333329,1.2857142857142851,0.8076923076923073,1.0,0.7000000000000001,0.46428571428571425,0.11538461538461534,0.6727272727272727,1.471264367816092,17.628865979381445,0.6521739130434779,2.8000000000000003,0.5,1.0425531914893615,0.2,0.263157894736842,0.1379310344827585,0.2777777777777777,0.96,0.1111111111111111,6.346666666666667,29.873417721518987,0.5161290322580643,0.3529411764705882,3.2407407407407405,0.18518518518518515,1.0285714285714285,0.8095238095238095
2016-12-01,0.6999999999999996,0.6249999999999998,1.3924050632911393,0.39393939393939376,0.4375,0.5,0.6875,0.20289855072463767,0.2222222222222222,0.25,0.9402985074626865,4.235294117647059,0.4358974358974357,6.4,0.3999999999999999,0.11764705882352941,0.4642857142857141,5.294117647058823,2.5342465753424657,0.8484848484848485,10.46938775510204,0.4090909090909091,0.40384615384615363,8,1.0,0.09999999999999996,0.30769230769230754,0.28571428571428564,13.714285714285715,0.5882352941176469,0.18181818181818182,0.3333333333333333,0.28,0.9999999999999996,1.2142857142857137,0.7692307692307688,1.0,0.6000000000000001,0.3571428571428571,0.11538461538461534,0.7272727272727273,1.3793103448275863,19.48453608247423,0.6956521739130431,2.4000000000000004,0.4,1.0425531914893615,0.30000000000000004,0.3157894736842104,0.1379310344827585,0.3333333333333332,0.96,0.16666666666666666,7.28,29.873417721518987,0.5483870967741933,0.23529411764705882,4.166666666666666,0.1481481481481481,0.8571428571428571,0.7142857142857142
2017-01-01,0.9999999999999996,0.8749999999999996,1.708860759493671,0.5757575757575755,0.5,0.5,0.84375,0.20289855072463767,0.3333333333333333,0.25,1.208955223880597,4.0,0.4358974358974357,6.4,0.43999999999999995,0.23529411764705882,0.7499999999999997,4.870588235294117,2.8082191780821915,0.8484848484848485,12.408163265306122,0.4772727272727273,0.46153846153846134,9,1.75,0.14999999999999994,0.46153846153846134,0.28571428571428564,16.000000000000004,0.7058823529411762,0.18181818181818182,0.5,0.28,0.9333333333333329,1.428571428571428,0.7692307692307688,1.5,0.9,0.5357142857142857,0.11538461538461534,0.8363636363636363,1.6551724137931034,18.09278350515464,0.7826086956521735,3.2,0.7000000000000001,1.0425531914893615,0.2,0.263157894736842,0.1379310344827585,0.2777777777777777,0.96,0.16666666666666666,7.093333333333334,27.632911392405063,0.5806451612903223,0.47058823529411764,2.685185185185185,0.18518518518518515,1.0857142857142856,0.9523809523809523
2017-02-01,0.7999999999999996,0.8749999999999996,1.8354430379746836,0.6060606060606057,0.59375,0.5,0.875,0.23188405797101447,0.3333333333333333,0.25,1.2985074626865671,3.6470588235294117,0.38461538461538447,5.866666666666666,0.3999999999999999,0.1764705882352941,0.6428571428571426,4.447058823529412,3.150684931506849,0.8484848484848485,13.571428571428571,0.5,0.44230769230769207,8,1.5,0.09999999999999996,0.3846153846153844,0.14285714285714282,13.714285714285715,0.5882352941176469,0.18181818181818182,0.3333333333333333,0.14,0.8666666666666663,1.4999999999999993,0.8461538461538457,1.75,0.7000000000000001,0.5714285714285714,0.11538461538461534,0.8727272727272727,2.0229885057471266,18.556701030927837,0.6956521739130431,2.8000000000000003,1.0,1.0425531914893615,0.2,0.3157894736842104,0.1379310344827585,0.2777777777777777,0.84,0.1111111111111111,7.0,34.35443037974684,0.6612903225806449,0.23529411764705882,2.7777777777777777,0.18518518518518515,1.2571428571428571,1.1904761904761905
2017-03-01,0.7999999999999996,0.8749999999999996,1.708860759493671,0.6060606060606057,0.5,0.5,0.8125,0.23188405797101447,0.3333333333333333,0.25,1.3432835820895521,4.0,0.4102564102564101,6.4,0.4799999999999999,0.1764705882352941,0.6785714285714283,4.447058823529412,3.287671232876712,0.8484848484848485,13.571428571428571,0.5227272727272727,0.46153846153846134,8,1.5,0.09999999999999996,0.42307692307692285,0.14285714285714282,11.42857142857143,0.7058823529411762,0.18181818181818182,0.25,0.14,0.9333333333333329,1.4999999999999993,0.8461538461538457,1.25,0.6000000000000001,0.5714285714285714,0.11538461538461534,0.9272727272727272,1.839080459770115,22.2680412371134,0.6521739130434779,2.8000000000000003,0.7000000000000001,1.0425531914893615,0.2,0.36842105263157876,0.1379310344827585,0.3333333333333332,0.96,0.1111111111111111,7.0,41.075949367088604,0.6935483870967739,0.23529411764705882,2.8703703703703702,0.1481481481481481,1.0857142857142856,0.9523809523809523
2017-04-01,0.8999999999999996,0.8749999999999996,1.7721518987341773,0.5757575757575755,0.5625,0.6000000000000001,0.84375,0.20289855072463767,0.4444444444444444,0.375,1.3432835820895521,4.9411764705882355,0.48717948717948695,8.0,0.58,0.1764705882352941,0.6428571428571426,5.08235294117647,3.150684931506849,1.0606060606060606,13.571428571428571,0.5681818181818182,0.5576923076923074,9,1.5,0.09999999999999996,0.42307692307692285,0.28571428571428564,16.000000000000004,0.8235294117647056,0.2727272727272727,0.3333333333333333,0.28,0.9999999999999996,1.5714285714285707,0.9230769230769227,1.25,0.7000000000000001,0.6785714285714285,0.11538461538461534,0.9090909090909091,2.0689655172413794,19.948453608247423,0.6956521739130431,2.8000000000000003,0.6000000000000001,1.3404255319148937,0.4,0.36842105263157876,0.275862068965517,0.3333333333333332,1.08,0.16666666666666666,7.0,53.77215189873418,0.6451612903225803,0.23529411764705882,3.6111111111111107,0.22222222222222215,1.1428571428571428,0.9523809523809523
2017-05-01,0.8999999999999996,0.8749999999999996,1.7721518987341773,0.6060606060606057,0.5625,0.6000000000000001,0.875,0.2608695652173913,0.3333333333333333,0.25,1.3432835820895521,4.470588235294118,0.46153846153846134,8.533333333333333,0.5999999999999999,0.1764705882352941,0.714285714285714,4.870588235294117,3.4931506849315066,0.8484848484848485,13.571428571428571,0.5454545454545454,0.4999999999999998,8,1.5,0.09999999999999996,0.42307692307692285,0.14285714285714282,13.714285714285715,0.7058823529411762,0.2727272727272727,0.25,0.14,0.9333333333333329,1.428571428571428,0.8461538461538457,1.25,0.7000000000000001,0.46428571428571425,0.11538461538461534,0.9272727272727272,1.793103448275862,19.48453608247423,0.6521739130434779,2.8000000000000003,0.6000000000000001,1.3404255319148937,0.4,0.3157894736842104,0.275862068965517,0.3333333333333332,1.08,0.16666666666666666,7.093333333333334,56.75949367088607,0.6451612903225803,0.23529411764705882,3.9814814814814814,0.18518518518518515,1.0857142857142856,0.9047619047619047
2017-06-01,0.6999999999999996,0.6249999999999998,1.8354430379746836,0.5757575757575755,0.53125,0.6000000000000001,0.9375,0.2608695652173913,0.3333333333333333,0.25,1.3432835820895521,4.705882352941177,0.5128205128205126,8.533333333333333,0.6999999999999998,0.1764705882352941,0.5714285714285712,5.294117647058823,2.8767123287671232,1.0606060606060606,13.959183673469386,0.5227272727272727,0.48076923076923056,9,1.25,0.09999999999999996,0.30769230769230754,0.28571428571428564,16.000000000000004,0.8235294117647056,0.18181818181818182,0.3333333333333333,0.14,1.0666666666666662,1.4999999999999993,0.7307692307692304,1.0,0.6000000000000001,0.39285714285714285,0.11538461538461534,1.018181818181818,1.9310344827586206,20.41237113402062,0.7391304347826083,2.4000000000000004,0.5,1.4893617021276595,0.30000000000000004,0.36842105263157876,0.20689655172413776,0.3333333333333332,1.2,0.16666666666666666,8.026666666666667,62.734177215189874,0.6451612903225803,0.23529411764705882,4.444444444444445,0.22222222222222215,0.7999999999999999,0.7142857142857142
2017-07-01,0.6999999999999996,0.6249999999999998,1.9620253164556964,0.6666666666666664,0.59375,0.5,0.96875,0.28985507246376807,0.3333333333333333,0.25,1.3432835820895521,5.294117647058823,0.48717948717948695,9.6,0.7599999999999999,0.1764705882352941,0.4285714285714284,5.929411764705883,2.9452054794520546,1.0606060606060606,14.346938775510203,0.4772727272727273,0.5384615384615382,9,1.25,0.09999999999999996,0.30769230769230754,0.28571428571428564,16.000000000000004,0.8235294117647056,0.18181818181818182,0.3333333333333333,0.14,1.1999999999999995,1.4999999999999993,0.7307692307692304,1.0,0.6000000000000001,0.3214285714285714,0.11538461538461534,1.0363636363636364,2.160919540229885,20.41237113402062,0.7391304347826083,2.4000000000000004,0.4,1.6382978723404253,0.4,0.36842105263157876,0.275862068965517,0.38888888888888873,1.3199999999999998,0.2222222222222222,9.146666666666667,67.21518987341771,0.7096774193548384,0.3529411764705882,4.259259259259259,0.22222222222222215,0.6857142857142857,0.5714285714285714
2017-08-01,0.6999999999999996,0.4999999999999998,1.8354430379746836,0.5454545454545452,0.5625,0.6000000000000001,0.90625,0.23188405797101447,0.2222222222222222,0.25,1.208955223880597,5.411764705882353,0.5641025641025639,9.6,0.6799999999999999,0.1764705882352941,0.5357142857142855,7.623529411764705,2.5342465753424657,1.2727272727272727,12.795918367346939,0.4318181818181818,0.46153846153846134,10,1.0,0.09999999999999996,0.346153846153846,0.28571428571428564,22.85714285714286,0.941176470588235,0.18181818181818182,0.5833333333333333,0.28,1.3333333333333328,1.4999999999999993,0.7692307692307688,1.25,0.9,0.25,0.23076923076923067,0.9454545454545454,2.0689655172413794,19.02061855670103,0.8260869565217387,2.4000000000000004,0.5,1.6382978723404253,0.4,0.526315789473684,0.275862068965517,0.4999999999999998,1.44,0.2222222222222222,8.493333333333334,51.53164556962025,0.6612903225806449,0.3529411764705882,4.444444444444445,0.2592592592592592,0.7999999999999999,0.6666666666666666
2017-09-01,0.8999999999999996,0.7499999999999997,1.7721518987341773,0.6060606060606057,0.5625,0.9,0.875,0.2608695652173913,0.3333333333333333,0.375,1.3432835820895521,6.0,0.6666666666666664,11.2,0.8799999999999999,0.23529411764705882,0.6428571428571426,18.0,2.8082191780821915,1.9090909090909092,13.183673469387754,0.4545454545454546,0.5192307692307689,12,1.25,0.14999999999999994,0.46153846153846134,0.28571428571428564,27.42857142857143,1.2941176470588232,0.2727272727272727,0.75,0.42000000000000004,1.6666666666666659,2.6428571428571415,0.9615384615384611,2.0,1.2000000000000002,0.46428571428571425,0.34615384615384603,0.8363636363636363,1.7471264367816093,18.556701030927837,0.8695652173913039,3.2,1.0,2.234042553191489,0.5,0.6842105263157892,0.34482758620689624,0.6666666666666664,1.7999999999999998,0.2777777777777778,9.053333333333335,50.037974683544306,0.6774193548387094,0.47058823529411764,5.185185185185185,0.2592592592592592,1.4285714285714286,1.2857142857142856
2017-10-01,0.5999999999999996,0.6249999999999998,1.708860759493671,0.5757575757575755,0.53125,0.5,0.78125,0.23188405797101447,0.3333333333333333,0.375,1.253731343283582,4.352941176470588,0.4102564102564101,8.0,0.6999999999999998,0.1764705882352941,0.6071428571428569,5.5058823529411764,2.8767123287671232,1.0606060606060606,12.020408163265305,0.4545454545454546,0.44230769230769207,8,1.25,0.09999999999999996,0.3846153846153844,0.28571428571428564,13.714285714285715,0.8235294117647056,0.18181818181818182,0.3333333333333333,0.14,0.9999999999999996,1.5714285714285707,0.9230769230769227,1.5,0.7000000000000001,0.5357142857142857,0.11538461538461534,0.8181818181818181,2.0689655172413794,17.164948453608247,0.7826086956521735,2.8000000000000003,0.9,1.3404255319148937,0.30000000000000004,0.36842105263157876,0.20689655172413776,0.3333333333333332,1.2,0.2222222222222222,6.720000000000001,38.835443037974684,0.5806451612903223,0.23529411764705882,3.4259259259259256,0.18518518518518515,1.2,1.0952380952380951
2017-11-01,0.6999999999999996,0.6249999999999998,1.6455696202531647,0.5454545454545452,0.5625,0.6000000000000001,0.90625,0.3188405797101449,0.4444444444444444,0.5,1.164179104477612,4.705882352941177,0.5128205128205126,9.6,0.6999999999999998,0.1764705882352941,0.5714285714285712,5.929411764705883,3.219178082191781,1.4848484848484849,12.408163265306122,0.4772727272727273,0.5192307692307689,10,1.25,0.09999999999999996,0.3846153846153844,0.28571428571428564,16.000000000000004,0.941176470588235,0.2727272727272727,0.41666666666666663,0.28,1.1999999999999995,1.4999999999999993,0.8076923076923073,1.25,0.7000000000000001,0.5,0.23076923076923067,0.7999999999999999,2.0229885057471266,16.701030927835053,0.9130434782608691,2.8000000000000003,0.6000000000000001,1.4893617021276595,0.5,0.4210526315789472,0.34482758620689624,0.38888888888888873,1.3199999999999998,0.2222222222222222,7.28,33.60759493670886,0.6290322580645158,0.23529411764705882,4.166666666666666,0.2592592592592592,1.0857142857142856,0.9523809523809523
2017-12-01,0.5999999999999996,0.6249999999999998,1.5822784810126582,0.5151515151515149,0.5,0.5,0.84375,0.20289855072463767,0.3333333333333333,0.25,1.0746268656716418,4.117647058823529,0.46153846153846134,8.533333333333333,0.6799999999999999,0.1764705882352941,0.4999999999999998,5.294117647058823,3.0821917808219177,1.2727272727272727,11.63265306122449,0.4545454545454546,0.48076923076923056,9,1.0,0.09999999999999996,0.3846153846153844,0.28571428571428564,13.714285714285715,0.8235294117647056,0.18181818181818182,0.3333333333333333,0.14,1.1999999999999995,1.3571428571428565,0.7692307692307688,1.0,0.5,0.3571428571428571,0.11538461538461534,0.8181818181818181,1.793103448275862,15.309278350515465,0.7391304347826083,2.4000000000000004,0.4,1.4893617021276595,0.5,0.36842105263157876,0.34482758620689624,0.38888888888888873,1.2,0.2222222222222222,8.4,33.60759493670886,0.6612903225806449,0.23529411764705882,5.0,0.2592592592592592,0.7999999999999999,0.7142857142857142
2018-01-01,0.6999999999999996,0.7499999999999997,1.89873417721519,0.6363636363636361,0.59375,0.6000000000000001,0.9375,0.23188405797101447,0.3333333333333333,0.25,1.3432835820895521,4.470588235294118,0.5128205128205126,8.0,0.6199999999999999,0.23529411764705882,0.5714285714285712,5.08235294117647,3.219178082191781,1.2727272727272727,12.795918367346939,0.5227272727272727,0.48076923076923056,10,1.5,0.14999999999999994,0.42307692307692285,0.28571428571428564,16.000000000000004,0.941176470588235,0.18181818181818182,0.3333333333333333,0.28,1.1333333333333329,1.3571428571428565,0.692307692307692,1.25,0.7000000000000001,0.46428571428571425,0.23076923076923067,0.8181818181818181,1.793103448275862,16.237113402061855,0.6521739130434779,2.8000000000000003,0.6000000000000001,1.3404255319148937,0.4,0.4736842105263156,0.275862068965517,0.44444444444444425,1.2,0.2222222222222222,7.653333333333333,27.632911392405063,0.7419354838709674,0.23529411764705882,3.4259259259259256,0.2592592592592592,0.7999999999999999,0.6190476190476191
2018-02-01,0.7999999999999996,0.7499999999999997,1.89873417721519,0.6363636363636361,0.59375,0.6000000000000001,0.96875,0.2608695652173913,0.3333333333333333,0.375,1.4776119402985073,4.470588235294118,0.5128205128205126,9.066666666666666,0.8999999999999999,0.23529411764705882,0.6785714285714283,4.870588235294117,3.3561643835616435,1.4848484848484849,14.346938775510203,0.5909090909090909,0.5384615384615382,10,1.5,0.09999999999999996,0.42307692307692285,0.28571428571428564,16.000000000000004,0.941176470588235,0.2727272727272727,0.3333333333333333,0.28,1.1333333333333329,1.3571428571428565,0.8461538461538457,1.75,0.8,0.6785714285714285,0.23076923076923067,0.9454545454545454,2.1149425287356323,15.77319587628866,0.6956521739130431,2.8000000000000003,1.0,1.3404255319148937,0.4,0.4210526315789472,0.275862068965517,0.38888888888888873,1.08,0.2222222222222222,6.44,39.58227848101266,0.8064516129032254,0.23529411764705882,2.962962962962963,0.18518518518518515,1.0857142857142856,0.9523809523809523
2018-03-01,0.6999999999999996,0.7499999999999997,1.89873417721519,0.6363636363636361,0.59375,0.6000000000000001,0.96875,0.28985507246376807,0.3333333333333333,0.25,1.4328358208955223,5.0588235294117645,0.5897435897435895,9.066666666666666,0.6399999999999999,0.1764705882352941,0.5714285714285712,5.5058823529411764,3.5616438356164384,1.2727272727272727,13.571428571428571,0.5909090909090909,0.5192307692307689,9,1.5,0.09999999999999996,0.3846153846153844,0.28571428571428564,16.000000000000004,1.1764705882352937,0.2727272727272727,0.25,0.14,1.1999999999999995,1.5714285714285707,0.8461538461538457,1.5,0.7000000000000001,0.5357142857142857,0.11538461538461534,0.8909090909090909,2.1149425287356323,17.628865979381445,0.7391304347826083,2.8000000000000003,0.7000000000000001,1.4893617021276595,0.4,0.4210526315789472,0.275862068965517,0.44444444444444425,1.2,0.2777777777777778,6.906666666666667,44.81012658227848,0.7258064516129029,0.23529411764705882,3.4259259259259256,0.2592592592592592,1.0857142857142856,0.9523809523809523
2018-04-01,0.9999999999999996,0.8749999999999996,2.151898734177215,0.727272727272727,0.71875,0.7000000000000001,1.03125,0.34782608695652173,0.5555555555555556,0.5,1.4776119402985073,5.88235294117647,0.8205128205128202,11.2,0.7199999999999999,0.1764705882352941,0.6785714285714283,6.988235294117647,3.767123287671233,1.696969696969697,14.346938775510203,0.5909090909090909,0.6153846153846151,12,1.75,0.09999999999999996,0.42307692307692285,0.28571428571428564,22.85714285714286,1.4117647058823524,0.36363636363636365,0.5,0.56,1.3333333333333328,1.7142857142857135,0.9230769230769227,1.5,0.9,0.5357142857142857,0.46153846153846134,0.9454545454545454,2.160919540229885,17.164948453608247,1.08695652173913,3.2,0.7000000000000001,1.7872340425531914,0.5,0.5789473684210523,0.34482758620689624,0.5555555555555554,1.44,0.3333333333333333,7.373333333333334,51.53164556962025,0.7580645161290319,0.3529411764705882,4.351851851851851,0.2962962962962962,1.2571428571428571,1.1428571428571428
2018-05-01,1.3999999999999992,1.1249999999999996,2.405063291139241,0.8484848484848482,0.84375,1.0,1.21875,0.40579710144927533,1.0,1.75,1.7462686567164178,6.823529411764706,0.9743589743589739,12.8,0.8399999999999999,0.29411764705882354,0.8928571428571425,8.470588235294118,4.4520547945205475,2.121212121212121,15.89795918367347,0.6363636363636364,0.692307692307692,14,2.25,0.14999999999999994,0.5384615384615382,0.4285714285714285,34.28571428571429,1.6470588235294112,1.3636363636363638,0.75,0.56,1.5999999999999992,1.8571428571428563,0.9230769230769227,1.75,1.2000000000000002,0.46428571428571425,0.8076923076923074,1.1454545454545455,2.1149425287356323,17.628865979381445,1.2608695652173907,4.0,0.8,2.085106382978723,0.6000000000000001,0.8421052631578944,0.34482758620689624,0.8333333333333329,1.92,0.3333333333333333,7.840000000000001,56.0126582278481,0.8225806451612899,0.8235294117647058,5.185185185185185,0.3703703703703703,1.3142857142857143,1.1904761904761905
2018-06-01,0.8999999999999996,0.7499999999999997,2.468354430379747,0.7878787878787875,0.75,0.8,1.25,0.3768115942028985,0.7777777777777777,1.125,1.5671641791044775,5.764705882352941,0.692307692307692,12.266666666666666,0.8999999999999999,0.23529411764705882,0.5357142857142855,7.623529411764705,3.4931506849315066,2.121212121212121,15.89795918367347,0.6818181818181819,0.5961538461538458,12,1.5,0.09999999999999996,0.42307692307692285,0.28571428571428564,22.85714285714286,1.5294117647058818,0.9090909090909092,0.3333333333333333,0.28,1.4666666666666661,1.6428571428571421,0.8076923076923073,1.25,0.8,0.3571428571428571,0.34615384615384603,1.1454545454545455,2.160919540229885,16.701030927835053,0.9130434782608691,3.2,0.6000000000000001,2.085106382978723,0.6000000000000001,0.6315789473684208,0.34482758620689624,0.6666666666666664,1.7999999999999998,0.2777777777777778,7.5600000000000005,61.9873417721519,0.7741935483870964,0.5882352941176471,5.092592592592593,0.33333333333333326,0.8571428571428571,0.7619047619047619
2018-07-01,0.6999999999999996,0.6249999999999998,2.3417721518987342,0.8181818181818178,0.8125,0.7000000000000001,1.3125,0.28985507246376807,0.4444444444444444,0.375,1.6119402985074627,5.647058823529411,0.7435897435897433,13.333333333333334,0.9999999999999999,0.1764705882352941,0.4642857142857141,7.2,2.9452054794520546,2.121212121212121,16.6734693877551,0.5227272727272727,0.6538461538461535,11,1.25,0.09999999999999996,0.30769230769230754,0.4285714285714285,20.571428571428573,1.4117647058823524,0.2727272727272727,0.3333333333333333,0.28,1.5999999999999992,1.7142857142857135,0.7692307692307688,1.0,0.7000000000000001,0.2857142857142857,0.11538461538461534,1.1636363636363636,1.9310344827586206,18.09278350515464,1.08695652173913,2.4000000000000004,0.5,2.234042553191489,0.6000000000000001,0.6315789473684208,0.34482758620689624,0.6111111111111108,1.92,0.38888888888888884,7.653333333333333,67.21518987341771,0.8548387096774189,0.3529411764705882,5.185185185185185,0.2962962962962962,0.7999999999999999,0.6666666666666666
2018-08-01,0.6999999999999996,0.6249999999999998,2.3417721518987342,0.8181818181818178,0.78125,0.7000000000000001,1.3125,0.2608695652173913,0.3333333333333333,0.375,1.6119402985074627,5.647058823529411,0.6666666666666664,13.333333333333334,0.8199999999999998,0.1764705882352941,0.5714285714285712,6.141176470588235,2.5342465753424657,1.9090909090909092,16.285714285714285,0.5454545454545454,0.5769230769230766,10,1.25,0.09999999999999996,0.3846153846153844,0.28571428571428564,18.28571428571429,1.2941176470588232,0.2727272727272727,0.25,0.28,1.3333333333333328,1.428571428571428,0.8076923076923073,1.0,0.6000000000000001,0.25,0.11538461538461534,1.0909090909090908,2.1149425287356323,16.237113402061855,0.9130434782608691,2.8000000000000003,0.4,2.085106382978723,0.5,0.6842105263157892,0.34482758620689624,0.6666666666666664,1.68,0.2777777777777778,7.093333333333334,55.265822784810126,0.919354838709677,0.23529411764705882,4.444444444444445,0.33333333333333326,0.8571428571428571,0.7142857142857142
2018-09-01,0.6999999999999996,0.6249999999999998,2.151898734177215,0.727272727272727,0.71875,0.7000000000000001,1.21875,0.23188405797101447,0.3333333333333333,0.25,1.4776119402985073,5.294117647058823,0.5641025641025639,12.8,0.7799999999999999,0.1764705882352941,0.5357142857142855,6.141176470588235,2.8082191780821915,1.9090909090909092,13.571428571428571,0.5,0.5769230769230766,10,1.25,0.09999999999999996,0.3846153846153844,0.28571428571428564,16.000000000000004,1.1764705882352937,0.18181818181818182,0.25,0.28,1.2666666666666662,1.8571428571428563,0.8076923076923073,1.75,0.7000000000000001,0.46428571428571425,0.11538461538461534,0.9454545454545454,1.839080459770115,15.309278350515465,0.9130434782608691,2.8000000000000003,1.0,2.382978723404255,0.6000000000000001,0.5789473684210523,0.4137931034482755,0.6666666666666664,1.56,0.2777777777777778,7.466666666666667,48.54430379746835,0.7903225806451609,0.23529411764705882,4.444444444444445,0.2592592592592592,1.3714285714285714,1.2380952380952381
2018-10-01,0.6999999999999996,0.7499999999999997,2.151898734177215,0.727272727272727,0.65625,0.7000000000000001,1.125,0.28985507246376807,0.4444444444444444,0.375,1.4776119402985073,5.294117647058823,0.5641025641025639,12.266666666666666,0.7999999999999998,0.1764705882352941,0.6428571428571426,6.141176470588235,3.150684931506849,2.121212121212121,13.571428571428571,0.5227272727272727,0.5769230769230766,11,1.5,0.09999999999999996,0.42307692307692285,0.4285714285714285,18.28571428571429,1.2941176470588232,0.2727272727272727,0.41666666666666663,0.28,1.3333333333333328,1.7142857142857135,0.8846153846153841,1.75,0.8,0.6428571428571428,0.23076923076923067,0.9272727272727272,1.839080459770115,16.237113402061855,0.9130434782608691,2.8000000000000003,0.9,2.085106382978723,0.8,0.6315789473684208,0.4827586206896548,0.6666666666666664,1.56,0.2222222222222222,6.8133333333333335,38.08860759493671,0.6774193548387094,0.3529411764705882,4.0740740740740735,0.2962962962962962,1.3142857142857143,1.2380952380952381
2018-11-01,0.7999999999999996,0.7499999999999997,1.8354430379746836,0.5757575757575755,0.5625,0.8,1.0,0.28985507246376807,0.4444444444444444,0.5,1.2985074626865671,5.176470588235294,0.48717948717948695,13.866666666666667,0.8199999999999998,0.23529411764705882,0.6785714285714283,6.564705882352941,2.9452054794520546,2.3333333333333335,12.795918367346939,0.5,0.5192307692307689,13,1.75,0.14999999999999994,0.46153846153846134,0.5714285714285713,22.85714285714286,1.5294117647058818,0.2727272727272727,0.5833333333333333,0.42000000000000004,1.4666666666666661,1.428571428571428,0.7692307692307688,1.5,0.9,0.6071428571428571,0.23076923076923067,0.8545454545454545,1.8850574712643677,15.309278350515465,1.0434782608695647,3.2,0.7000000000000001,2.234042553191489,0.7000000000000001,0.789473684210526,0.4827586206896548,0.8888888888888885,1.7999999999999998,0.4444444444444444,6.44,30.62025316455696,0.7419354838709674,0.3529411764705882,4.62962962962963,0.40740740740740733,1.1428571428571428,0.9523809523809523
2018-12-01,0.8999999999999996,0.7499999999999997,1.8354430379746836,0.5151515151515149,0.53125,0.8,0.9375,0.3768115942028985,0.4444444444444444,0.5,1.164179104477612,5.647058823529411,0.5897435897435895,14.4,0.9199999999999998,0.23529411764705882,0.6428571428571426,6.988235294117647,2.671232876712329,2.5454545454545454,12.020408163265305,0.4318181818181818,0.4999999999999998,14,1.75,0.14999999999999994,0.46153846153846134,0.5714285714285713,27.42857142857143,1.7647058823529405,0.36363636363636365,0.5,0.42000000000000004,1.4666666666666661,1.3571428571428565,0.8461538461538457,1.25,0.8,0.5714285714285714,0.23076923076923067,0.7818181818181817,1.793103448275862,16.237113402061855,1.2608695652173907,3.2,0.6000000000000001,2.6808510638297873,0.8,0.7368421052631575,0.4827586206896548,0.8888888888888885,2.04,0.38888888888888884,8.306666666666667,34.35443037974684,0.7096774193548384,0.47058823529411764,6.018518518518518,0.40740740740740733,0.9142857142857143,0.7619047619047619
2019-01-01,0.8999999999999996,0.7499999999999997,1.9620253164556964,0.6060606060606057,0.5625,0.7000000000000001,1.03125,0.28985507246376807,0.4444444444444444,0.375,1.253731343283582,4.9411764705882355,0.48717948717948695,12.266666666666666,0.7199999999999999,0.23529411764705882,0.6428571428571426,6.352941176470588,2.8082191780821915,2.3333333333333335,12.408163265306122,0.4545454545454546,0.48076923076923056,13,1.5,0.09999999999999996,0.3846153846153844,0.4285714285714285,22.85714285714286,1.4117647058823524,0.2727272727272727,0.41666666666666663,0.42000000000000004,1.2666666666666662,1.7142857142857135,0.8076923076923073,1.5,0.7000000000000001,0.42857142857142855,0.11538461538461534,0.8181818181818181,1.8850574712643677,15.309278350515465,1.0434782608695647,3.2,0.7000000000000001,2.085106382978723,0.6000000000000001,0.7368421052631575,0.4137931034482755,0.8333333333333329,1.68,0.3333333333333333,6.8133333333333335,29.126582278481013,0.6612903225806449,0.47058823529411764,3.7962962962962963,0.33333333333333326,1.0857142857142856,0.9047619047619047
2019-02-01,0.6999999999999996,0.7499999999999997,1.89873417721519,0.5757575757575755,0.53125,0.7000000000000001,0.96875,0.23188405797101447,0.3333333333333333,0.25,1.253731343283582,5.176470588235294,0.48717948717948695,11.733333333333333,0.6599999999999999,0.1764705882352941,0.6428571428571426,5.5058823529411764,3.150684931506849,1.9090909090909092,12.795918367346939,0.5,0.48076923076923056,11,1.5,0.09999999999999996,0.42307692307692285,0.4285714285714285,20.571428571428573,1.1764705882352937,0.18181818181818182,0.25,0.28,1.2666666666666662,1.6428571428571421,0.8846153846153841,1.75,0.7000000000000001,0.6428571428571428,0.11538461538461534,0.8545454545454545,1.9770114942528736,16.701030927835053,0.9999999999999994,2.8000000000000003,0.9,2.085106382978723,0.6000000000000001,0.6315789473684208,0.4137931034482755,0.6666666666666664,1.68,0.3333333333333333,6.44,38.835443037974684,0.7741935483870964,0.23529411764705882,3.4259259259259256,0.33333333333333326,1.3142857142857143,1.1904761904761905
2019-03-01,0.7999999999999996,0.8749999999999996,2.151898734177215,0.6969696969696967,0.59375,0.8,1.0,0.2608695652173913,0.3333333333333333,0.375,1.4776119402985073,6.352941176470588,0.5641025641025639,13.866666666666667,0.7799999999999999,0.1764705882352941,0.6428571428571426,6.564705882352941,3.287671232876712,2.3333333333333335,13.959183673469386,0.5681818181818182,0.5384615384615382,12,1.5,0.09999999999999996,0.42307692307692285,0.4285714285714285,22.85714285714286,1.5294117647058818,0.2727272727272727,0.3333333333333333,0.28,1.3999999999999995,1.785714285714285,0.8846153846153841,1.25,0.8,0.6785714285714285,0.23076923076923067,0.9636363636363636,1.9310344827586206,17.164948453608247,1.2608695652173907,3.2,0.7000000000000001,2.5319148936170213,0.9,0.9999999999999996,0.6206896551724133,0.9999999999999996,2.04,0.5,6.8133333333333335,44.063291139240505,0.7096774193548384,0.23529411764705882,4.0740740740740735,0.40740740740740733,1.2,1.0476190476190474
2019-04-01,0.8999999999999996,0.8749999999999996,2.278481012658228,0.6969696969696967,0.625,1.1,1.0625,0.7246376811594202,1.0,2.0,1.4328358208955223,7.294117647058823,0.6666666666666664,17.066666666666666,0.9999999999999999,0.23529411764705882,0.714285714285714,7.411764705882353,3.287671232876712,2.9696969696969697,14.346938775510203,0.5,0.5576923076923074,15,2.0,0.14999999999999994,0.46153846153846134,0.4285714285714285,29.71428571428572,1.9999999999999993,1.2727272727272727,0.5,0.42000000000000004,1.7333333333333325,2.0714285714285703,0.9230769230769227,1.5,1.0,0.6071428571428571,0.5769230769230766,0.9272727272727272,1.839080459770115,17.164948453608247,1.2608695652173907,3.2,0.7000000000000001,2.829787234042553,1.2000000000000002,0.8421052631578944,0.7586206896551718,0.9444444444444441,2.4,0.5555555555555556,7.28,45.55696202531645,0.6935483870967739,0.47058823529411764,4.722222222222222,0.4444444444444443,1.3142857142857143,1.1428571428571428
2019-05-01,0.8999999999999996,0.9999999999999996,2.151898734177215,0.6666666666666664,0.71875,0.9,1.1875,0.46376811594202894,0.6666666666666666,0.875,1.5223880597014925,6.470588235294118,0.5897435897435895,17.066666666666666,0.9999999999999999,0.23529411764705882,0.8214285714285711,6.352941176470588,3.9041095890410955,2.757575757575758,14.73469387755102,0.5909090909090909,0.5961538461538458,14,2.0,0.09999999999999996,0.4999999999999998,0.4285714285714285,25.142857142857146,1.88235294117647,0.6363636363636364,0.3333333333333333,0.28,1.5999999999999992,1.8571428571428563,0.9615384615384611,1.25,0.7000000000000001,0.46428571428571425,0.23076923076923067,0.9818181818181818,1.8850574712643677,16.237113402061855,1.2173913043478255,3.2,0.6000000000000001,2.6808510638297873,0.9,0.789473684210526,0.6206896551724133,0.8333333333333329,2.16,0.5,7.653333333333333,59.74683544303797,0.7903225806451609,0.3529411764705882,5.462962962962963,0.4444444444444443,1.1428571428571428,1.0476190476190474
2019-06-01,0.6999999999999996,0.6249999999999998,2.278481012658228,0.6969696969696967,0.625,0.9,1.28125,0.40579710144927533,0.5555555555555556,0.75,1.4328358208955223,6.470588235294118,0.6410256410256407,17.6,1.0399999999999998,0.1764705882352941,0.4999999999999998,6.564705882352941,2.9452054794520546,2.757575757575758,14.73469387755102,0.5227272727272727,0.5576923076923074,14,1.5,0.09999999999999996,0.3846153846153844,0.4285714285714285,25.142857142857146,1.9999999999999993,0.5454545454545454,0.3333333333333333,0.42000000000000004,1.5999999999999992,1.785714285714285,0.8076923076923073,1.25,0.7000000000000001,0.5714285714285714,0.11538461538461534,0.9454545454545454,1.8850574712643677,17.628865979381445,1.347826086956521,2.8000000000000003,0.6000000000000001,3.4255319148936167,1.1,0.8421052631578944,0.7586206896551718,0.9999999999999996,2.6399999999999997,0.5555555555555556,8.213333333333333,64.9746835443038,0.7741935483870964,0.3529411764705882,5.555555555555555,0.48148148148148134,1.0285714285714285,0.8571428571428571
2019-07-01,0.5999999999999996,0.6249999999999998,2.088607594936709,0.6666666666666664,0.625,0.9,1.25,0.3768115942028985,0.5555555555555556,0.75,1.4776119402985073,7.0588235294117645,0.6410256410256407,19.733333333333334,1.0199999999999998,0.1764705882352941,0.4642857142857141,7.2,2.671232876712329,2.757575757575758,15.122448979591836,0.5,0.5576923076923074,14,1.25,0.09999999999999996,0.346153846153846,0.4285714285714285,25.142857142857146,1.9999999999999993,0.4545454545454546,0.3333333333333333,0.42000000000000004,1.7999999999999992,1.6428571428571421,0.7692307692307688,1.0,0.7000000000000001,0.42857142857142855,0.11538461538461534,0.9818181818181818,1.9770114942528736,17.164948453608247,1.565217391304347,2.8000000000000003,0.5,3.2765957446808507,1.2000000000000002,0.9999999999999996,0.827586206896551,0.9999999999999996,2.76,0.611111111111111,7.840000000000001,63.48101265822785,0.7741935483870964,0.3529411764705882,5.37037037037037,0.48148148148148134,0.8571428571428571,0.6666666666666666
2019-08-01,0.4999999999999998,0.6249999999999998,2.2151898734177218,0.727272727272727,0.6875,0.8,1.1875,0.2608695652173913,0.3333333333333333,0.375,1.5223880597014925,5.88235294117647,0.5128205128205126,17.066666666666666,1.0599999999999998,0.11764705882352941,0.4642857142857141,6.352941176470588,2.602739726027397,2.5454545454545454,14.346938775510203,0.5454545454545454,0.5769230769230766,12,1.25,0.09999999999999996,0.30769230769230754,0.4285714285714285,20.571428571428573,1.6470588235294112,0.2727272727272727,0.3333333333333333,0.28,1.4666666666666661,1.785714285714285,0.8076923076923073,1.0,0.5,0.25,0.11538461538461534,1.0363636363636364,1.8850574712643677,17.628865979381445,1.2608695652173907,2.8000000000000003,0.4,2.978723404255319,1.2000000000000002,0.789473684210526,0.7586206896551718,0.8888888888888885,2.6399999999999997,0.611111111111111,7.653333333333333,59.0,0.8709677419354834,0.23529411764705882,5.277777777777778,0.40740740740740733,0.9142857142857143,0.6666666666666666
2019-09-01,0.5999999999999996,0.7499999999999997,2.088607594936709,0.6666666666666664,0.59375,0.9,1.125,0.40579710144927533,0.4444444444444444,0.5,1.3432835820895521,6.235294117647059,0.5384615384615382,17.6,1.0599999999999998,0.1764705882352941,0.6071428571428569,6.776470588235294,2.9452054794520546,2.757575757575758,13.571428571428571,0.4545454545454546,0.5576923076923074,14,1.25,0.14999999999999994,0.46153846153846134,0.5714285714285713,25.142857142857146,1.7647058823529405,0.36363636363636365,0.5833333333333333,0.42000000000000004,1.5999999999999992,2.0714285714285703,0.9615384615384611,2.0,1.0,0.46428571428571425,0.23076923076923067,0.9272727272727272,1.9310344827586206,16.701030927835053,1.3043478260869559,3.2,1.1,3.2765957446808507,1.3,0.9999999999999996,0.827586206896551,1.1111111111111107,2.4,0.5,7.0,49.291139240506325,0.7580645161290319,0.3529411764705882,4.537037037037037,0.3703703703703703,1.5428571428571427,1.380952380952381
2019-10-01,0.6999999999999996,0.8749999999999996,1.9620253164556964,0.6363636363636361,0.59375,0.8,1.0,0.6376811594202898,1.0,1.75,1.2985074626865671,6.235294117647059,0.5897435897435895,18.133333333333333,1.0399999999999998,0.1764705882352941,0.6071428571428569,5.929411764705883,3.013698630136986,2.9696969696969697,12.795918367346939,0.4090909090909091,0.5192307692307689,13,1.5,0.14999999999999994,0.42307692307692285,0.4285714285714285,25.142857142857146,1.9999999999999993,1.0,0.5,0.42000000000000004,1.4666666666666661,1.785714285714285,0.9230769230769227,1.5,0.8,0.5357142857142857,0.46153846153846134,0.8363636363636363,1.839080459770115,16.701030927835053,1.1739130434782603,2.8000000000000003,0.8,2.829787234042553,1.1,0.8421052631578944,0.7586206896551718,0.8888888888888885,2.16,0.5,7.093333333333334,38.835443037974684,0.6451612903225803,0.3529411764705882,3.9814814814814814,0.3703703703703703,1.2,1.0476190476190474
2019-11-01,0.5999999999999996,0.7499999999999997,1.89873417721519,0.5757575757575755,0.5,0.8,1.0,0.3188405797101449,0.4444444444444444,0.5,1.208955223880597,5.294117647058823,0.5897435897435895,16.53333333333333,0.9199999999999998,0.11764705882352941,0.6071428571428569,5.5058823529411764,2.671232876712329,2.757575757575758,12.020408163265305,0.4318181818181818,0.48076923076923056,12,1.25,0.09999999999999996,0.42307692307692285,0.28571428571428564,18.28571428571429,1.5294117647058818,0.36363636363636365,0.3333333333333333,0.28,1.2666666666666662,1.6428571428571421,0.8461538461538457,1.0,0.5,0.39285714285714285,0.11538461538461534,0.7636363636363636,1.6091954022988506,15.309278350515465,1.0434782608695647,2.8000000000000003,0.5,2.829787234042553,1.0,0.6842105263157892,0.6206896551724133,0.7222222222222219,2.28,0.4444444444444444,6.626666666666667,33.60759493670886,0.6612903225806449,0.23529411764705882,4.722222222222222,0.3703703703703703,1.1428571428571428,0.9523809523809523
2019-12-01,0.4999999999999998,0.6249999999999998,1.6455696202531647,0.45454545454545436,0.46875,0.7000000000000001,0.9375,0.2608695652173913,0.3333333333333333,0.375,1.1194029850746268,5.176470588235294,0.5897435897435895,16.0,0.8999999999999999,0.1764705882352941,0.4642857142857141,5.5058823529411764,2.602739726027397,2.121212121212121,11.244897959183673,0.4090909090909091,0.3653846153846152,11,1.25,0.09999999999999996,0.346153846153846,0.28571428571428564,18.28571428571429,1.5294117647058818,0.2727272727272727,0.25,0.28,1.2666666666666662,1.428571428571428,0.7307692307692304,1.0,0.5,0.3571428571428571,0.11538461538461534,0.7636363636363636,1.471264367816092,16.237113402061855,1.1739130434782603,2.4000000000000004,0.4,2.6808510638297873,1.0,0.6315789473684208,0.6896551724137925,0.6666666666666664,2.28,0.5,7.933333333333334,35.10126582278481,0.5967741935483868,0.23529411764705882,5.7407407407407405,0.40740740740740733,0.9142857142857143,0.8095238095238095
2020-01-01,0.5999999999999996,0.7499999999999997,1.9620253164556964,0.6666666666666664,0.5625,0.7000000000000001,1.125,0.2608695652173913,0.4444444444444444,0.375,1.3432835820895521,4.823529411764706,0.5128205128205126,14.4,0.8399999999999999,0.1764705882352941,0.6071428571428569,5.5058823529411764,2.73972602739726,2.121212121212121,12.020408163265305,0.4318181818181818,0.48076923076923056,12,1.5,0.09999999999999996,0.3846153846153844,0.4285714285714285,20.571428571428573,1.5294117647058818,0.2727272727272727,0.5,0.42000000000000004,1.3333333333333328,1.6428571428571421,0.7307692307692304,1.25,0.6000000000000001,0.3571428571428571,0.11538461538461534,0.7818181818181817,1.6091954022988506,15.77319587628866,1.1739130434782603,3.2,0.6000000000000001,2.382978723404255,0.9,0.7368421052631575,0.6206896551724133,0.8333333333333329,2.28,0.5,6.44,29.873417721518987,0.6935483870967739,0.3529411764705882,3.888888888888889,0.33333333333333326,1.0857142857142856,0.9523809523809523
2020-02-01,0.5999999999999996,0.7499999999999997,2.0253164556962027,0.6969696969696967,0.5625,0.8,1.1875,0.2608695652173913,0.4444444444444444,0.375,1.3880597014925373,4.823529411764706,0.48717948717948695,14.4,0.9399999999999998,0.1764705882352941,0.6428571428571426,5.5058823529411764,3.150684931506849,2.5454545454545454,13.183673469387754,0.4545454545454546,0.5769230769230766,13,1.5,0.14999999999999994,0.46153846153846134,0.4285714285714285,20.571428571428573,1.5294117647058818,0.2727272727272727,0.3333333333333333,0.42000000000000004,1.4666666666666661,1.785714285714285,0.8846153846153841,2.0,0.8,0.5714285714285714,0.11538461538461534,0.8181818181818181,1.793103448275862,16.701030927835053,1.2608695652173907,2.8000000000000003,1.0,2.5319148936170213,1.0,0.8421052631578944,0.6896551724137925,0.8888888888888885,2.28,0.611111111111111,6.253333333333334,40.32911392405063,0.7580645161290319,0.3529411764705882,3.7962962962962963,0.40740740740740733,1.3714285714285714,1.2857142857142856
2020-03-01,0.9999999999999996,0.9999999999999996,1.3291139240506329,0.45454545454545436,0.375,1.2000000000000002,0.6875,0.5507246376811593,0.6666666666666666,1.0,0.9402985074626865,6.705882352941177,1.179487179487179,17.6,0.9399999999999998,0.3529411764705882,0.7857142857142854,10.8,2.5342465753424657,5.303030303030303,9.306122448979592,0.3181818181818182,0.32692307692307676,22,2.0,0.34999999999999987,0.5384615384615382,1.2857142857142854,52.57142857142858,3.176470588235293,0.5454545454545454,1.75,1.4000000000000001,2.2666666666666657,2.357142857142856,0.8461538461538457,2.75,2.1,0.5714285714285714,0.23076923076923067,0.6,1.1494252873563218,18.09278350515464,2.478260869565216,5.6000000000000005,1.1,3.872340425531915,1.7000000000000002,1.578947368421052,1.103448275862068,1.6111111111111105,3.0,1.0555555555555556,6.066666666666667,30.62025316455696,0.4516129032258063,1.1764705882352942,5.0,0.6666666666666665,1.3714285714285714,1.3333333333333333
2020-04-01,0.9999999999999996,0.9999999999999996,1.0126582278481013,0.30303030303030287,0.28125,1.2000000000000002,0.53125,0.49275362318840576,0.6666666666666666,0.75,0.7164179104477612,5.529411764705882,0.9743589743589739,15.466666666666667,0.6999999999999998,0.3529411764705882,0.7857142857142854,9.529411764705882,2.9452054794520546,4.878787878787879,6.591836734693877,0.25,0.346153846153846,22,2.25,0.2999999999999999,0.5384615384615382,1.2857142857142854,45.71428571428572,3.176470588235293,0.5454545454545454,1.4166666666666665,1.2600000000000002,1.9999999999999991,2.7857142857142847,0.8846153846153841,2.75,2.1,0.7142857142857142,0.23076923076923067,0.43636363636363634,0.7816091954022988,17.164948453608247,1.8695652173913033,6.0,1.2000000000000002,3.127659574468085,1.5,1.2105263157894732,1.0344827586206888,1.3333333333333328,2.4,0.8888888888888888,5.413333333333334,22.40506329113924,0.3548387096774192,1.1764705882352942,5.555555555555555,0.5185185185185184,1.5999999999999999,1.619047619047619
2020-05-01,0.4999999999999998,0.7499999999999997,1.3924050632911393,0.48484848484848464,0.34375,0.7000000000000001,0.6875,0.2608695652173913,0.3333333333333333,0.375,1.0298507462686566,4.235294117647059,0.5128205128205126,11.733333333333333,0.5599999999999999,0.1764705882352941,0.5357142857142855,4.658823529411765,2.73972602739726,2.3333333333333335,9.306122448979592,0.29545454545454547,0.40384615384615363,12,1.25,0.14999999999999994,0.346153846153846,0.5714285714285713,20.571428571428573,1.5294117647058818,0.2727272727272727,0.5,0.42000000000000004,1.2666666666666662,2.357142857142856,0.9999999999999996,1.25,0.8,0.3571428571428571,0.11538461538461534,0.6727272727272727,0.9195402298850575,16.237113402061855,0.9565217391304343,2.8000000000000003,0.7000000000000001,2.5319148936170213,1.1,0.6842105263157892,0.7586206896551718,0.7777777777777775,2.04,0.5555555555555556,5.133333333333334,39.58227848101266,0.4838709677419353,0.3529411764705882,5.833333333333333,0.40740740740740733,1.4285714285714286,1.4285714285714284
2020-06-01,0.3999999999999998,0.4999999999999998,1.6455696202531647,0.5151515151515149,0.4375,0.6000000000000001,0.875,0.17391304347826086,0.3333333333333333,0.25,1.0746268656716418,3.8823529411764706,0.4358974358974357,10.666666666666666,0.5599999999999999,0.11764705882352941,0.3928571428571427,3.8117647058823527,2.2602739726027394,1.9090909090909092,10.081632653061224,0.34090909090909094,0.46153846153846134,10,1.0,0.09999999999999996,0.2692307692307691,0.4285714285714285,13.714285714285715,1.1764705882352937,0.18181818181818182,0.25,0.28,1.1333333333333329,1.9999999999999991,0.8846153846153841,1.0,0.5,0.2857142857142857,0.11538461538461534,0.7818181818181817,1.103448275862069,17.164948453608247,0.6956521739130431,2.4000000000000004,0.5,2.085106382978723,0.8,0.6315789473684208,0.551724137931034,0.6111111111111108,1.92,0.5,6.066666666666667,51.53164556962025,0.5967741935483868,0.11764705882352941,5.37037037037037,0.33333333333333326,1.0857142857142856,1.0
2020-07-01,0.3999999999999998,0.4999999999999998,1.7721518987341773,0.5454545454545452,0.5,0.6000000000000001,0.90625,0.20289855072463767,0.2222222222222222,0.25,1.208955223880597,3.411764705882353,0.38461538461538447,10.666666666666666,0.58,0.11764705882352941,0.3928571428571427,3.6,2.1232876712328768,1.696969696969697,11.244897959183673,0.34090909090909094,0.48076923076923056,9,1.0,0.09999999999999996,0.2692307692307691,0.4285714285714285,11.42857142857143,0.941176470588235,0.18181818181818182,0.25,0.28,1.0666666666666662,1.9999999999999991,0.8076923076923073,1.0,0.4,0.2857142857142857,0.11538461538461534,0.8363636363636363,1.103448275862069,17.164948453608247,0.6521739130434779,2.4000000000000004,0.5,2.234042553191489,0.7000000000000001,0.5789473684210523,0.4137931034482755,0.6111111111111108,1.7999999999999998,0.38888888888888884,6.16,55.265822784810126,0.6935483870967739,0.11764705882352941,4.722222222222222,0.2592592592592592,0.9714285714285714,0.9047619047619047
2020-08-01,0.2999999999999998,0.4999999999999998,1.5822784810126582,0.5151515151515149,0.40625,0.6000000000000001,0.875,0.17391304347826086,0.2222222222222222,0.25,1.0298507462686566,3.2941176470588234,0.3589743589743588,10.666666666666666,0.5599999999999999,0.11764705882352941,0.3928571428571427,3.176470588235294,2.054794520547945,1.696969696969697,10.081632653061224,0.29545454545454547,0.40384615384615363,9,1.0,0.09999999999999996,0.23076923076923067,0.4285714285714285,13.714285714285715,0.941176470588235,0.09090909090909091,0.25,0.28,0.9999999999999996,2.0714285714285703,0.8461538461538457,0.75,0.4,0.25,0.11538461538461534,0.7090909090909091,0.9655172413793103,15.77319587628866,0.6956521739130431,2.0,0.4,2.085106382978723,0.7000000000000001,0.5789473684210523,0.4827586206896548,0.6111111111111108,1.7999999999999998,0.38888888888888884,5.413333333333334,47.79746835443038,0.6290322580645158,0.11764705882352941,4.351851851851851,0.33333333333333326,1.1428571428571428,1.0
2020-09-01,0.3999999999999998,0.6249999999999998,1.518987341772152,0.5151515151515149,0.40625,0.5,0.84375,0.14492753623188404,0.3333333333333333,0.25,1.0298507462686566,3.0588235294117645,0.3589743589743588,9.6,0.49999999999999994,0.1764705882352941,0.5357142857142855,2.9647058823529413,2.671232876712329,1.4848484848484849,10.081632653061224,0.34090909090909094,0.42307692307692285,9,1.0,0.09999999999999996,0.346153846153846,0.4285714285714285,13.714285714285715,0.941176470588235,0.18181818181818182,0.25,0.28,1.0666666666666662,2.6428571428571415,1.0384615384615379,2.0,0.6000000000000001,0.5,0.11538461538461534,0.6181818181818182,1.103448275862069,15.309278350515465,0.6956521739130431,2.4000000000000004,1.3,1.9361702127659575,0.8,0.4736842105263156,0.551724137931034,0.4999999999999998,1.68,0.38888888888888884,5.226666666666667,43.31645569620253,0.5645161290322578,0.23529411764705882,3.7962962962962963,0.2592592592592592,2.0,2.142857142857143
2020-10-01,0.5999999999999996,0.6249999999999998,1.518987341772152,0.5151515151515149,0.40625,0.5,0.84375,0.14492753623188404,0.3333333333333333,0.25,1.0298507462686566,2.941176470588235,0.38461538461538447,9.6,0.5399999999999999,0.11764705882352941,0.5714285714285712,2.7529411764705882,2.5342465753424657,1.4848484848484849,9.693877551020408,0.29545454545454547,0.3653846153846152,10,1.25,0.09999999999999996,0.346153846153846,0.4285714285714285,13.714285714285715,0.941176470588235,0.18181818181818182,0.25,0.28,1.2666666666666662,2.2857142857142847,0.9615384615384611,2.0,0.7000000000000001,0.5714285714285714,0.23076923076923067,0.5636363636363636,1.0114942528735633,15.77319587628866,0.7391304347826083,2.8000000000000003,1.2000000000000002,2.085106382978723,0.8,0.4736842105263156,0.551724137931034,0.4999999999999998,1.92,0.4444444444444444,5.88,41.075949367088604,0.5322580645161288,0.23529411764705882,4.166666666666666,0.2962962962962962,1.7714285714285714,1.7142857142857142
2020-11-01,0.7999999999999996,0.7499999999999997,1.2658227848101267,0.39393939393939376,0.34375,0.6000000000000001,0.65625,0.14492753623188404,0.3333333333333333,0.25,0.8507462686567163,2.941176470588235,0.3333333333333332,9.6,0.5199999999999999,0.1764705882352941,0.5357142857142855,2.541176470588235,2.5342465753424657,1.4848484848484849,8.142857142857142,0.2727272727272727,0.32692307692307676,10,1.75,0.09999999999999996,0.3846153846153844,0.4285714285714285,18.28571428571429,0.8235294117647056,0.18181818181818182,0.25,0.42000000000000004,1.1999999999999995,1.8571428571428563,0.7692307692307688,1.25,0.6000000000000001,0.39285714285714285,0.23076923076923067,0.5636363636363636,0.8275862068965517,14.381443298969073,0.6956521739130431,2.8000000000000003,0.7000000000000001,2.085106382978723,0.9,0.4210526315789472,0.6206896551724133,0.44444444444444425,2.04,0.4444444444444444,4.946666666666667,28.379746835443036,0.4677419354838708,0.47058823529411764,4.722222222222222,0.33333333333333326,1.3142857142857143,1.2857142857142856
2020-12-01,0.3999999999999998,0.4999999999999998,1.2658227848101267,0.39393939393939376,0.34375,0.6000000000000001,0.6875,0.11594202898550723,0.2222222222222222,0.125,0.8507462686567163,3.0588235294117645,0.3333333333333332,9.6,0.5399999999999999,0.11764705882352941,0.3928571428571427,2.7529411764705882,2.328767123287671,1.4848484848484849,8.53061224489796,0.29545454545454547,0.30769230769230754,9,0.75,0.09999999999999996,0.2692307692307691,0.4285714285714285,13.714285714285715,0.8235294117647056,0.09090909090909091,0.25,0.28,1.2666666666666662,1.8571428571428563,0.8076923076923073,1.0,0.4,0.3214285714285714,0.11538461538461534,0.5272727272727272,0.9195402298850575,15.77319587628866,0.7826086956521735,2.4000000000000004,0.5,2.234042553191489,1.0,0.526315789473684,0.6896551724137925,0.5555555555555554,2.16,0.5,5.973333333333334,35.848101265822784,0.4999999999999998,0.23529411764705882,5.185185185185185,0.3703703703703703,1.0857142857142856,1.0476190476190474
2021-01-01,1.1999999999999993,1.1249999999999996,1.6455696202531647,0.5151515151515149,0.4375,0.7000000000000001,0.875,0.20289855072463767,0.4444444444444444,0.375,1.0298507462686566,3.5294117647058822,0.46153846153846134,10.133333333333333,0.5399999999999999,0.23529411764705882,0.6071428571428569,3.6,2.2602739726027394,1.9090909090909092,9.693877551020408,0.3181818181818182,0.40384615384615363,14,2.5,0.14999999999999994,0.3846153846153844,0.7142857142857141,27.42857142857143,1.0588235294117643,0.2727272727272727,0.5833333333333333,0.8400000000000001,1.4666666666666661,1.8571428571428563,0.8076923076923073,1.5,1.0,0.42857142857142855,0.34615384615384603,0.5818181818181818,0.9195402298850575,15.77319587628866,1.1739130434782603,3.6,0.8,2.234042553191489,1.0,0.5789473684210523,0.6206896551724133,0.6666666666666664,2.28,0.6666666666666666,5.226666666666667,28.379746835443036,0.6129032258064513,0.7058823529411764,3.9814814814814814,0.3703703703703703,1.2571428571428571,1.1904761904761905
2021-02-01,1.5999999999999992,1.1249999999999996,1.8354430379746836,0.5454545454545452,0.46875,0.9,1.0,0.2608695652173913,0.6666666666666666,0.75,1.1194029850746268,3.8823529411764706,0.5384615384615382,11.2,0.5999999999999999,0.29411764705882354,0.7857142857142854,4.447058823529412,2.8082191780821915,2.3333333333333335,10.857142857142858,0.34090909090909094,0.46153846153846134,18,2.75,0.19999999999999993,0.5769230769230766,0.857142857142857,38.85714285714286,1.5294117647058818,0.5454545454545454,0.8333333333333333,0.9800000000000001,1.7333333333333325,2.6428571428571415,0.9230769230769227,2.75,1.6,0.6428571428571428,0.6923076923076921,0.7090909090909091,1.0574712643678161,15.77319587628866,1.2173913043478255,4.800000000000001,1.4000000000000001,2.6808510638297873,1.3,0.7368421052631575,0.8965517241379303,0.7777777777777775,2.52,0.8333333333333333,5.88,33.60759493670886,0.6612903225806449,0.9411764705882353,4.722222222222222,0.4444444444444443,1.7714285714285714,1.7142857142857142
2021-03-01,1.699999999999999,1.1249999999999996,2.088607594936709,0.727272727272727,0.65625,1.1,1.21875,0.40579710144927533,1.0,1.375,1.3880597014925373,4.470588235294118,0.48717948717948695,12.8,0.6799999999999999,0.29411764705882354,0.6785714285714283,4.658823529411765,3.219178082191781,2.757575757575758,13.959183673469386,0.38636363636363635,0.5384615384615382,19,2.75,0.14999999999999994,0.5384615384615382,0.857142857142857,41.142857142857146,1.6470588235294112,0.9090909090909092,0.8333333333333333,0.9800000000000001,1.7999999999999992,2.142857142857142,0.8461538461538457,2.5,1.6,0.6428571428571428,1.1538461538461533,0.8363636363636363,1.2413793103448276,16.237113402061855,1.0434782608695647,4.800000000000001,1.2000000000000002,2.829787234042553,1.5,0.8947368421052627,1.0344827586206888,0.9999999999999996,3.12,1.0,5.413333333333334,42.56962025316456,0.6774193548387094,1.1764705882352942,4.351851851851851,0.5185185185185184,1.5428571428571427,1.476190476190476
2021-04-01,0.6999999999999996,0.7499999999999997,1.89873417721519,0.6666666666666664,0.53125,0.9,1.15625,0.2608695652173913,0.4444444444444444,0.625,1.3432835820895521,3.764705882352941,0.4358974358974357,13.866666666666667,0.6799999999999999,0.1764705882352941,0.5357142857142855,3.6,3.219178082191781,2.757575757575758,12.408163265306122,0.4090909090909091,0.5192307692307689,13,1.5,0.09999999999999996,0.3846153846153844,0.5714285714285713,20.571428571428573,1.4117647058823524,0.4545454545454546,0.3333333333333333,0.42000000000000004,1.5999999999999992,2.4285714285714275,1.0384615384615379,1.5,0.8,0.5357142857142857,0.34615384615384603,0.7636363636363636,1.2873563218390804,17.164948453608247,0.9130434782608691,3.2,0.7000000000000001,2.829787234042553,1.2000000000000002,0.7368421052631575,0.827586206896551,0.7222222222222219,2.76,0.7777777777777777,5.506666666666667,50.037974683544306,0.7258064516129029,0.3529411764705882,4.62962962962963,0.40740740740740733,1.4857142857142858,1.4285714285714284
2021-05-01,1.3999999999999992,1.2499999999999996,2.151898734177215,0.727272727272727,0.625,1.4000000000000001,1.15625,0.46376811594202894,1.0,1.625,1.4328358208955223,5.176470588235294,0.6666666666666664,21.333333333333332,1.14,0.3529411764705882,0.714285714285714,19.694117647058825,3.6301369863013697,4.242424242424242,13.571428571428571,0.4318181818181818,0.5576923076923074,23,3.25,0.24999999999999992,0.4999999999999998,0.9999999999999998,54.85714285714286,2.235294117647058,1.0909090909090908,1.5833333333333333,1.4000000000000001,2.733333333333332,3.928571428571427,1.1153846153846148,2.25,1.9000000000000001,0.6071428571428571,1.038461538461538,0.8545454545454545,1.3333333333333333,19.02061855670103,1.6521739130434774,5.2,0.9,5.212765957446808,2.5,1.052631578947368,1.655172413793102,1.166666666666666,4.68,1.222222222222222,7.28,61.9873417721519,0.8225806451612899,1.1764705882352942,6.388888888888888,0.5925925925925924,2.0,1.7142857142857142
2021-06-01,0.8999999999999996,0.7499999999999997,2.088607594936709,0.727272727272727,0.65625,0.8,1.0625,0.3768115942028985,0.7777777777777777,1.0,1.3432835820895521,4.470588235294118,0.5384615384615382,17.6,0.9599999999999999,0.23529411764705882,0.5357142857142855,5.08235294117647,2.5342465753424657,3.181818181818182,12.795918367346939,0.4318181818181818,0.5384615384615382,16,2.0,0.14999999999999994,0.346153846153846,0.7142857142857141,27.42857142857143,1.7647058823529405,0.7272727272727273,0.5,0.7000000000000001,1.9333333333333325,2.142857142857142,0.8846153846153841,1.5,0.8,0.3571428571428571,0.5769230769230766,0.8181818181818181,1.3333333333333333,18.09278350515464,1.1739130434782603,3.2,0.6000000000000001,4.170212765957446,2.0,0.8421052631578944,1.3103448275862057,0.8888888888888885,3.12,0.9444444444444444,6.066666666666667,59.0,0.7580645161290319,0.47058823529411764,5.185185185185185,0.5185185185185184,1.1428571428571428,1.0
2021-07-01,0.8999999999999996,0.7499999999999997,2.088607594936709,0.727272727272727,0.59375,1.0,1.03125,0.40579710144927533,0.7777777777777777,1.125,1.3880597014925373,4.588235294117647,0.5897435897435895,19.733333333333334,1.14,0.23529411764705882,0.5357142857142855,5.08235294117647,2.2602739726027394,3.606060606060606,12.795918367346939,0.38636363636363635,0.4999999999999998,16,2.0,0.14999999999999994,0.3846153846153844,0.7142857142857141,27.42857142857143,1.88235294117647,0.8181818181818182,0.5,0.7000000000000001,2.1333333333333324,1.9999999999999991,0.8846153846153841,1.25,0.8,0.3571428571428571,0.8076923076923074,0.7999999999999999,1.2873563218390804,18.556701030927837,1.0434782608695647,3.6,0.5,4.468085106382978,2.1,0.9999999999999996,1.379310344827585,0.9999999999999996,3.48,0.9444444444444444,6.253333333333334,61.24050632911392,0.6935483870967739,0.5882352941176471,5.185185185185185,0.5185185185185184,1.0285714285714285,0.8095238095238095
2021-08-01,0.7999999999999996,0.7499999999999997,2.088607594936709,0.6363636363636361,0.59375,0.8,1.15625,0.3188405797101449,0.5555555555555556,0.875,1.208955223880597,4.235294117647059,0.4358974358974357,17.6,1.0599999999999998,0.23529411764705882,0.5714285714285712,4.447058823529412,2.191780821917808,2.9696969696969697,13.183673469387754,0.34090909090909094,0.5192307692307689,15,1.75,0.09999999999999996,0.30769230769230754,0.7142857142857141,25.142857142857146,1.6470588235294112,0.6363636363636364,0.5,0.56,2.066666666666666,2.142857142857142,0.8461538461538457,1.25,0.7000000000000001,0.2857142857142857,0.5769230769230766,0.7454545454545454,1.2873563218390804,18.556701030927837,0.9999999999999994,3.2,0.5,4.170212765957446,1.9000000000000001,0.8947368421052627,1.2413793103448265,0.8888888888888885,3.36,0.8888888888888888,5.88,53.77215189873418,0.7419354838709674,0.5882352941176471,4.907407407407407,0.4444444444444443,1.0857142857142856,0.9047619047619047
2021-09-01,0.5999999999999996,0.7499999999999997,1.8354430379746836,0.6666666666666664,0.53125,0.8,0.96875,0.28985507246376807,0.6666666666666666,0.75,1.164179104477612,3.8823529411764706,0.4102564102564101,17.066666666666666,0.8799999999999999,0.23529411764705882,0.6428571428571426,4.235294117647059,2.328767123287671,2.5454545454545454,11.244897959183673,0.34090909090909094,0.46153846153846134,14,1.5,0.14999999999999994,0.3846153846153844,0.7142857142857141,22.85714285714286,1.4117647058823524,0.5454545454545454,0.5,0.56,1.9333333333333325,2.357142857142856,0.9230769230769227,2.0,0.8,0.5,0.46153846153846134,0.6545454545454545,1.2873563218390804,19.948453608247423,0.9130434782608691,3.6,1.2000000000000002,3.4255319148936167,1.7000000000000002,0.789473684210526,1.103448275862068,0.8888888888888885,3.0,0.8333333333333333,5.786666666666667,48.54430379746835,0.6290322580645158,0.47058823529411764,4.351851851851851,0.40740740740740733,1.657142857142857,1.6666666666666665
2021-10-01,1.2999999999999994,0.9999999999999996,1.89873417721519,0.5757575757575755,0.5625,1.3,1.03125,0.6666666666666666,2.111111111111111,3.125,1.164179104477612,5.294117647058823,0.6666666666666664,18.666666666666668,0.7799999999999999,0.3529411764705882,0.7499999999999997,5.5058823529411764,2.5342465753424657,3.8181818181818183,11.63265306122449,0.29545454545454547,0.4999999999999998,23,2.75,0.24999999999999992,0.5769230769230766,0.9999999999999998,45.71428571428572,1.9999999999999993,2.6363636363636362,1.0833333333333333,1.2600000000000002,2.333333333333332,2.357142857142856,0.8846153846153841,2.75,1.6,0.7142857142857142,2.423076923076922,0.7090909090909091,1.1954022988505746,20.41237113402062,1.347826086956521,5.6000000000000005,1.3,4.914893617021276,2.5,1.2105263157894732,1.655172413793102,1.3333333333333328,4.2,1.2777777777777777,5.786666666666667,41.82278481012658,0.6290322580645158,1.4117647058823528,4.537037037037037,0.6666666666666665,1.5428571428571427,1.476190476190476
2021-11-01,1.2999999999999994,0.9999999999999996,1.89873417721519,0.6363636363636361,0.53125,1.3,1.0,0.608695652173913,1.6666666666666665,2.75,1.208955223880597,5.176470588235294,0.6153846153846151,20.8,0.9199999999999998,0.3529411764705882,0.714285714285714,5.5058823529411764,2.8082191780821915,4.454545454545455,11.63265306122449,0.3181818181818182,0.48076923076923056,23,2.75,0.19999999999999993,0.5384615384615382,0.9999999999999998,41.142857142857146,2.235294117647058,2.090909090909091,0.9166666666666666,0.9800000000000001,2.2666666666666657,2.0714285714285703,0.8461538461538457,2.25,1.5,0.6071428571428571,2.3076923076923066,0.7272727272727273,1.103448275862069,18.556701030927837,1.347826086956521,5.2,0.9,4.617021276595745,2.6,1.1052631578947363,1.7241379310344813,1.166666666666666,4.2,1.2777777777777777,5.786666666666667,29.126582278481013,0.6774193548387094,1.2941176470588236,5.277777777777778,0.6666666666666665,1.3142857142857143,1.2857142857142856
2021-12-01,0.7999999999999996,0.7499999999999997,1.708860759493671,0.5151515151515149,0.46875,0.9,0.875,0.34782608695652173,0.6666666666666666,0.875,1.0746268656716418,3.764705882352941,0.38461538461538447,19.2,0.8399999999999999,0.23529411764705882,0.5357142857142855,4.870588235294117,2.3972602739726026,2.9696969696969697,10.46938775510204,0.29545454545454547,0.46153846153846134,17,1.75,0.14999999999999994,0.3846153846153844,0.7142857142857141,25.142857142857146,1.88235294117647,0.7272727272727273,0.5,0.56,1.8666666666666658,1.785714285714285,0.7307692307692304,1.25,0.8,0.3571428571428571,0.5769230769230766,0.5818181818181818,1.0114942528735633,15.77319587628866,0.9130434782608691,3.2,0.6000000000000001,4.319148936170213,2.1,0.8421052631578944,1.379310344827585,0.9444444444444441,3.84,1.0555555555555556,6.44,32.860759493670884,0.5645161290322578,0.5882352941176471,5.277777777777778,0.5925925925925924,1.0857142857142856,0.9523809523809523
2022-01-01,0.7999999999999996,0.9999999999999996,2.0253164556962027,0.7575757575757572,0.53125,0.9,1.125,0.28985507246376807,0.7777777777777777,0.875,1.4328358208955223,3.2941176470588234,0.4358974358974357,16.0,0.7799999999999999,0.3529411764705882,0.7499999999999997,4.235294117647059,3.013698630136986,2.9696969696969697,12.408163265306122,0.4090909090909091,0.5961538461538458,17,2.25,0.19999999999999993,0.4999999999999998,0.7142857142857141,22.85714285714286,1.6470588235294112,0.6363636363636364,0.5,0.56,1.7333333333333325,2.5714285714285703,0.9230769230769227,1.75,0.9,0.42857142857142855,0.5769230769230766,0.7636363636363636,1.3333333333333333,14.845360824742269,0.9565217391304343,4.4,0.9,4.0212765957446805,2.0,1.052631578947368,1.379310344827585,1.0555555555555551,3.2399999999999998,1.0555555555555556,5.693333333333333,29.873417721518987,0.7258064516129029,0.5882352941176471,4.814814814814815,0.5925925925925924,1.5999999999999999,1.5238095238095237
2022-02-01,1.699999999999999,1.8749999999999991,2.6582278481012658,0.939393939393939,0.78125,1.8,1.53125,0.6376811594202898,1.8888888888888888,2.5,1.880597014925373,5.647058823529411,0.8205128205128202,21.333333333333332,0.9399999999999998,0.5294117647058824,1.3928571428571423,6.988235294117647,4.041095890410959,5.303030303030303,16.285714285714285,0.5454545454545454,0.6730769230769228,30,3.75,0.39999999999999986,0.9615384615384611,1.571428571428571,59.42857142857144,2.8235294117647047,2.0,2.583333333333333,1.9600000000000002,2.799999999999999,3.357142857142856,1.1538461538461533,4.0,2.2,1.0357142857142856,1.9615384615384608,0.9454545454545454,1.7471264367816093,16.237113402061855,1.7391304347826078,8.8,2.3000000000000003,6.404255319148936,3.4000000000000004,1.7894736842105254,2.3448275862068946,1.8888888888888882,4.92,1.8888888888888888,7.0,40.32911392405063,0.919354838709677,2.8235294117647056,5.37037037037037,0.9629629629629627,2.2857142857142856,2.6666666666666665
2022-03-01,6.199999999999997,4.374999999999998,4.556962025316456,1.757575757575757,1.59375,5.300000000000001,2.375,2.8985507246376807,7.111111111111111,12.5,2.6865671641791042,11.529411764705882,2.1794871794871784,53.333333333333336,1.8799999999999997,1.3529411764705883,2.9999999999999987,21.176470588235293,6.506849315068493,21.21212121212121,28.693877551020407,0.9090909090909092,1.1923076923076916,92,13.25,1.1999999999999995,2.3076923076923066,5.285714285714285,228.5714285714286,11.764705882352937,9.090909090909092,8.0,7.280000000000001,6.666666666666663,3.6428571428571415,1.307692307692307,9.0,5.6000000000000005,2.2857142857142856,11.538461538461533,1.5272727272727271,1.9310344827586206,18.09278350515464,4.34782608695652,22.8,3.6,14.893617021276595,10.0,5.26315789473684,6.896551724137925,5.555555555555554,12.0,5.555555555555555,9.333333333333334,41.075949367088604,1.6129032258064508,10.0,8.055555555555555,2.1111111111111107,3.314285714285714,3.238095238095238
2022-04-01,1.899999999999999,2.249999999999999,2.848101265822785,1.06060606060606,0.84375,2.0,1.6875,0.6666666666666666,1.6666666666666665,1.875,1.925373134328358,6.235294117647059,0.8205128205128202,29.333333333333332,1.2399999999999998,0.5294117647058824,1.5357142857142851,7.411764705882353,5.342465753424658,7.848484848484849,18.612244897959183,0.7045454545454546,0.7692307692307688,33,4.25,0.34999999999999987,0.9615384615384611,1.714285714285714,50.28571428571429,3.76470588235294,1.3636363636363638,1.5,1.54,2.5999999999999988,3.2857142857142843,1.3461538461538456,3.0,1.8,1.0714285714285714,1.6153846153846148,1.0727272727272728,1.7471264367816093,16.237113402061855,1.7391304347826078,8.8,1.6,7.74468085106383,3.5,2.0526315789473677,2.6206896551724115,2.1666666666666656,5.88,2.2777777777777777,6.8133333333333335,49.291139240506325,1.080645161290322,1.5294117647058822,6.203703703703703,1.0740740740740737,2.457142857142857,2.714285714285714
2022-05-01,2.9999999999999987,3.3749999999999987,3.417721518987342,1.3333333333333328,1.125,3.0,1.875,0.9855072463768115,3.0,3.375,2.1940298507462686,9.411764705882353,1.307692307692307,34.13333333333333,1.2999999999999998,0.7058823529411764,2.0714285714285703,11.223529411764705,6.095890410958904,10.606060606060606,20.163265306122447,0.8181818181818182,0.9807692307692303,50,7.5,0.49999999999999983,1.3461538461538456,2.5714285714285707,98.2857142857143,5.294117647058822,2.4545454545454546,2.9166666666666665,2.66,3.7999999999999985,3.57142857142857,1.3461538461538456,4.25,2.6,1.0,4.961538461538459,1.218181818181818,1.839080459770115,16.701030927835053,2.9565217391304333,13.600000000000001,2.1,10.574468085106382,5.7,2.7368421052631566,4.137931034482755,2.833333333333332,7.92,3.1666666666666665,7.466666666666667,53.77215189873418,1.14516129032258,2.941176470588235,7.87037037037037,1.6296296296296293,2.6857142857142855,2.714285714285714
2022-06-01,4.1999999999999975,3.7499999999999982,4.6835443037974684,1.6969696969696964,1.5,3.9000000000000004,2.4375,1.5652173913043477,4.888888888888888,7.0,2.731343283582089,10.823529411764707,1.6410256410256403,45.333333333333336,1.7399999999999998,0.9411764705882353,2.607142857142856,15.458823529411765,6.369863013698629,14.212121212121213,27.142857142857142,0.9318181818181819,1.2499999999999993,72,10.75,0.7999999999999997,1.9230769230769222,3.999999999999999,148.57142857142858,7.52941176470588,5.0,4.083333333333333,4.9,5.333333333333331,3.928571428571427,1.307692307692307,5.5,3.5,2.1785714285714284,9.230769230769226,1.5454545454545454,1.9770114942528736,17.628865979381445,4.304347826086954,18.8,2.8000000000000003,14.893617021276595,8.9,3.6842105263157876,5.724137931034478,3.9999999999999982,11.16,4.888888888888888,8.96,56.0126582278481,1.5161290322580638,5.529411764705882,9.074074074074074,2.0740740740740735,2.6285714285714286,2.761904761904762
2022-07-01,2.199999999999999,2.124999999999999,3.1012658227848102,1.1818181818181812,0.96875,2.5,1.875,0.8115942028985507,1.6666666666666665,1.625,2.462686567164179,8.352941176470589,1.0512820512820509,40.53333333333333,1.4799999999999998,0.5294117647058824,1.2857142857142851,11.435294117647059,4.589041095890411,12.515151515151516,21.3265306122449,0.6136363636363636,0.8076923076923073,49,5.25,0.49999999999999983,0.9230769230769227,2.428571428571428,77.71428571428572,6.352941176470586,1.1818181818181819,2.25,2.1,3.933333333333332,2.928571428571427,1.1153846153846148,3.5,2.1,0.6785714285714285,1.8461538461538454,1.1818181818181817,1.839080459770115,16.701030927835053,2.869565217391303,10.8,1.5,13.25531914893617,7.4,3.210526315789472,5.379310344827582,3.3888888888888875,9.959999999999999,4.611111111111111,8.120000000000001,62.734177215189874,1.2580645161290316,2.0,8.24074074074074,1.8518518518518514,1.8857142857142857,1.7619047619047619
2022-08-01,1.699999999999999,1.7499999999999991,2.5316455696202533,0.8787878787878785,0.6875,1.7000000000000002,1.59375,0.5217391304347826,1.1111111111111112,0.875,1.7462686567164178,6.117647058823529,0.6666666666666664,29.333333333333332,1.1799999999999997,0.3529411764705882,0.9999999999999996,7.623529411764705,3.5616438356164384,9.121212121212121,16.285714285714285,0.5681818181818182,0.692307692307692,35,4.25,0.34999999999999987,0.6538461538461535,1.9999999999999996,52.57142857142858,4.352941176470587,0.6363636363636364,1.4166666666666665,1.54,2.733333333333332,2.6428571428571415,1.1538461538461533,2.5,1.5,0.42857142857142855,0.6923076923076921,0.9454545454545454,1.7011494252873562,16.237113402061855,2.043478260869564,8.0,1.1,9.23404255319149,5.6000000000000005,2.368421052631578,3.999999999999997,2.4444444444444433,7.199999999999999,2.833333333333333,6.906666666666667,54.51898734177215,0.9032258064516125,1.1764705882352942,6.296296296296296,1.2222222222222219,1.657142857142857,1.619047619047619
2022-09-01,1.4999999999999993,1.4999999999999993,2.088607594936709,0.727272727272727,0.59375,1.5,1.28125,0.5797101449275361,1.1111111111111112,1.625,1.5671641791044775,5.764705882352941,0.6153846153846151,26.133333333333333,1.0599999999999998,0.4117647058823529,1.071428571428571,6.776470588235294,4.041095890410959,7.424242424242425,13.183673469387754,0.5227272727272727,0.6730769230769228,30,3.75,0.34999999999999987,0.6538461538461535,1.571428571428571,45.71428571428572,3.4117647058823515,0.9090909090909092,1.3333333333333333,1.54,2.4666666666666655,3.57142857142857,1.1538461538461533,3.25,1.6,0.6785714285714285,0.8076923076923074,0.7090909090909091,1.6551724137931034,14.381443298969073,1.6521739130434774,7.6000000000000005,2.0,7.8936170212765955,4.3,1.9999999999999991,3.0344827586206873,2.1111111111111103,6.0,2.388888888888889,6.253333333333334,50.037974683544306,0.8064516129032254,1.0588235294117647,6.203703703703703,1.148148148148148,2.4,2.9047619047619047
2022-10-01,1.699999999999999,1.8749999999999991,2.151898734177215,0.6969696969696967,0.53125,1.7000000000000002,1.28125,0.8695652173913042,1.8888888888888888,2.125,1.5223880597014925,6.117647058823529,0.7179487179487176,28.266666666666666,1.0399999999999998,0.4117647058823529,1.178571428571428,5.929411764705883,4.315068493150685,8.484848484848484,13.571428571428571,0.5,0.5576923076923074,32,3.75,0.2999999999999999,0.8076923076923073,1.8571428571428568,50.28571428571429,4.235294117647057,1.3636363636363638,1.5833333333333333,1.6800000000000002,2.733333333333332,3.2142857142857126,1.1153846153846148,3.25,1.9000000000000001,0.8928571428571428,1.3846153846153841,0.6909090909090909,1.6551724137931034,15.309278350515465,1.9130434782608685,8.0,1.9000000000000001,8.340425531914892,4.6000000000000005,2.1578947368421044,3.310344827586204,2.333333333333332,6.0,2.7777777777777777,6.253333333333334,37.34177215189873,0.8225806451612899,1.2941176470588236,5.648148148148148,1.2592592592592589,2.2285714285714286,2.619047619047619
2022-11-01,1.0999999999999994,1.3749999999999993,1.7721518987341773,0.6666666666666664,0.5,1.1,1.15625,0.40579710144927533,0.7777777777777777,0.75,1.3432835820895521,4.705882352941177,0.5641025641025639,22.933333333333334,0.7999999999999998,0.29411764705882354,0.8214285714285711,3.6,3.767123287671233,6.363636363636364,11.63265306122449,0.4545454545454546,0.46153846153846134,25,3.0,0.2999999999999999,0.5384615384615382,1.2857142857142854,36.57142857142858,2.5882352941176463,0.4545454545454546,0.9166666666666666,1.12,2.066666666666666,2.714285714285713,1.0384615384615379,2.25,1.0,0.5714285714285714,0.6923076923076921,0.6181818181818182,1.4252873563218391,14.381443298969073,1.5217391304347818,6.0,1.1,6.404255319148936,3.6,1.6842105263157887,2.5517241379310325,1.777777777777777,5.279999999999999,2.1666666666666665,5.6000000000000005,26.88607594936709,0.6774193548387094,0.8235294117647058,5.648148148148148,0.9999999999999998,1.7714285714285714,2.0
2022-12-01,0.9999999999999996,1.2499999999999996,1.7721518987341773,0.6363636363636361,0.4375,1.1,1.1875,0.49275362318840576,0.7777777777777777,0.75,1.253731343283582,4.470588235294118,0.5384615384615382,25.066666666666666,0.8199999999999998,0.29411764705882354,0.7499999999999997,3.8117647058823527,3.4246575342465753,7.0,12.020408163265305,0.4318181818181818,0.48076923076923056,26,2.75,0.24999999999999992,0.5384615384615382,1.4285714285714282,36.57142857142858,2.941176470588234,0.4545454545454546,0.9166666666666666,0.9800000000000001,2.199999999999999,2.6428571428571415,1.0384615384615379,1.75,1.0,0.5357142857142857,0.34615384615384603,0.6181818181818182,1.4252873563218391,13.917525773195877,1.5217391304347818,5.6000000000000005,0.8,7.297872340425531,3.8000000000000003,1.6842105263157887,2.6206896551724115,1.8333333333333326,6.0,2.5555555555555554,6.44,29.873417721518987,0.6612903225806449,0.7058823529411764,6.203703703703703,1.148148148148148,1.7142857142857142,1.7619047619047619
2023-01-01,0.8999999999999996,1.2499999999999996,2.0253164556962027,0.6363636363636361,0.5,1.2000000000000002,1.21875,0.3188405797101449,0.8888888888888888,0.875,1.4328358208955223,4.470588235294118,0.48717948717948695,19.2,0.6999999999999998,0.29411764705882354,0.8928571428571425,3.176470588235294,3.767123287671233,5.303030303030303,12.795918367346939,0.4772727272727273,0.4999999999999998,23,2.5,0.19999999999999993,0.5769230769230766,1.2857142857142854,32.00000000000001,2.5882352941176463,0.7272727272727273,0.8333333333333333,0.9800000000000001,1.9999999999999991,2.4285714285714275,1.0384615384615379,1.75,0.9,0.5357142857142857,0.5769230769230766,0.6363636363636364,1.6551724137931034,14.381443298969073,1.3913043478260863,5.2,0.9,6.404255319148936,3.7,1.578947368421052,2.3448275862068946,1.6666666666666659,5.04,2.1666666666666665,5.413333333333334,26.88607594936709,0.7258064516129029,0.5882352941176471,4.814814814814815,0.9999999999999998,1.8285714285714285,1.9523809523809523
2023-02-01,0.7999999999999996,1.3749999999999993,1.9620253164556964,0.6969696969696967,0.53125,1.1,1.25,0.3188405797101449,0.8888888888888888,0.875,1.4328358208955223,4.0,0.4102564102564101,19.2,0.6399999999999999,0.29411764705882354,0.8928571428571425,2.3294117647058825,4.2465753424657535,5.090909090909091,12.795918367346939,0.5227272727272727,0.5384615384615382,22,2.5,0.24999999999999992,0.6538461538461535,1.1428571428571426,29.71428571428572,2.1176470588235285,0.6363636363636364,0.6666666666666666,0.7000000000000001,1.7333333333333325,3.0714285714285703,1.1538461538461533,2.75,1.1,0.7857142857142857,0.5769230769230766,0.6909090909090909,1.839080459770115,14.381443298969073,1.1304347826086951,5.6000000000000005,1.7000000000000002,5.808510638297872,3.5,1.473684210526315,2.2758620689655156,1.555555555555555,4.8,2.0,5.32,35.10126582278481,0.7903225806451609,0.5882352941176471,4.0740740740740735,0.7777777777777776,2.342857142857143,2.619047619047619
2023-03-01,0.7999999999999996,1.2499999999999996,2.2151898734177218,0.6969696969696967,0.5,1.1,1.15625,0.28985507246376807,0.6666666666666666,0.625,1.4776119402985073,4.470588235294118,0.48717948717948695,19.2,0.6399999999999999,0.29411764705882354,0.7499999999999997,2.541176470588235,4.4520547945205475,4.878787878787879,12.408163265306122,0.5681818181818182,0.5384615384615382,21,2.75,0.24999999999999992,0.6153846153846151,1.1428571428571426,27.42857142857143,2.1176470588235285,0.4545454545454546,0.6666666666666666,0.8400000000000001,1.7999999999999992,3.2142857142857126,1.1538461538461533,2.25,1.0,0.6071428571428571,0.34615384615384603,0.6909090909090909,1.7471264367816093,14.381443298969073,1.3043478260869559,5.2,1.2000000000000002,5.808510638297872,3.5,1.473684210526315,2.206896551724136,1.555555555555555,5.04,2.0555555555555554,5.133333333333334,35.10126582278481,0.7741935483870964,0.47058823529411764,4.444444444444445,0.8518518518518516,2.057142857142857,2.4285714285714284
2023-04-01,0.9999999999999996,1.3749999999999993,1.8354430379746836,0.6969696969696967,0.53125,1.2000000000000002,1.1875,0.3188405797101449,0.6666666666666666,0.625,1.5223880597014925,5.0588235294117645,0.5384615384615382,21.333333333333332,0.7599999999999999,0.23529411764705882,0.9285714285714282,3.176470588235294,4.4520547945205475,5.303030303030303,13.183673469387754,0.5681818181818182,0.5769230769230766,24,2.5,0.24999999999999992,0.6153846153846151,1.2857142857142854,29.71428571428572,2.470588235294117,0.36363636363636365,0.8333333333333333,0.9800000000000001,2.199999999999999,3.2857142857142843,1.2692307692307687,2.0,1.1,0.6428571428571428,0.46153846153846134,0.6909090909090909,1.7471264367816093,14.845360824742269,1.4782608695652166,5.2,1.1,7.0,3.7,1.736842105263157,2.6206896551724115,1.8888888888888882,6.359999999999999,2.388888888888889,5.226666666666667,44.063291139240505,0.7741935483870964,0.5882352941176471,5.462962962962963,1.0740740740740737,2.057142857142857,2.4285714285714284
2023-05-01,0.8999999999999996,1.4999999999999993,1.9620253164556964,0.727272727272727,0.5,1.1,1.15625,0.28985507246376807,0.7777777777777777,0.5,1.5671641791044775,4.588235294117647,0.48717948717948695,20.266666666666666,0.5999999999999999,0.29411764705882354,1.1071428571428568,2.541176470588235,4.589041095890411,4.878787878787879,12.795918367346939,0.5909090909090909,0.5576923076923074,21,2.75,0.19999999999999993,0.7307692307692304,1.1428571428571426,27.42857142857143,2.235294117647058,0.36363636363636365,0.5,0.8400000000000001,1.8666666666666658,3.2857142857142843,1.1923076923076916,1.75,0.8,0.5,0.34615384615384603,0.7454545454545454,1.7471264367816093,13.917525773195877,1.2608695652173907,5.2,0.8,5.808510638297872,3.2,1.3684210526315783,1.9999999999999984,1.4999999999999993,5.3999999999999995,2.111111111111111,5.32,56.75949367088607,0.7419354838709674,0.47058823529411764,5.277777777777778,0.9999999999999998,2.1142857142857143,2.2857142857142856
2023-06-01,0.6999999999999996,0.8749999999999996,2.088607594936709,0.6363636363636361,0.53125,1.0,1.25,0.3188405797101449,0.6666666666666666,0.5,1.3880597014925373,4.823529411764706,0.48717948717948695,19.733333333333334,0.7199999999999999,0.23529411764705882,0.6785714285714283,2.7529411764705882,3.6301369863013697,4.878787878787879,13.183673469387754,0.5,0.5192307692307689,21,2.25,0.19999999999999993,0.4999999999999998,1.1428571428571426,27.42857142857143,2.3529411764705874,0.36363636363636365,0.5,0.8400000000000001,2.066666666666666,2.7857142857142847,1.0769230769230764,1.5,0.7000000000000001,0.39285714285714285,0.34615384615384603,0.7636363636363636,1.7011494252873562,14.845360824742269,1.1739130434782603,4.0,0.7000000000000001,5.808510638297872,3.1,1.4210526315789467,2.3448275862068946,1.4999999999999993,5.52,2.0,5.693333333333333,50.037974683544306,0.7741935483870964,0.47058823529411764,5.7407407407407405,0.8888888888888886,1.5999999999999999,1.619047619047619
2023-07-01,0.6999999999999996,0.8749999999999996,2.278481012658228,0.6969696969696967,0.5,1.1,1.21875,0.28985507246376807,0.5555555555555556,0.5,1.4328358208955223,5.529411764705882,0.5641025641025639,21.866666666666667,0.7599999999999999,0.23529411764705882,0.6071428571428569,4.235294117647059,2.73972602739726,5.090909090909091,12.795918367346939,0.4318181818181818,0.5192307692307689,22,2.0,0.19999999999999993,0.46153846153846134,1.4285714285714282,36.57142857142858,2.235294117647058,0.36363636363636365,0.75,1.12,2.333333333333332,2.6428571428571415,1.0769230769230764,1.5,0.8,0.39285714285714285,0.34615384615384603,0.7090909090909091,1.5632183908045976,15.309278350515465,1.3913043478260863,4.0,0.6000000000000001,6.25531914893617,3.5,1.4210526315789467,2.3448275862068946,1.555555555555555,6.0,2.5,5.32,53.77215189873418,0.7741935483870964,0.47058823529411764,6.111111111111111,1.111111111111111,1.3714285714285714,1.2857142857142856
2023-08-01,0.8999999999999996,1.1249999999999996,1.9620253164556964,0.727272727272727,0.5625,1.1,1.25,0.34782608695652173,0.6666666666666666,0.625,1.4328358208955223,5.647058823529411,0.5641025641025639,21.866666666666667,0.7599999999999999,0.29411764705882354,0.7499999999999997,4.447058823529412,2.9452054794520546,5.7272727272727275,13.571428571428571,0.5,0.5384615384615382,25,2.5,0.19999999999999993,0.5769230769230766,1.571428571428571,36.57142857142858,2.3529411764705874,0.4545454545454546,0.75,1.12,2.2666666666666657,2.7857142857142847,1.0769230769230764,1.75,0.9,0.3571428571428571,0.5769230769230766,0.6909090909090909,1.6091954022988506,14.381443298969073,1.2608695652173907,4.4,0.7000000000000001,6.25531914893617,3.8000000000000003,1.6315789473684204,2.689655172413791,1.6666666666666659,6.4799999999999995,2.5,5.506666666666667,43.31645569620253,0.7903225806451609,0.5882352941176471,5.648148148148148,1.185185185185185,1.5999999999999999,1.619047619047619
2023-09-01,1.0999999999999994,1.3749999999999993,2.0253164556962027,0.727272727272727,0.53125,1.2000000000000002,1.21875,0.608695652173913,1.222222222222222,1.625,1.4776119402985073,5.0588235294117645,0.5128205128205126,22.4,0.7599999999999999,0.3529411764705882,0.9999999999999996,4.023529411764706,3.219178082191781,6.363636363636364,12.795918367346939,0.4772727272727273,0.5769230769230766,25,3.0,0.19999999999999993,0.7307692307692304,1.571428571428571,36.57142857142858,2.3529411764705874,1.0,0.8333333333333333,1.2600000000000002,2.333333333333332,3.428571428571427,1.2307692307692302,3.25,1.2000000000000002,0.75,0.9230769230769227,0.6909090909090909,1.5172413793103448,13.917525773195877,1.08695652173913,5.6000000000000005,1.8,6.25531914893617,3.4000000000000004,1.4210526315789467,2.3448275862068946,1.4999999999999993,5.88,2.388888888888889,4.8533333333333335,44.063291139240505,0.7903225806451609,0.8235294117647058,5.0,1.0370370370370368,2.571428571428571,3.142857142857143
2023-10-01,0.8999999999999996,1.2499999999999996,1.89873417721519,0.6363636363636361,0.46875,1.0,1.0625,0.49275362318840576,1.1111111111111112,1.0,1.3432835820895521,4.352941176470588,0.4102564102564101,22.933333333333334,0.7799999999999999,0.29411764705882354,0.8928571428571425,2.7529411764705882,3.5616438356164384,6.363636363636364,11.244897959183673,0.4090909090909091,0.48076923076923056,24,2.5,0.24999999999999992,0.6538461538461535,1.714285714285714,29.71428571428572,2.3529411764705874,0.7272727272727273,0.75,1.12,1.9999999999999991,3.2857142857142843,1.2307692307692302,2.75,1.1,0.75,0.46153846153846134,0.5636363636363636,1.471264367816092,14.845360824742269,1.1304347826086951,5.2,1.5,5.659574468085106,3.5,1.31578947368421,2.206896551724136,1.3333333333333328,5.76,2.444444444444444,4.76,35.10126582278481,0.6612903225806449,0.5882352941176471,4.814814814814815,0.9999999999999998,2.2857142857142856,2.6666666666666665
2023-11-01,0.8999999999999996,1.2499999999999996,1.7721518987341773,0.5757575757575755,0.40625,1.0,0.9375,0.3188405797101449,0.7777777777777777,0.5,1.208955223880597,3.764705882352941,0.38461538461538447,20.266666666666666,0.6999999999999998,0.29411764705882354,0.8571428571428568,2.3294117647058825,3.150684931506849,5.515151515151516,10.857142857142858,0.4090909090909091,0.40384615384615363,21,2.5,0.19999999999999993,0.6153846153846151,1.4285714285714282,27.42857142857143,2.235294117647058,0.4545454545454546,0.5833333333333333,0.9800000000000001,1.7333333333333325,2.9999999999999987,1.1923076923076916,1.75,0.9,0.5714285714285714,0.34615384615384603,0.5454545454545454,1.2413793103448276,14.381443298969073,1.1304347826086951,4.4,0.8,5.51063829787234,3.0,1.1052631578947363,2.0689655172413777,1.2222222222222217,5.52,2.1666666666666665,4.573333333333333,25.39240506329114,0.6129032258064513,0.5882352941176471,4.907407407407407,0.8518518518518516,2.0,2.238095238095238
2023-12-01,0.7999999999999996,1.1249999999999996,1.7721518987341773,0.5757575757575755,0.40625,0.9,1.0,0.28985507246376807,0.7777777777777777,0.625,1.164179104477612,3.5294117647058822,0.38461538461538447,20.266666666666666,0.5999999999999999,0.23529411764705882,0.7499999999999997,2.7529411764705882,2.8767123287671232,5.090909090909091,10.46938775510204,0.38636363636363635,0.42307692307692285,20,2.5,0.19999999999999993,0.4999999999999998,1.2857142857142854,25.142857142857146,2.1176470588235285,0.4545454545454546,0.5833333333333333,0.9800000000000001,1.5999999999999992,2.499999999999999,1.1153846153846148,1.5,0.8,0.5,0.23076923076923067,0.5272727272727272,1.1954022988505746,13.917525773195877,0.9999999999999994,4.0,0.7000000000000001,5.361702127659575,3.0,1.052631578947368,2.0689655172413777,1.166666666666666,5.64,2.0,4.946666666666667,28.379746835443036,0.6290322580645158,0.5882352941176471,5.092592592592593,0.7777777777777776,1.657142857142857,1.857142857142857
2024-01-01,0.8999999999999996,1.3749999999999993,1.708860759493671,0.5757575757575755,0.40625,0.9,1.0,0.2608695652173913,0.5555555555555556,0.5,1.253731343283582,2.941176470588235,0.30769230769230754,17.6,0.5599999999999999,0.23529411764705882,0.8571428571428568,2.541176470588235,3.150684931506849,4.242424242424242,10.857142857142858,0.4318181818181818,0.42307692307692285,19,2.5,0.19999999999999993,0.5769230769230766,1.1428571428571426,20.571428571428573,1.7647058823529405,0.36363636363636365,0.41666666666666663,0.8400000000000001,1.3999999999999995,3.1428571428571415,1.1538461538461533,1.75,0.8,0.5714285714285714,0.34615384615384603,0.509090909090909,1.4252873563218391,13.917525773195877,0.9999999999999994,4.0,1.0,4.617021276595745,2.4000000000000004,0.8947368421052627,1.5862068965517229,0.9444444444444441,4.32,1.6666666666666665,4.2,24.645569620253163,0.6451612903225803,0.5882352941176471,4.0740740740740735,0.7777777777777776,2.1142857142857143,2.238095238095238
2024-02-01,0.7999999999999996,1.2499999999999996,1.708860759493671,0.6969696969696967,0.4375,0.9,0.96875,0.23188405797101447,0.5555555555555556,0.375,1.4328358208955223,3.176470588235294,0.3333333333333332,16.0,0.49999999999999994,0.29411764705882354,0.9999999999999996,2.9647058823529413,3.5616438356164384,4.03030303030303,11.63265306122449,0.4545454545454546,0.46153846153846134,19,2.5,0.19999999999999993,0.7307692307692304,0.9999999999999998,22.85714285714286,1.6470588235294112,0.36363636363636365,0.41666666666666663,0.8400000000000001,1.3333333333333328,3.4999999999999982,1.307692307692307,2.75,1.1,0.8214285714285714,0.34615384615384603,0.5636363636363636,1.5632183908045976,14.381443298969073,0.7826086956521735,4.800000000000001,1.8,4.76595744680851,2.3000000000000003,0.789473684210526,1.5862068965517229,0.8888888888888885,4.4399999999999995,1.6666666666666665,3.7333333333333334,32.11392405063291,0.6935483870967739,0.47058823529411764,3.518518518518518,0.7407407407407406,2.6285714285714286,3.1904761904761902
2024-03-01,1.0999999999999994,1.3749999999999993,1.708860759493671,0.5757575757575755,0.40625,1.0,0.90625,0.2608695652173913,0.6666666666666666,0.5,1.3880597014925373,3.764705882352941,0.4358974358974357,18.666666666666668,0.6599999999999999,0.29411764705882354,0.8928571428571425,3.6,3.4931506849315066,4.878787878787879,11.63265306122449,0.4318181818181818,0.44230769230769207,20,2.75,0.14999999999999994,0.6538461538461535,1.1428571428571426,25.142857142857146,2.1176470588235285,0.36363636363636365,0.5,0.9800000000000001,1.6666666666666659,3.1428571428571415,1.2692307692307687,2.25,1.1,0.6785714285714285,0.46153846153846134,0.5636363636363636,1.5172413793103448,14.381443298969073,0.9565217391304343,4.800000000000001,1.2000000000000002,5.212765957446808,2.7,1.052631578947368,1.8620689655172398,1.1111111111111107,5.279999999999999,2.0,4.2,35.10126582278481,0.7096774193548384,0.5882352941176471,4.444444444444445,0.8518518518518516,2.057142857142857,2.619047619047619
2024-04-01,1.1999999999999993,1.6249999999999993,1.8354430379746836,0.6363636363636361,0.46875,1.1,1.0,0.3768115942028985,1.0,4.25,1.4328358208955223,4.117647058823529,0.4358974358974357,19.2,0.6399999999999999,0.29411764705882354,1.178571428571428,2.9647058823529413,3.767123287671233,5.515151515151516,12.795918367346939,0.4772727272727273,0.48076923076923056,22,3.0,0.14999999999999994,0.7692307692307688,1.2857142857142854,32.00000000000001,2.1176470588235285,2.272727272727273,0.5833333333333333,1.6800000000000002,1.6666666666666659,3.357142857142856,1.3461538461538456,2.25,1.1,0.7142857142857142,0.5769230769230766,0.6,1.5632183908045976,14.381443298969073,1.1304347826086951,5.2,1.1,5.361702127659575,2.9000000000000004,1.052631578947368,1.9310344827586192,1.1111111111111107,5.3999999999999995,2.0,4.386666666666667,42.56962025316456,0.6290322580645158,0.7058823529411764,4.444444444444445,0.8888888888888886,2.457142857142857,2.952380952380952
2024-05-01,1.0999999999999994,1.7499999999999991,1.89873417721519,0.6969696969696967,0.5,1.0,1.09375,0.28985507246376807,0.8888888888888888,0.625,1.4776119402985073,4.0,0.38461538461538447,20.266666666666666,0.6399999999999999,0.29411764705882354,1.071428571428571,2.541176470588235,4.041095890410959,5.090909090909091,12.795918367346939,0.4772727272727273,0.5192307692307689,21,3.0,0.14999999999999994,0.7692307692307688,1.2857142857142854,22.85714285714286,1.9999999999999993,0.4545454545454546,0.41666666666666663,0.9800000000000001,1.5999999999999992,3.9999999999999982,1.2692307692307687,1.75,0.8,0.6428571428571428,0.34615384615384603,0.6,1.4252873563218391,14.381443298969073,0.9130434782608691,4.800000000000001,0.9,5.51063829787234,2.7,0.8947368421052627,1.8620689655172398,0.9444444444444441,5.64,2.0,4.386666666666667,51.53164556962025,0.7258064516129029,0.5882352941176471,4.814814814814815,0.8888888888888886,2.342857142857143,2.619047619047619
2024-06-01,0.8999999999999996,1.1249999999999996,1.89873417721519,0.6666666666666664,0.5,0.9,1.09375,0.2608695652173913,0.6666666666666666,0.5,1.3880597014925373,3.5294117647058822,0.3333333333333332,20.8,0.6599999999999999,0.23529411764705882,0.7499999999999997,2.541176470588235,2.73972602739726,5.090909090909091,12.795918367346939,0.4090909090909091,0.44230769230769207,21,2.25,0.14999999999999994,0.5384615384615382,1.2857142857142854,25.142857142857146,1.9999999999999993,0.36363636363636365,0.41666666666666663,0.9800000000000001,1.4666666666666661,2.9999999999999987,1.1538461538461533,1.75,0.7000000000000001,0.42857142857142855,0.23076923076923067,0.6727272727272727,1.3793103448275863,15.309278350515465,0.9565217391304343,4.0,0.8,5.659574468085106,2.7,0.9473684210526312,1.8620689655172398,1.0555555555555551,5.76,2.111111111111111,4.48,48.54430379746835,0.7419354838709674,0.47058823529411764,5.277777777777778,0.9259259259259257,1.7714285714285714,1.857142857142857
2024-07-01,0.7999999999999996,0.9999999999999996,1.8354430379746836,0.6060606060606057,0.4375,0.8,1.09375,0.23188405797101447,0.6666666666666666,0.5,1.253731343283582,3.8823529411764706,0.3589743589743588,20.8,0.7599999999999999,0.23529411764705882,0.714285714285714,2.541176470588235,2.602739726027397,4.666666666666667,12.020408163265305,0.4318181818181818,0.42307692307692285,20,2.25,0.14999999999999994,0.4999999999999998,1.1428571428571426,22.85714285714286,1.88235294117647,0.4545454545454546,0.41666666666666663,0.9800000000000001,1.4666666666666661,2.9999999999999987,1.0769230769230764,1.5,0.8,0.42857142857142855,0.34615384615384603,0.5818181818181818,1.3793103448275863,13.917525773195877,1.0434782608695647,4.0,0.7000000000000001,5.659574468085106,2.8000000000000003,0.9473684210526312,1.9999999999999984,0.9999999999999996,5.64,2.1666666666666665,4.573333333333333,42.56962025316456,0.7580645161290319,0.5882352941176471,4.907407407407407,0.9259259259259257,1.5428571428571427,1.4285714285714284
2024-08-01,1.0999999999999994,1.2499999999999996,1.8354430379746836,0.6666666666666664,0.4375,0.9,1.03125,0.23188405797101447,0.6666666666666666,0.5,1.3432835820895521,3.5294117647058822,0.3333333333333332,20.266666666666666,0.6199999999999999,0.23529411764705882,0.8928571428571425,2.3294117647058825,2.73972602739726,4.666666666666667,12.020408163265305,0.38636363636363635,0.46153846153846134,20,3.0,0.14999999999999994,0.6153846153846151,1.2857142857142854,22.85714285714286,1.7647058823529405,0.36363636363636365,0.41666666666666663,0.9800000000000001,1.3999999999999995,2.857142857142856,1.1153846153846148,1.5,0.8,0.42857142857142855,0.34615384615384603,0.5818181818181818,1.3793103448275863,14.381443298969073,0.8260869565217387,4.4,0.7000000000000001,5.212765957446808,2.7,0.9473684210526312,1.7931034482758605,0.9999999999999996,5.64,2.0,4.386666666666667,44.063291139240505,0.7096774193548384,0.7058823529411764,4.537037037037037,0.7407407407407406,1.7142857142857142,1.6666666666666665
2024-09-01,1.1999999999999993,1.4999999999999993,1.708860759493671,0.5757575757575755,0.4375,1.0,1.0,0.2608695652173913,0.7777777777777777,0.5,1.253731343283582,2.8235294117647056,0.3333333333333332,19.733333333333334,0.6799999999999999,0.29411764705882354,1.071428571428571,2.3294117647058825,2.8767123287671232,4.454545454545455,10.857142857142858,0.38636363636363635,0.44230769230769207,20,3.0,0.14999999999999994,0.7307692307692304,1.4285714285714282,25.142857142857146,1.7647058823529405,0.4545454545454546,0.41666666666666663,0.9800000000000001,1.3999999999999995,3.4999999999999982,1.307692307692307,2.75,1.2000000000000002,0.6785714285714285,0.46153846153846134,0.5636363636363636,1.2873563218390804,14.845360824742269,0.9999999999999994,5.2,1.7000000000000002,4.914893617021276,2.5,0.9473684210526312,1.7241379310344813,0.9999999999999996,4.92,1.9444444444444444,4.48,38.08860759493671,0.6451612903225803,0.8235294117647058,4.907407407407407,0.8888888888888886,2.457142857142857,2.9047619047619047
2024-10-01,0.9999999999999996,1.3749999999999993,1.5822784810126582,0.5757575757575755,0.375,0.8,0.90625,0.23188405797101447,0.6666666666666666,0.5,1.164179104477612,2.941176470588235,0.2564102564102563,17.066666666666666,0.6199999999999999,0.23529411764705882,1.0357142857142851,3.176470588235294,2.8767123287671232,3.8181818181818183,10.081632653061224,0.36363636363636365,0.3846153846153844,18,2.5,0.14999999999999994,0.692307692307692,1.1428571428571426,20.571428571428573,1.6470588235294112,0.36363636363636365,0.41666666666666663,0.8400000000000001,1.2666666666666662,3.785714285714284,1.2692307692307687,2.25,1.0,0.7142857142857142,0.34615384615384603,0.4909090909090909,1.2413793103448276,14.381443298969073,0.8695652173913039,4.800000000000001,1.3,4.468085106382978,2.2,0.7368421052631575,1.5172413793103436,0.7777777777777775,4.56,1.5555555555555554,4.1066666666666665,28.379746835443036,0.5645161290322578,0.5882352941176471,4.62962962962963,0.7777777777777776,2.2857142857142856,2.6666666666666665
2024-11-01,1.1999999999999993,1.7499999999999991,1.518987341772152,0.48484848484848464,0.375,0.9,0.9375,0.23188405797101447,1.0,1.0,1.0746268656716418,2.7058823529411766,0.28205128205128194,16.53333333333333,0.6199999999999999,0.3529411764705882,1.0357142857142851,2.1176470588235294,2.73972602739726,3.181818181818182,9.693877551020408,0.36363636363636365,0.3846153846153844,19,3.25,0.14999999999999994,0.6538461538461535,1.2857142857142854,22.85714285714286,1.5294117647058818,0.4545454545454546,0.41666666666666663,0.9800000000000001,1.1999999999999995,3.0714285714285703,1.1923076923076916,1.75,0.8,0.5357142857142857,0.34615384615384603,0.509090909090909,1.103448275862069,13.45360824742268,0.8260869565217387,4.800000000000001,1.0,4.170212765957446,2.2,0.6315789473684208,1.7241379310344813,0.7222222222222219,3.5999999999999996,1.1111111111111112,3.7333333333333334,22.40506329113924,0.5806451612903223,0.8235294117647058,4.444444444444445,0.7777777777777776,1.9428571428571428,2.1904761904761902
2024-12-01,0.6999999999999996,1.1249999999999996,1.518987341772152,0.5151515151515149,0.34375,0.8,0.84375,0.20289855072463767,0.6666666666666666,0.375,1.164179104477612,2.588235294117647,0.20512820512820504,16.0,0.6599999999999999,0.23529411764705882,0.8928571428571425,2.1176470588235294,2.4657534246575343,3.181818181818182,10.081632653061224,0.3181818181818182,0.3653846153846152,15,2.0,0.14999999999999994,0.5769230769230766,0.9999999999999998,16.000000000000004,1.4117647058823524,0.2727272727272727,0.25,0.7000000000000001,1.1999999999999995,2.857142857142856,1.1923076923076916,1.25,0.6000000000000001,0.46428571428571425,0.23076923076923067,0.45454545454545453,1.0114942528735633,13.917525773195877,0.7391304347826083,3.6,0.7000000000000001,3.872340425531915,1.9000000000000001,0.5789473684210523,1.5172413793103436,0.6666666666666664,3.48,1.0,4.2,24.645569620253163,0.6451612903225803,0.3529411764705882,4.814814814814815,0.8148148148148147,1.8285714285714285,1.9047619047619047
2025-01-01,0.7999999999999996,1.4999999999999993,1.7721518987341773,0.5757575757575755,0.375,0.9,0.875,0.17391304347826086,0.6666666666666666,0.375,1.253731343283582,2.588235294117647,0.23076923076923067,14.933333333333334,0.5199999999999999,0.29411764705882354,1.2142857142857137,2.1176470588235294,2.5342465753424657,2.757575757575758,10.857142857142858,0.34090909090909094,0.40384615384615363,17,2.75,0.19999999999999993,0.6538461538461535,1.2857142857142854,18.28571428571429,1.2941176470588232,0.36363636363636365,0.41666666666666663,0.9800000000000001,1.1333333333333329,3.1428571428571415,1.2307692307692302,1.5,0.7000000000000001,0.46428571428571425,0.23076923076923067,0.509090909090909,1.2873563218390804,15.309278350515465,0.6956521739130431,4.4,0.8,3.2765957446808507,1.7000000000000002,0.6315789473684208,1.379310344827585,0.6666666666666664,3.36,0.8888888888888888,3.546666666666667,20.91139240506329,0.6612903225806449,0.47058823529411764,3.888888888888889,0.7407407407407406,1.8857142857142857,2.095238095238095
2025-02-01,0.8999999999999996,1.4999999999999993,1.7721518987341773,0.6666666666666664,0.40625,0.9,0.96875,0.2608695652173913,0.7777777777777777,0.625,1.3432835820895521,2.941176470588235,0.28205128205128194,15.466666666666667,0.5999999999999999,0.3529411764705882,1.071428571428571,2.1176470588235294,2.671232876712329,3.181818181818182,11.244897959183673,0.36363636363636365,0.48076923076923056,18,2.75,0.19999999999999993,0.692307692307692,1.4285714285714282,22.85714285714286,1.6470588235294112,0.5454545454545454,0.5,1.12,1.1999999999999995,3.6428571428571415,1.307692307692307,2.5,1.1,0.7142857142857142,0.34615384615384603,0.5272727272727272,1.3333333333333333,14.381443298969073,0.8260869565217387,5.2,1.5,3.2765957446808507,1.9000000000000001,0.6842105263157892,1.3103448275862057,0.7222222222222219,3.36,1.1666666666666665,3.4533333333333336,28.379746835443036,0.6451612903225803,0.7058823529411764,3.4259259259259256,0.7407407407407406,2.5142857142857142,2.952380952380952
2025-03-01,1.1999999999999993,1.4999999999999993,1.8354430379746836,0.6060606060606057,0.4375,0.9,1.0625,0.2608695652173913,0.6666666666666666,0.5,1.3880597014925373,3.0588235294117645,0.30769230769230754,16.53333333333333,0.5999999999999999,0.3529411764705882,1.1428571428571423,2.1176470588235294,2.671232876712329,3.393939393939394,12.020408163265305,0.36363636363636365,0.44230769230769207,19,3.25,0.19999999999999993,0.692307692307692,1.4285714285714282,22.85714285714286,1.6470588235294112,0.36363636363636365,0.5,1.2600000000000002,1.3333333333333328,3.428571428571427,1.4615384615384608,2.25,1.0,0.6071428571428571,0.34615384615384603,0.5818181818181818,1.3333333333333333,15.77319587628866,0.7826086956521735,5.2,1.1,3.574468085106383,2.1,0.7368421052631575,1.4482758620689644,0.8333333333333329,3.7199999999999998,1.3333333333333333,3.64,30.62025316455696,0.7580645161290319,0.7058823529411764,3.7037037037037033,0.8148148148148147,2.2285714285714286,2.571428571428571
2025-04-01,1.1999999999999993,1.8749999999999991,1.6455696202531647,0.6060606060606057,0.375,1.1,0.90625,0.28985507246376807,0.7777777777777777,0.625,1.2985074626865671,3.2941176470588234,0.28205128205128194,17.6,0.6199999999999999,0.3529411764705882,1.2142857142857137,2.1176470588235294,2.671232876712329,3.8181818181818183,11.63265306122449,0.4090909090909091,0.46153846153846134,20,3.5,0.19999999999999993,0.7692307692307688,1.714285714285714,25.142857142857146,1.7647058823529405,0.4545454545454546,0.5833333333333333,1.54,1.4666666666666661,3.785714285714284,1.4999999999999993,2.0,1.2000000000000002,0.75,0.46153846153846134,0.5636363636363636,1.3333333333333333,17.628865979381445,0.8695652173913039,6.0,1.1,3.723404255319149,2.1,0.7368421052631575,1.5172413793103436,0.8333333333333329,3.7199999999999998,1.3333333333333333,3.546666666666667,32.860759493670884,0.6774193548387094,0.9411764705882353,4.259259259259259,0.9259259259259257,2.571428571428571,2.8571428571428568
2025-05-01,1.3999999999999992,2.124999999999999,1.708860759493671,0.6060606060606057,0.40625,1.2000000000000002,0.84375,0.34782608695652173,1.0,1.0,1.3432835820895521,3.5294117647058822,0.38461538461538447,18.133333333333333,0.6999999999999998,0.4117647058823529,1.3928571428571423,2.3294117647058825,2.73972602739726,3.393939393939394,11.63265306122449,0.38636363636363635,0.40384615384615363,21,4.0,0.19999999999999993,0.8076923076923073,1.571428571428571,25.142857142857146,1.6470588235294112,0.6363636363636364,0.5,1.2600000000000002,1.3999999999999995,3.785714285714284,1.4999999999999993,2.0,1.1,0.6071428571428571,0.46153846153846134,0.6727272727272727,1.1494252873563218,16.701030927835053,0.8260869565217387,6.0,1.0,3.4255319148936167,2.1,0.6315789473684208,1.5862068965517229,0.7222222222222219,3.7199999999999998,1.1111111111111112,3.8266666666666667,43.31645569620253,0.6451612903225803,0.9411764705882353,4.814814814814815,0.8148148148148147,2.2285714285714286,2.380952380952381
2025-06-01,0.8999999999999996,1.3749999999999993,1.8354430379746836,0.6363636363636361,0.40625,1.3,0.9375,0.3768115942028985,1.3333333333333333,1.125,1.2985074626865671,3.411764705882353,0.38461538461538447,19.2,0.6199999999999999,0.47058823529411764,0.8571428571428568,2.7529411764705882,2.3972602739726026,4.03030303030303,12.020408163265305,0.34090909090909094,0.46153846153846134,20,3.0,0.2999999999999999,0.6153846153846151,1.714285714285714,25.142857142857146,1.7647058823529405,0.8181818181818182,0.8333333333333333,1.4000000000000001,1.5333333333333328,3.6428571428571415,1.5769230769230762,2.0,0.9,0.6071428571428571,0.34615384615384603,0.5818181818181818,1.1494252873563218,18.09278350515464,0.8695652173913039,6.0,0.9,4.0212765957446805,2.2,0.8421052631578944,1.7931034482758605,0.9444444444444441,3.96,1.1111111111111112,4.293333333333334,41.075949367088604,0.6612903225806449,0.9411764705882353,4.814814814814815,0.9259259259259257,2.2285714285714286,2.1904761904761902
2025-07-01,1.2999999999999994,2.249999999999999,2.468354430379747,0.6969696969696967,0.46875,1.5,1.375,0.3768115942028985,1.8888888888888888,0.875,1.3880597014925373,4.0,0.38461538461538447,19.733333333333334,0.7199999999999999,2.0588235294117645,0.9285714285714282,2.1176470588235294,2.3972602739726026,3.8181818181818183,13.183673469387754,0.34090909090909094,0.4999999999999998,28,4.5,1.4999999999999996,0.9999999999999996,2.428571428571428,25.142857142857146,1.7647058823529405,0.6363636363636364,0.8333333333333333,1.54,1.8666666666666658,3.6428571428571415,1.6923076923076914,4.5,1.0,0.7857142857142857,0.34615384615384603,0.6,1.1954022988505746,19.48453608247423,1.2173913043478255,10.8,1.8,4.170212765957446,2.3000000000000003,0.6842105263157892,1.8620689655172398,0.7777777777777775,3.7199999999999998,0.9444444444444444,4.573333333333333,44.063291139240505,0.7258064516129029,0.8235294117647058,5.185185185185185,1.111111111111111,1.9428571428571428,1.9523809523809523
2025-08-01,0.9999999999999996,1.8749999999999991,2.151898734177215,0.6363636363636361,0.40625,1.4000000000000001,1.21875,0.23188405797101447,1.1111111111111112,0.5,1.3432835820895521,3.5294117647058822,0.3589743589743588,18.133333333333333,0.6999999999999998,1.1176470588235294,0.9285714285714282,2.3294117647058825,2.2602739726027394,3.393939393939394,13.183673469387754,0.3181818181818182,0.44230769230769207,21,3.5,0.8499999999999996,0.8076923076923073,1.9999999999999996,20.571428571428573,1.5294117647058818,0.4545454545454546,0.5833333333333333,1.4000000000000001,1.5333333333333328,3.57142857142857,1.6923076923076914,3.0,0.9,0.5714285714285714,0.34615384615384603,0.6363636363636364,1.103448275862069,16.237113402061855,1.1739130434782603,7.6000000000000005,1.2000000000000002,4.319148936170213,2.3000000000000003,0.7368421052631575,1.9310344827586192,0.8888888888888885,3.7199999999999998,0.9444444444444444,4.573333333333333,46.30379746835443,0.7419354838709674,0.7058823529411764,4.907407407407407,0.9629629629629627,2.342857142857143,2.142857142857143
2025-09-01,0.8999999999999996,1.6249999999999993,1.8354430379746836,0.6060606060606057,0.34375,1.4000000000000001,1.03125,0.17391304347826086,0.7777777777777777,0.5,1.208955223880597,3.2941176470588234,0.30769230769230754,17.066666666666666,0.58,0.6470588235294118,1.0357142857142851,2.1176470588235294,2.2602739726027394,2.9696969696969697,12.020408163265305,0.2727272727272727,0.44230769230769207,19,2.75,0.44999999999999984,0.7307692307692304,1.571428571428571,20.571428571428573,1.4117647058823524,0.36363636363636365,0.41666666666666663,1.2600000000000002,1.4666666666666661,3.928571428571427,1.8076923076923068,2.5,0.8,0.75,0.46153846153846134,0.509090909090909,1.0114942528735633,13.45360824742268,0.8260869565217387,6.4,1.4000000000000001,3.4255319148936167,2.1,0.6842105263157892,1.8620689655172398,0.8333333333333329,3.36,0.9444444444444444,4.2,32.11392405063291,0.5967741935483868,0.5882352941176471,4.351851851851851,0.9259259259259257,2.4,3.0
2025-10-01,0.8999999999999996,1.6249999999999993,1.7721518987341773,0.5454545454545452,0.34375,1.2000000000000002,1.0,0.20289855072463767,0.8888888888888888,0.5,1.208955223880597,2.941176470588235,0.28205128205128194,15.466666666666667,0.5599999999999999,0.5294117647058824,0.9642857142857139,2.1176470588235294,2.2602739726027394,2.9696969696969697,11.244897959183673,0.25,0.40384615384615363,20,3.0,0.6999999999999997,0.6538461538461535,1.8571428571428568,18.28571428571429,1.2941176470588232,0.36363636363636365,0.5,1.4000000000000001,1.3999999999999995,3.8571428571428554,1.5769230769230762,3.25,0.8,0.9285714285714285,0.34615384615384603,0.4909090909090909,1.0114942528735633,13.45360824742268,0.8695652173913039,6.800000000000001,1.7000000000000002,3.574468085106383,2.2,0.6315789473684208,1.8620689655172398,0.7222222222222219,3.2399999999999998,0.8333333333333333,4.1066666666666665,28.379746835443036,0.5967741935483868,0.5882352941176471,4.166666666666666,0.8888888888888886,2.457142857142857,2.8095238095238093
2025-11-01,1.3999999999999992,3.2499999999999987,1.7721518987341773,0.5454545454545452,0.3125,1.6,0.90625,0.23188405797101447,1.8888888888888888,0.625,1.208955223880597,3.6470588235294117,0.38461538461538447,16.0,0.6799999999999999,1.3529411764705883,1.2499999999999996,1.9058823529411764,2.4657534246575343,3.181818181818182,10.46938775510204,0.25,0.3846153846153844,30,4.75,4.999999999999998,1.1153846153846148,4.428571428571427,20.571428571428573,1.2941176470588232,0.4545454545454546,2.1666666666666665,1.8200000000000003,1.4666666666666661,3.8571428571428554,1.9230769230769222,4.5,1.3,1.0,0.46153846153846134,0.4909090909090909,0.8735632183908046,15.77319587628866,0.9130434782608691,13.600000000000001,2.3000000000000003,3.872340425531915,2.0,0.6842105263157892,1.655172413793102,0.7222222222222219,3.0,0.7777777777777777,4.573333333333333,21.658227848101266,0.6290322580645158,0.9411764705882353,5.0,1.333333333333333,2.457142857142857,2.9047619047619047
2025-12-01,2.199999999999999,4.124999999999998,1.708860759493671,0.5151515151515149,0.3125,2.7,0.84375,0.34782608695652173,2.888888888888889,1.125,1.208955223880597,4.235294117647059,0.5384615384615382,16.53333333333333,0.6999999999999998,2.235294117647059,1.5357142857142851,2.1176470588235294,2.2602739726027394,3.393939393939394,10.857142857142858,0.25,0.42307692307692285,33,7.5,4.799999999999998,1.384615384615384,4.999999999999999,25.142857142857146,1.5294117647058818,0.9090909090909092,2.9166666666666665,2.24,1.7333333333333325,4.499999999999998,2.153846153846153,6.5,1.9000000000000001,1.4642857142857142,0.5769230769230766,0.43636363636363634,0.8275862068965517,16.701030927835053,1.0434782608695647,15.200000000000001,3.0,3.4255319148936167,2.2,0.6842105263157892,1.7931034482758605,0.7777777777777775,3.2399999999999998,0.8333333333333333,4.946666666666667,24.645569620253163,0.6451612903225803,1.7647058823529411,5.648148148148148,1.407407407407407,3.4857142857142858,3.714285714285714
2026-01-01,2.0999999999999988,3.6249999999999982,1.708860759493671,0.48484848484848464,0.3125,3.0,0.875,0.3768115942028985,2.888888888888889,1.0,1.164179104477612,3.8823529411764706,0.46153846153846134,15.466666666666667,0.7599999999999999,2.0,1.4999999999999993,2.1176470588235294,2.3972602739726026,3.393939393939394,10.857142857142858,0.2272727272727273,0.42307692307692285,33,6.5,2.349999999999999,1.1923076923076916,3.2857142857142847,25.142857142857146,1.4117647058823524,0.8181818181818182,2.0,2.1,1.6666666666666659,4.642857142857141,2.153846153846153,6.0,1.9000000000000001,1.3928571428571428,0.6923076923076921,0.4909090909090909,0.9655172413793103,18.556701030927837,0.8695652173913039,15.600000000000001,3.1,3.4255319148936167,2.1,0.6842105263157892,1.7241379310344813,0.7222222222222219,3.0,0.8333333333333333,4.573333333333333,24.645569620253163,0.5645161290322578,2.0,5.185185185185185,1.2222222222222219,3.5428571428571427,3.6190476190476186
2026-02-01,2.0999999999999988,3.8749999999999982,2.2151898734177218,0.5454545454545452,0.34375,3.1,1.28125,0.34782608695652173,2.7777777777777777,1.0,1.2985074626865671,3.8823529411764706,0.48717948717948695,13.866666666666667,0.5999999999999999,2.1176470588235294,1.3928571428571423,1.6941176470588235,2.4657534246575343,2.757575757575758,13.183673469387754,0.29545454545454547,0.48076923076923056,32,6.75,1.7499999999999993,1.2307692307692302,2.7142857142857135,25.142857142857146,1.1764705882352937,0.7272727272727273,1.4166666666666665,1.8200000000000003,1.5999999999999992,4.071428571428569,2.615384615384614,7.0,2.2,1.5714285714285714,0.8076923076923074,0.4727272727272727,1.103448275862069,19.48453608247423,0.7826086956521735,16.400000000000002,3.4000000000000004,2.829787234042553,1.7000000000000002,0.5789473684210523,1.4482758620689644,0.6111111111111108,2.88,0.7222222222222222,4.76,31.367088607594937,0.6935483870967739,1.7647058823529411,5.0,1.407407407407407,3.8285714285714283,3.8095238095238093
2026-03-01,9.999999999999995,12.499999999999995,3.670886075949367,1.8181818181818175,0.78125,10.0,2.375,1.9130434782608694,11.11111111111111,7.875,2.417910447761194,8.705882352941176,1.4871794871794866,36.266666666666666,1.9999999999999998,5.88235294117647,3.57142857142857,7.411764705882353,4.041095890410959,14.212121212121213,17.06122448979592,0.4090909090909091,0.9807692307692303,100,25.0,4.799999999999998,3.8461538461538445,14.285714285714283,134.8571428571429,7.294117647058821,5.545454545454546,8.333333333333332,14.000000000000002,4.466666666666665,7.14285714285714,3.1923076923076907,25.0,10.0,3.571428571428571,5.6538461538461515,0.7090909090909091,1.2873563218390804,22.7319587628866,3.0434782608695636,40.0,10.0,8.48936170212766,6.2,2.1578947368421044,5.58620689655172,2.333333333333332,7.68,2.7777777777777777,6.346666666666667,32.860759493670884,0.951612903225806,11.76470588235294,8.981481481481481,3.703703703703703,5.714285714285714,4.761904761904762
2026-04-01,5.6999999999999975,7.1249999999999964,4.113924050632912,2.424242424242423,1.0,6.4,2.59375,1.0434782608695652,6.111111111111111,4.625,3.08955223880597,8.235294117647058,1.0512820512820509,31.466666666666665,1.1199999999999999,3.588235294117647,2.5357142857142847,5.5058823529411764,5.410958904109589,9.333333333333334,17.83673469387755,0.4772727272727273,1.2884615384615379,71,16.0,2.599999999999999,2.346153846153845,9.285714285714283,93.71428571428572,3.9999999999999987,3.090909090909091,4.583333333333333,8.82,3.466666666666665,5.571428571428569,3.8461538461538445,12.75,5.300000000000001,2.4285714285714284,4.0384615384615365,0.7272727272727273,1.4252873563218391,32.93814432989691,2.9565217391304333,26.8,4.6000000000000005,7.297872340425531,4.800000000000001,1.736842105263157,3.7241379310344795,1.8888888888888882,6.4799999999999995,1.8888888888888888,6.8133333333333335,38.08860759493671,0.919354838709677,7.176470588235294,8.61111111111111,2.9629629629629624,4.0,3.761904761904762
2026-05-01,6.399999999999997,6.624999999999997,4.810126582278482,2.7878787878787867,1.125,7.1000000000000005,3.0,1.072463768115942,5.888888888888888,4.625,3.5373134328358207,9.058823529411764,1.2051282051282046,34.13333333333333,1.2399999999999998,3.2941176470588234,2.5714285714285703,5.929411764705883,4.863013698630136,10.606060606060606,19.77551020408163,0.4772727272727273,1.4999999999999993,73,16.25,1.6999999999999993,2.192307692307691,9.57142857142857,100.57142857142858,4.823529411764704,3.272727272727273,3.6666666666666665,9.520000000000001,3.533333333333332,5.357142857142855,3.384615384615383,9.25,4.1000000000000005,2.6785714285714284,4.730769230769229,0.7636363636363636,1.2413793103448276,28.29896907216495,3.3043478260869548,25.6,3.8000000000000003,8.936170212765957,5.7,1.9999999999999991,4.758620689655168,2.2222222222222214,8.16,2.333333333333333,7.373333333333334,51.53164556962025,1.3064516129032253,5.647058823529411,9.25925925925926,2.925925925925925,3.8857142857142857,3.6666666666666665
2026-06-01,4.599999999999998,4.749999999999998,4.4303797468354436,2.7878787878787867,1.03125,5.1000000000000005,3.03125,0.6666666666666666,4.0,1.875,3.0,6.352941176470588,0.692307692307692,27.2,1.14,3.1176470588235294,1.428571428571428,4.023529411764706,3.150684931506849,7.424242424242425,17.448979591836736,0.4772727272727273,1.3653846153846148,54,10.75,2.399999999999999,1.1538461538461533,7.428571428571427,54.85714285714286,2.941176470588234,1.1818181818181819,3.4166666666666665,6.580000000000001,2.8666666666666654,5.142857142857141,3.1923076923076907,9.5,4.3,1.857142857142857,1.4999999999999993,0.6727272727272727,1.1494252873563218,28.762886597938145,1.9130434782608685,20.8,3.7,6.8510638297872335,4.0,1.31578947368421,3.1034482758620663,1.4444444444444438,5.88,1.611111111111111,6.906666666666667,43.31645569620253,1.1612903225806446,2.941176470588235,8.796296296296296,2.222222222222222,3.0857142857142854,2.8571428571428568
2026-07-01,4.299999999999998,3.8749999999999982,4.620253164556963,3.030303030303029,1.5,3.3000000000000003,3.125,0.46376811594202894,2.6666666666666665,1.25,3.4477611940298507,6.0,0.5641025641025639,24.0,0.9199999999999998,3.0,1.0357142857142851,3.388235294117647,2.2602739726027394,5.7272727272727275,17.06122448979592,0.4545454545454546,1.9230769230769222,40,8.75,2.249999999999999,0.8846153846153841,5.857142857142856,41.142857142857146,2.235294117647058,0.7272727272727273,3.6666666666666665,5.040000000000001,2.5333333333333323,3.8571428571428554,2.0769230769230758,7.75,3.5,1.0,1.1538461538461533,0.7272727272727273,1.103448275862069,21.804123711340207,1.4782608695652166,15.200000000000001,2.9000000000000004,5.808510638297872,3.6,1.2105263157894732,2.75862068965517,1.3888888888888884,5.52,1.4444444444444444,5.413333333333334,46.30379746835443,1.2580645161290316,2.8235294117647056,7.4074074074074066,1.9629629629629626,2.2857142857142856,1.9047619047619047
2026-08-01,1.699999999999999,2.249999999999999,4.2405063291139244,2.818181818181817,1.34375,1.8,2.90625,0.34782608695652173,1.4444444444444444,0.75,3.17910447761194,5.294117647058823,0.48717948717948695,22.933333333333334,0.8199999999999998,1.1176470588235294,1.1071428571428568,3.176470588235294,2.2602739726027394,5.303030303030303,16.6734693877551,0.4090909090909091,1.73076923076923,31,4.25,0.5999999999999998,0.7692307692307688,3.5714285714285707,36.57142857142858,2.1176470588235285,0.5454545454545454,1.1666666666666665,2.9400000000000004,2.1333333333333324,3.928571428571427,1.6153846153846145,3.75,1.7000000000000002,0.5714285714285714,0.8076923076923074,0.6727272727272727,0.9655172413793103,19.02061855670103,1.4782608695652166,9.200000000000001,1.4000000000000001,5.0638297872340425,3.1,0.9473684210526312,2.3448275862068946,1.1111111111111107,5.52,1.3888888888888888,5.226666666666667,39.58227848101266,1.1612903225806446,1.2941176470588236,6.481481481481481,1.6296296296296293,2.2285714285714286,1.9047619047619047
