time [UTC],average gas prices,average price of gas,best gas mileage,best gas mileage car,best gas mileage cars,best gas prices,best suv gas mileage,ca gas prices,california gas price,california gas prices,car gas mileage,cheap gas,cheap gas prices,costco gas,costco gasoline,current gas price,gallon of gas price,gas buddy,gas calculator,gas costco price,gas mileage,gas mileage calculator,gas mileage for cars,gas price,gas price average,gas price news,gas price per gallon,gas price today,gas prices,gas prices costco,gas prices in california,gas prices news,gas prices today,gas station prices,gasoline can,gasoline engine,gasoline price,gasoline prices,gasoline tax,high gas prices,jeep gas mileage,mileage calculator,mobil,ohio gas prices,price of gas,price of gasoline,sam's club gas,sam's club gas price,sam's club gas prices,sam's gas price,sam's gas prices,sams gas,sams gas price,shell gas,speedway,subaru gas mileage,us gas prices,walmart gas,walmart gas price,what is gasoline,what is in gasoline
2010-01,1.04980161255139,0.641086573845109,1.90507659355143,0.70136998360043,0.856055850891083,0.572282888082776,0.898724740109276,0.19287190883911,0.303306027284172,0.315867425996234,2.96127127288957,4.14147729473335,0.596357454792141,1.09194272736127,0.111077218613925,0.229959718131899,0.427573444175511,1.0612589374988,2.95609025471622,9.4889189086414e-05,18.3952332786459,0.922741509482162,0.811976439767293,6.08305422171666,1.38597969102471,0.0505227320919206,0.243082117590583,,18.801319773736,0.16284145613319,0.221443551706253,0.368405850754737,0.277700869361323,0.339498591022834,0.744303926562045,0.990405715281262,1.36571363015395,1.41587411321876,0.459669215228582,0.274353303453288,0.858405086922745,3.49161094160524,20.1406446143653,0.340848195916143,2.4914402912529,0.445884851250458,-0.00240877437886175,-0.00595129266522326,0.000531942534851346,,,0.407153421407203,-0.000903762254892745,3.88257550133888,44.1804375005255,0.875937306053823,0.402058307885933,1.32683614833556,0.00712422002457947,0.616183096757745,0.452744628200544
2010-02,0.853847015385222,0.545257559238154,1.68589847393327,0.616100904467864,0.59145849017287,0.433516343718764,0.752978491604154,0.118294839862098,0.0726913710713611,0.0892133392314752,2.76873535512266,2.70072330978474,0.368526747336216,0.521310873273299,0.0032738368572403,0.140795002181502,0.396167694344527,0.712789382629104,2.86804128081445,-0.0043585171382367,16.1053307324755,0.899039552193257,0.597930183908641,5.03202106999562,1.01104566948783,0.0464904699607138,0.239987778152015,,8.5524721820364,0.197128987904575,0.0725146574520267,0.228961218905211,0.126890849659315,0.314611935024464,0.628094770638617,0.844957360568453,1.12133268214723,0.835804704448096,0.384379436907816,0.157353057496893,0.90464431457143,3.43195496253497,20.691624777799,0.243771761824248,1.62749905986523,0.420750884317007,0.0212773745909889,-0.0111289083491646,0.00173251109952249,,,0.384817477495393,-0.00911355708344588,3.82160959983208,46.0567702744532,0.71144209194038,0.251492715024002,1.13859402250608,0.0725509029072358,0.552769653077261,0.353610149969606
2010-03,0.815615739368822,0.560638841251332,1.60450106205565,0.565714923798599,0.544525201043559,0.461829852660706,0.574156434604765,0.10898882332136,0.129783036250023,0.143564426222277,2.5698727595657,2.59510356875239,0.420619494886319,0.958663628018839,0.0754915569998111,0.136584501473707,0.435758736679956,0.563291398101762,2.84607524342083,-0.0650541107639857,16.9223441345661,0.834054036938704,0.665981792107039,4.7426171837138,0.88969163819369,0.0349300254012983,0.23906527193256,,11.958647264757,0.172208607897268,0.0408455470500287,0.283701431758569,0.194883451903197,0.338561989950037,0.775446797370984,0.863008154087692,1.14548602837802,1.02537541341419,0.376666979401121,0.137286596577746,0.866816184580777,3.51915688184875,20.653921495161,0.27342608883099,1.99659252951696,0.486325131970198,0.04548570778426,-0.0179055699736527,-0.00426882493939506,,,0.428856421440981,-0.0148524907294265,3.61861635910951,43.3011073480947,0.729538328861452,0.229727864319191,1.30045657786358,-0.0366585842984715,0.606100099712556,0.487530941497678
2010-04,0.903542886576185,0.73219976322361,1.68228459941465,0.613945707459475,0.595679061306164,0.524560774611688,0.79563092462784,0.149922368907094,0.189881738253797,0.186158436243995,2.38893762028424,2.88232679667598,0.482224154146402,1.02158823394443,0.0719333096349141,0.144288270721601,0.44758000594134,0.802640712498798,3.06267009853087,0.0763789294802657,16.715280572755,0.819282153065112,0.493385751165653,5.33100156909235,0.985843641221009,0.0476681005178238,0.24238088493578,,12.9958899821793,0.19727673646781,0.0860305561930185,0.257070908001578,0.237402876399614,0.357349430022275,0.794107843237752,0.887631047825567,1.18560701776013,1.13143711895477,0.427471238635091,0.130429680038865,0.900703374389658,3.38937456716362,21.0441321636015,0.341733296571496,2.23706385511063,0.481678264026383,0.0118467740194602,0.132883086602668,-0.0031342356461322,,,0.356425355774228,0.0130635937177704,3.711006772575,40.7685245309601,0.69633527224213,0.237441906302954,1.25246923012341,0.0333936418961013,0.564803798755899,0.47444411814118
2010-05,0.942576342323256,0.629888199656914,1.91305354867418,0.624432525333671,0.736419750573445,0.574281342446265,0.905559814128018,0.139671376040385,0.181071204961775,0.192811824027818,2.53120993062344,3.26766027387494,0.538571753984151,0.957622530850709,0.122328715931027,0.151962413192753,0.454461017648823,0.990497816196803,2.76117275353518,0.00872659030924823,17.1638781623534,0.837700636402153,0.623660340707306,5.63611684332491,1.21436919098194,0.064448395247972,0.295855615238872,,14.6617998017334,0.204438433376526,0.128172494677755,0.312792464784912,0.202134481405961,0.386983884491599,0.752695386044909,0.917893635669028,1.12192937506581,1.25387086000998,0.486487742225219,0.137288695441603,0.920753786851338,3.22040803965382,21.0016402454276,0.329200808505609,2.06496294013495,0.498189132778857,-0.0029431796948735,-0.0219590190191661,-0.00973804351734092,,,0.416231134825375,-0.0286248611407904,3.66140260623799,41.2224221116378,0.773494003843913,0.276142513511072,1.37725262003858,0.0528463258787226,0.704617512981945,0.554696010355581
2010-06,1.00099869654769,0.657141339699075,2.22261799635905,0.639389105285378,0.799675028707245,0.567419346577132,1.05486961247355,0.141652154575821,0.204535600650827,0.255099700433191,2.72496722253601,3.39379354042557,0.597100125069155,1.00812113534219,0.124564345012398,0.21635890036613,0.518216995992635,0.937555372494015,2.799344714135,-0.0472681415271116,17.1524809998695,0.815396375275623,0.808323201649782,5.81602265483662,1.24428961033367,0.064638725605219,0.26202156159661,,15.1479168882815,0.212710514789648,0.147811074220825,0.279970880537074,0.285958898988237,0.330202590114908,0.789722490002658,0.805746967251067,1.171219372115,1.24320017190416,0.446456932305448,0.158874636792031,0.997538084532733,3.36714397069501,22.0773606224204,0.421578326392576,2.1582114290818,0.468526637617368,-0.00454408158760557,-0.0106173381322773,0.0086151386826019,,,0.400260769599176,-0.0192631787160423,3.73348016012628,40.420513590207,0.756047488151047,0.262134027232541,1.25482820562246,0.0891300195500811,0.727083236184426,0.56194233977859
2010-07,0.95112343938719,0.613183488959229,2.02428934558366,0.611040910516295,0.714864034188153,0.417745349172021,0.853643870124753,0.199113834806075,0.26209160751933,0.27058042975209,2.3473625519456,3.72455690678557,0.608588619127885,1.04225076767155,0.0706863799052243,0.169037533400634,0.544183859940985,1.01745851590021,2.66155034873142,0.0414208677784099,17.3256202086359,0.881017159239558,0.562064707506272,5.96835847710251,1.2780039395244,0.0601114737956862,0.256966160482667,,16.3007946335955,0.245143859673404,0.122630680628957,0.248880338593161,0.182006010585782,0.357861323441079,0.732647571223379,0.784291868302963,1.06273719001669,1.35169306483708,0.45922561193748,0.193800020464744,0.89476283152568,3.41788959140032,41.0394250368955,0.548360417383582,2.10766053645686,0.466762345746532,-0.0126415438612098,0.013313511411689,0.00372343967180304,,,0.363926886134106,0.0107673661234252,4.06760405790197,40.5688967801313,0.708805325799978,0.331424233794993,1.10157047664888,0.0430004422959126,0.602071176691714,0.46543991971718
2010-08,1.02185527513909,0.655915812979271,2.06472333783517,0.693992772617354,0.808259693109156,0.656990270071192,0.888135939206679,0.195503495106657,0.176467360519273,0.196167749041004,2.22251952901779,3.74558015392573,0.554581366656099,1.06221215423086,0.0807280190741389,0.13451320236253,0.499422836108387,0.859124110452994,2.68256109038769,0.112365574010216,16.2943339953528,0.825084032817498,0.592180968158797,5.80430786911546,1.30489020530091,0.0604426941787201,0.250027669306621,,13.4814331925769,0.25151730689965,0.138980716963124,0.246864180370083,0.156947785986454,0.376674643617702,0.732502661194812,0.801808743635653,0.984364690389164,1.12642907686372,0.505766415196843,0.193967767251758,0.873775941919711,3.39881797753854,42.610439279658,0.339884701790344,2.07334010614695,0.425512372804125,-0.0234084766038393,-0.00788274698947902,0.0043700832488744,,,0.357919851060393,-0.0204770855838663,3.84119166139628,44.0623995977882,0.752334648593776,0.337461631470786,1.10574624416663,0.0246655957100446,0.595250237614373,0.325249705001527
2010-09,0.860395084432649,0.660789143957493,1.80076760235514,0.622999061700829,0.707921764665705,0.582837697736441,0.834230916270455,0.17061391943806,0.259126235173275,0.330803439952118,2.08976478458603,3.77240641513555,0.577523604655021,1.17521445419519,0.0201594071416797,0.139820349920422,0.359120461824216,0.979399686645871,2.70469469048546,0.118621455832166,14.32856180568,0.723521821164561,0.612693166635205,5.54682561468017,1.11566730002896,0.0494438364985921,0.241374011387569,,16.2504758958495,0.270418876806023,0.132496564762157,0.312863918408982,0.161091901875261,0.421077501805005,0.675188608911565,0.758415850413828,0.99137054910004,1.09970456784032,0.486768745180726,0.279259291081007,0.771376985851506,3.42729418674679,44.1197889360083,0.587201957075112,2.05069556950926,0.426536294829914,-0.010540815518532,0.00689497534815539,-0.00208711373225858,,,0.263159191803775,0.027199145702514,3.93069446155127,43.5643936707719,0.53741710040825,0.288497097997927,1.21588416923238,0.0309100961175507,0.545745357021941,0.396164988377427
2010-10,0.849886745393967,0.7537768647566,2.00024298202858,0.6255771792749,0.712455720464091,0.653181272002376,0.909905439935981,0.243089177667427,0.154590352311342,0.168873734199439,2.01370490917065,4.01301873705395,0.63184931921028,1.17727911993159,0.0729760387877002,0.124250421953126,0.516286535737015,1.05425724589303,3.09229495642406,-0.165973651622318,15.5137079088282,0.90438845465659,0.59842510164038,5.5201713353758,1.27285805996518,0.0508818830563822,0.254693469680034,,16.1996415654339,0.279449607959402,0.130084484832088,0.340064136812871,0.145902908600082,0.337117757169578,0.705801950619422,0.749596650162942,1.16355592021425,1.25032504329173,0.377322900714227,0.292097513088312,0.951217868825159,3.64883487410004,42.5625586789782,0.56650852069711,2.14905549270508,0.463926295049438,-0.0182125807757872,0.00351662902164695,0.000708410557436507,,,0.374033896916691,0.0129430884142625,4.02095777729497,42.1317097165314,0.591189876769829,0.268887925393222,1.11816359080505,0.066980934743985,0.640912321460525,0.413303789927703
2010-11,0.972119574821543,0.816770178838251,2.27205685420339,0.649707918031491,0.943347636160207,0.728482686785604,1.06530191069557,0.203285116748233,0.164908359223977,0.190558681204233,2.44834515960691,4.8031254667187,0.811066279942614,1.04537974332307,0.0538605693966,0.19949064104734,0.486695928548211,1.35542809578812,3.2964638320474,-0.0767718845765763,16.2624068826585,0.949509549882906,0.629417755862078,5.9221170081385,1.22581656291361,0.0636818260330174,0.292388399039296,,18.9119771517843,0.250513584875349,0.243123401430836,0.374926964629861,0.19002329917313,0.426197969431163,0.755798995214441,0.758373122032844,1.31923225660865,1.22623767147621,0.480920667663107,0.390449892405085,0.955298634276282,3.27575796503068,44.3768526848563,0.611440573603427,2.629305891092,0.593873079045598,0.015182442321996,0.0104167996805662,0.00237757422761005,,,0.477485718739951,0.029199172505808,4.33917548341272,44.3702563092567,0.802901636957107,0.291204353020358,1.36541825161045,0.0787244980341989,0.674278975719513,0.45110839064447
2010-12,1.15397892938895,0.789824574502465,3.11904955098037,1.17274123158347,1.28828832262721,1.06930332381225,1.23561413230762,0.334351162040068,0.274498528559595,0.466997305627604,2.85989232038858,6.29822418758315,1.1972380032904,1.3010170472803,0.152553444166222,0.233346395846809,0.563705428281779,1.91650934816124,3.62039557774169,0.183196694024305,20.3186618854814,1.00391316142495,0.73983098985511,8.60309611390028,1.38542321168745,0.0735386380003752,0.311307616109814,,27.289782548189,0.317453591473849,0.295040430849636,0.620539348271883,0.214085199912663,0.56379790829851,0.785473433026631,0.818252270205393,1.7322497018749,1.74891633029466,0.540721854102625,0.661476522558972,1.22034408910623,2.98704500662397,47.2030160463937,0.901717927334868,3.19658533633771,0.702220894065642,0.0273827045102464,0.0133637902475714,-0.00384520374935309,,,0.574571110377036,0.119966129762965,4.57058858980843,44.0467889661155,0.867368813420151,0.636894395576693,1.51250529919217,0.106633258509513,0.71270208103885,0.440276418485451
2011-01,1.32585421826953,0.901362729772323,3.79554549912648,1.27679467823807,1.64012571933488,1.03651784409783,1.61528991441085,0.338144441844112,0.277367210828362,0.483363513021068,3.57804066846556,6.07382411938798,1.11480448313172,1.63619224224967,0.126839639391471,0.236355478060722,0.585080496448279,2.13074474882076,4.25295169632623,0.275183870148227,25.2909863730976,1.30537076536361,1.20223497016949,8.03836850209828,1.66452848220351,0.0856623791568934,0.330122927227956,,29.7253702668529,0.481563216573871,0.338122193447857,0.768781473806366,0.133017757925535,0.59901391254698,1.03303514222414,0.874731887472026,1.86785680406417,1.96519977584012,0.522663019735091,0.629165307987902,1.28898840617202,3.7468630892875,29.73911422184,0.957130178181158,3.30320717921934,0.757730156768857,0.00816476375924171,-0.0204637707359508,-0.00927665292734999,,,0.677620135088764,0.0468549443185907,4.94967080234244,46.8411968262272,0.997867173797979,0.715332553791983,1.72101348688316,0.101012307930169,0.778352048690609,0.549063116145951
2011-02,1.32114175702502,0.978835258840987,3.80776576130576,1.2988109998178,1.57591158135233,1.21908730202731,1.63118039298776,0.401166324729781,0.292696647222972,0.535276098270955,3.29088808785692,6.69069287590069,1.55973622428395,1.58087561046173,0.164294849926988,0.236070705321956,0.598379544290627,3.08818933652408,4.38469424859136,0.210026871454195,24.0991091972849,1.36419403238084,1.14403119150334,10.0543734907078,1.61591081719398,0.138067616198731,0.302364497290401,,32.6110520434454,0.493523666376646,0.439752817059165,1.02897357910511,0.243700366378012,0.699475251883689,1.04790434608391,0.84023615615072,1.85970657239641,1.95793478127088,0.611317593459516,0.795794060160197,1.28385078080843,3.75742620832458,29.9947430785461,1.098785869864,3.56724175631789,0.764811275638467,0.0214252138305554,-0.0104313930839008,0.00135265304611644,,,0.769023421167194,0.0483867824010526,4.91986552602726,48.4883826707968,1.02602256484082,0.841924457226946,1.94272310258841,0.109919685201196,0.804636559958753,0.667255529930997
2011-03,2.10715417022886,1.20893687916324,4.71701773179355,1.60837917116451,2.10784929666,2.06132738013141,1.85131768078087,0.651581911126654,0.467178037673745,0.878142856180155,3.62965103653169,8.96016597451955,1.96214784750298,3.01592932106334,0.188629081919285,0.335655955951442,0.727259063815844,3.97047485704788,5.00557606350466,0.381314329576635,34.0368029646119,1.68473275755259,1.22653819216154,13.2345576718618,2.42446289345375,0.184615479870015,0.598715469707737,,53.390713706014,0.734610228157948,0.513251119153658,1.55492699707841,0.29902922352095,0.875272206141981,1.09479650116269,0.930402801961293,2.65136948024846,2.96309039540279,0.700465884131391,1.3827584720624,1.4209863544318,3.62424833127728,31.1976099045276,1.60269653351669,4.63882003990481,0.966393233593691,-0.005212472047151,-0.000844418506351521,0.00810681781014561,,,0.89110971130891,0.110241911742305,5.05673115625367,49.9526000813021,1.19096947005683,1.51479005786461,2.00822593618976,0.189601777381364,0.813066686917533,0.65777447475895
2011-04,2.00021118025503,1.26948608758288,5.15083483195518,1.63571166104153,2.24287709951379,1.5646188125022,2.10623971704987,0.563565267209578,0.458938842573865,0.786175165379027,3.74766331658181,10.0608967412481,2.27399197410949,2.95553641300722,0.17992495282452,0.335751756721063,0.841374298495097,4.93439927976485,5.65364083100878,0.222191326846036,35.0159659048995,1.78832107432247,1.45089323445464,15.3196343721611,2.65927757386793,0.229487984447719,0.55713971081636,,55.2316858136722,0.784673121023797,0.799024855673219,1.591075918228,0.357170447153976,1.1444639742891,1.19222175046448,0.901415859693372,2.73635314427475,3.55914652238562,0.783046396463798,1.61287904274967,1.50710621807749,3.51658209778537,31.3303641614511,2.34355619756832,4.92412406396181,1.1884364357523,-0.00424057299218958,0.00126933870638566,-0.00114276659084568,,,0.92395675622024,0.0806652178210095,5.66417221598221,44.7433209166346,1.36737378480433,1.48586429606922,2.08484312333218,0.126094644854132,0.822730764252789,0.688044004834142
2011-05,2.07481565027836,1.42595649863436,5.33389398926736,1.84449666867915,2.56236402532073,1.58803987543311,2.25815889655196,0.541900516233028,0.470441097216362,0.718087755015516,3.81237543005045,9.50382531786149,2.15530838031781,2.95687273250607,0.106888604997221,0.281021785378098,0.822226857592461,5.32947151277335,5.50154275347666,0.35830373370199,33.407630249785,1.91931944426765,1.31134493717637,14.4603026729757,2.71847796780525,0.15241878859659,0.522236886866621,,51.7182713904035,0.812924586399658,0.512580164065616,1.51743987451365,0.428156515937345,0.929645566840379,1.08197036285838,0.925643354631654,2.76613943236949,2.84789475223885,0.925702295980202,1.45485189029225,1.53306513758872,3.78460335667028,32.0857689189073,2.40338262386557,5.0598711716139,1.34432353544282,0.00673878143808906,-0.00727073793633497,0.00405062430858103,,,1.06505393794652,0.14294474858578,5.18344918013111,48.6179253962878,1.21892126250473,1.30650036692098,2.20267294265189,0.126773415752954,0.870953872737834,0.714152816858335
2011-06,1.69767454982312,1.22183860324855,4.57733160678091,1.35520228255663,1.78040627533563,1.24831192540821,2.2835362726087,0.403283406547229,0.305800340829462,0.515115299818469,3.50263574401914,7.97143223206951,1.5487288175497,2.54447141503891,0.15017086228295,0.180074642307139,0.664107964083426,4.64063517941558,5.36069406802675,0.298975284260688,30.3460806665171,1.78179472350636,1.17645289517479,10.7885004187909,2.2951854575112,0.1161834239237,0.473347317508297,,37.9585641871925,0.662293504184901,0.315413379902854,1.06324273309634,0.278235273096744,0.825939994284954,1.06436391606604,1.02474463005073,2.06587702487598,2.16694751961443,0.656079518268634,1.05113275137798,1.47723509694259,3.79000842684116,31.9314395362525,1.27472675517749,4.36163207699536,0.936284575391428,-0.00398115878043026,0.00298177908948216,-0.00750847182359066,,,0.924329044361404,0.131388420382552,5.16492956664776,50.0030699200131,1.24427941667545,0.941787038721568,2.14933781901705,0.110055968661959,0.86004091421132,0.673412231085716
2011-07,1.61292003330731,1.33961847122621,4.42320973897097,1.40333074781144,1.85764996981913,1.21503159119378,2.38393989805952,0.38088854407427,0.264980404079387,0.50796423329721,3.40771549924713,7.4256866296634,1.38158797015408,2.50395575178242,0.151016745812183,0.234543106696714,0.551792447620508,4.12201689774001,5.34131257061582,0.210841119072708,28.7356268614937,1.59611654107814,1.21995024738344,10.3829924395393,2.18144436109734,0.0634819037622223,0.507823850633348,,35.8293450031871,0.590462011391083,0.333599636104666,0.894680234128577,0.35858565185097,0.776467244259696,1.1190399407974,0.871373491768769,2.07485279991624,2.07802122541139,0.724727325373958,0.93016101588389,1.46099082854495,3.68303911445923,36.4977742008732,1.34547662668946,4.10709410590998,0.914272435208058,-0.0275414659107304,-0.00370706884867556,-0.00249590805893259,,,0.829217535988435,0.0464230662651351,5.0014677577002,54.5194575522135,1.18998876480682,0.872458523525416,2.5317586807067,0.126268394779286,0.844051345490969,0.609662385337349
2011-08,1.59092149597146,1.19136102334534,4.5280524503092,1.35930356304245,1.78761197602956,1.05813924501904,2.40801004272671,0.368501400121849,0.312107117520075,0.524034489807417,3.5457154097205,6.70853248869466,1.37906478016262,2.57648421947137,0.138489605401383,0.263243922865612,0.842079779137241,4.84194408677752,5.45056579055638,0.201214339646408,28.1787808195541,1.69111081584646,1.17549740644715,11.1579320275464,2.14007144153946,0.115451440227962,0.468085141063504,,36.7969241929501,0.62882070039634,0.376479894985341,0.972635320925137,0.303730499403247,0.737075994720289,1.1166812349654,1.02678220780628,2.24037764315506,1.97583903997188,0.694423142192046,0.690227522838633,1.47735493305164,3.60594770106629,32.868880578493,1.45419510725351,4.26725035160552,1.0697172791513,0.0233945233455646,-0.0180020086844686,0.00186648128871736,,,0.83016347016005,0.0952480815696933,4.99943801448274,50.4081994028267,1.0914459760964,0.784513692432559,2.19589136541365,0.0959667947547247,0.806549371020489,0.70592669010433
2011-09,1.57803407758537,1.11237596320571,4.46436436190722,1.34067390068978,1.78771994980718,1.14733372448144,2.84109411930438,0.409959092444222,0.299589920000624,0.509442443571145,3.42913737197994,7.05699182981327,1.45077257783981,2.40996368434882,0.135248236072978,0.210684437769004,0.61539162861402,4.84810129648235,5.40699707813036,0.223007740350357,26.2518605837223,1.55336747116942,1.14624044606865,9.19895095264576,2.03253142110051,0.110128599396712,0.405641834484786,,32.4425832209664,0.659224592697203,0.401747864569161,0.833239555538418,0.366703017594843,0.709843444052071,1.08561043467313,0.976556635909404,1.73095649595016,1.8215159032495,0.63172946636539,0.597267016824983,1.33948584667463,3.49371444685136,32.3462208246598,1.4341072633518,3.7941011252276,0.802509561307217,0.000363022252471687,0.0324393299116061,0.00510918137655472,,,0.783968412277027,0.0923645285971172,5.25316911788487,52.0371506455131,1.20816861994488,0.686011723997089,2.13721409331198,0.145588406055642,0.76832565334841,0.663863402561419
2011-10,1.31396587865293,1.00343823503025,3.92046191414583,1.319642937007,1.62204083432943,0.859631131945187,2.141362221504,0.305285868864394,0.294244844907053,0.51738057303863,3.00144043782983,6.30403774844715,1.16556115816925,2.32083719723579,0.128938732879363,0.189382431973075,0.60292553429992,4.43556189462991,5.31880767862125,0.102078810476685,25.1728149740049,1.61163504077274,1.1480741115522,8.58017462560173,1.76724570859147,0.0866031545966474,0.405365697416867,,29.1905104457905,0.548048101630861,0.397204503055112,0.603614721475934,0.277901564323603,0.65232718874984,1.09443349504672,0.92656275633832,1.56413917025063,1.53223667818742,0.540935082748393,0.388628994687035,1.33377549826726,3.63986690115768,32.2384442796447,1.2238866066292,3.81739055670844,0.706326768965276,-0.00644642715291197,-0.0104961885820558,-0.00855290051010527,,,0.724907999538623,0.0624810085344668,5.09554643527851,50.9004542029289,1.0725402264861,0.561160595267109,2.10049552305969,0.123212052921175,0.739438016811914,0.64130705213407
2011-11,1.36811807499073,1.01960534890077,3.78682338809393,1.22441236478395,1.4999842892249,0.833985048227999,1.66611206140543,0.267694522462953,0.284217489712619,0.350005017310647,2.74248505989711,5.84885309758477,1.12392300774031,2.04462342156761,0.0986598546473315,0.188786201057287,0.60734554318427,4.23370326187123,4.84762300989774,0.179757109562661,25.1624375565196,1.52060306183794,0.939703309200293,7.8099767949554,1.70986695206499,0.0644418927117214,0.338471653159902,,23.0489228162961,0.493962666267757,0.225960582967765,0.425084849622503,0.174465026361685,0.707242272186214,1.04249035619697,0.926116347541563,1.30194085097037,1.41999989229817,0.506460558850784,0.359130517508236,1.32107410972951,3.98756029309232,30.75449401918,1.10742471478864,2.92558331321734,0.679507020441808,-0.00842059283395011,0.000433408977726219,0.00516914091181104,,,0.716941489976089,0.0776783895899777,5.09820545361118,51.8525851206353,1.10479387047887,0.533035018976084,2.20632527868237,0.129933218845417,0.734478967721269,0.592059684998721
2011-12,1.42527019533256,1.13103030865326,3.68629503988946,1.20537064740557,1.52942821795332,0.842378976907959,1.49866492772189,0.336471203950712,0.27981419324142,0.477429197642456,2.43129852918457,6.12314058305543,1.11519001518758,1.90269486367239,0.0996227955469224,0.161882891428836,0.606997304291314,4.33683558217401,5.1041590380988,0.282783370502686,25.0633302936343,1.42533555974357,1.11408789641082,8.49013187879036,2.08626591198722,0.0687276201292093,0.359511730414701,,27.301372618346,0.463324384069915,0.298479216907739,0.611125971079498,0.210643558447317,0.622170323382939,1.01268013805018,0.897908121178759,1.71468389869549,1.63814781968742,0.517729499274266,0.43780444341766,1.31667004197573,3.7871177827755,30.1434302833932,1.21276157065983,3.76232046856898,0.868083677030318,-0.0106872920661809,0.0130478952657525,0.00692716292681727,,,0.820476509719192,0.0849504877362392,5.22537084529835,47.3388087822451,1.02625463484908,0.680075804573837,2.18997706486048,0.112866388596424,0.774793775533871,0.630929958216258
2012-01,1.53269648847512,1.18443148282539,3.73547709629737,1.19940026979097,1.53687164384153,1.02837141880207,2.08554225061032,0.382022539138311,0.265091576253858,0.490061996866375,2.69307938704026,6.76512706366417,1.29610659831424,2.26638161644192,0.108772602651841,0.212822389754677,0.686757139645027,4.35482324109886,5.13884334019656,0.19177986883432,25.351648359623,1.38005266439622,1.14610097565944,10.2922262082467,2.22497630073731,0.0942997386002125,0.339924079706146,,31.0570559606121,0.603632694741137,0.320564867515688,0.739168047836708,0.269846584379005,0.750541799509621,1.07331299472645,0.889049740883113,1.59555554031421,1.75820966442877,0.588617033370684,0.545198616548695,1.39323114601727,3.87098213644684,29.6714512775917,1.29090733192518,4.23000418741255,0.878685167159972,0.011122310968736,-0.00462074917716312,0.00313979893150058,,,0.823732862000866,0.104978564622449,5.19677156756444,48.0636687856209,1.05458763181613,0.684891900404567,2.16122124806565,0.132809354719603,0.776196141684207,0.625086785167056
2012-02,2.31058922713816,1.86092818986138,4.67967676216185,1.5686412801105,1.99571349710013,1.33331478602704,2.53882518886812,0.5840332655464,0.406138840465384,0.894585490871737,3.32999228216371,7.83162249844388,1.44948183167492,2.5434389870495,0.129962626101953,0.272313926413418,0.895160177040421,4.12881747507723,5.64987383918237,0.257698727470114,27.8639932589888,1.57897365513401,1.25615971230809,13.2910283788588,3.53709175587283,0.174242129558774,0.490726978950978,,37.6303251650809,0.678148954461652,0.791794898409738,1.00755433807561,0.310362011275241,0.808390072455818,1.15714446752511,0.95012366846399,2.27906643815022,2.3029819490058,0.629954696142799,1.30374979744789,1.44256757069748,3.93051372142711,30.7094817330287,1.36838199180865,5.02565824995809,1.00573531580765,-0.0261409253134661,0.014141698441269,-0.00428942074472506,,,0.87413379071058,0.126537436311364,5.59097593506432,47.8098099725684,1.07898919455711,1.15527100625679,2.25320444029101,0.138676884242036,0.827057953554236,0.680468147733186
2012-03,3.01705648485957,1.99618889800322,5.3285313796795,1.88711235094128,2.30068436789151,1.577441886897,2.48928122655728,0.550819223421754,0.455228555732666,0.739512222133922,3.47835621776159,7.78017476585403,1.4690693273471,3.0846582323134,0.131269068670774,0.372687180936334,0.991541556552513,4.08673114136017,5.97447955848616,0.352276229764622,31.2644055432772,1.53928687255986,1.26605813974293,14.5711726691477,3.90976460935393,0.146864032626082,0.628779438721913,,48.4660898874456,0.755199439572255,0.526870433511725,1.31467248650343,0.325488589972075,0.89633870186046,1.62654002040227,1.04759374790849,2.75433423004393,2.93800692771438,0.683023320956069,1.6984359935504,1.51895840417834,4.15424676759738,27.7952352335597,1.78824789712524,5.69882448470596,1.19445040366467,0.00320584998149595,0.00841169705129046,0.00250353914391476,,,1.04525189971116,0.173675493526415,5.93201634231942,49.6169732563376,1.26303368710542,1.6444128741931,2.677079675964,0.162645456794308,0.926560947966758,0.721665035366322
2012-04,1.81941231737056,1.27252671689662,5.1965746692423,1.74628041184446,2.0579675806619,0.922403465007732,2.51458392746876,0.395482814476689,0.400645170369101,0.579324890406181,3.16517657487357,6.83424289426066,1.14788550175903,3.04501087105601,0.132090698143619,0.245328704188925,0.803957657990411,3.19589010824829,5.16174082576219,0.318255543537384,31.5054555362503,1.38585282868552,1.31007309662327,10.7620466830892,2.43876429987515,0.128743759113735,0.481029434957913,,32.7149718197621,0.718791536263415,0.490528180785552,0.809540283676131,0.237561860754151,0.708809269262808,1.14577156546238,0.897019343335516,1.87730424775569,1.86702702088785,0.63116141371853,0.7041477823727,1.4705852304706,3.96537157589508,28.7718401472809,1.14160539223211,4.43343960391828,0.911454591496007,0.0105026952632319,-0.00149634993542435,-0.0189533151515839,,,0.948178105591191,0.110406753610753,6.0535681496713,50.055158961545,1.36022962281441,1.00918486169801,2.22268283902032,0.143211032970725,0.888154619010804,0.732889035335387
2012-05,1.60985255419507,1.19152036310438,4.19360014671559,1.45946457990265,1.77899064061279,0.896601720875643,2.04247304881315,0.470011581726944,0.342028433162841,0.614988627194083,2.73106241583768,6.20835299751151,1.09112672163424,3.02899741985587,0.136302019608566,0.242703098185642,0.723006162544219,3.02691409262558,4.90814636734136,0.255562085453933,26.8713996118739,1.27398755412214,1.27756880234118,9.61558786807846,2.07509977159928,0.121663916026055,0.431463759552967,,27.651836609641,0.647689917214838,0.40130717533066,0.68560262979025,0.21812362472631,0.667338717363728,1.18671110547315,0.891675181928944,1.68009548478578,1.64964887975325,0.604176477474026,0.483817620380768,1.4238945347818,3.82346702320555,28.0230069772558,1.15535162604098,4.31833898023241,0.831033103031036,-0.00947106845308496,-0.00692644741196479,0.0119270915273567,,,0.88748139989942,0.0450612444011631,6.12453947596624,50.2233420467998,1.08217261038605,0.855974734699651,2.13934301745163,0.126657852950827,0.865397562264797,0.715145173023609
2012-06,1.5595840390944,1.18014586879165,4.0333312245177,1.41276059127196,1.71159273200784,1.03310726547911,1.97950475171233,0.555804788884985,0.427020002750839,0.61308767651281,2.74690102756622,7.45880393843263,1.32109769128569,2.97574334550053,0.133627580309543,0.302502782051283,0.771714015368194,3.2507304663763,4.91500060369478,0.319952204637088,25.6058601684338,1.24251679836294,1.15493652778103,10.7383848524607,2.29500920075374,0.127394342705036,0.463937600247031,,33.1560131257235,0.867459247794702,0.468776445453348,0.964246263808501,0.307255157213845,0.768026358180885,1.16523667215288,0.839587393207534,1.72762608216905,1.63198709384928,0.605028399966758,0.608546977780428,1.40285750035698,4.0515812101747,28.8274548990189,1.22531998831102,4.22725139731295,0.837383642975432,-0.0109601448266589,-0.00338536512408257,0.00237182649734195,,,0.913595910043094,0.0966384803676088,5.56381563720978,50.8896253957241,0.946023576040654,0.847634747495195,2.190042162046,0.172933464092003,0.865326012203692,0.741450203574596
2012-07,1.51628677791503,1.21846270156464,3.89939928082086,1.37246746840575,1.62049886575282,0.993705813328467,1.86692431270488,0.480115620143174,0.402400782940186,0.538776391061701,2.77846865905867,7.24994551940719,1.4003905615744,2.97395484892555,0.0864841542992815,0.218196221141827,0.668899945247055,3.09912351938251,4.91736881557381,0.403591625675892,25.250065588586,1.27503976047784,1.1846812079537,10.525542432558,2.18669337077554,0.125829192460138,0.414683092186286,,30.1957364060797,0.818842906708541,0.418402732588533,0.862772037216087,0.361737994757564,0.618880014002427,1.18100026429424,0.866601726628708,1.66698001559082,1.49845603316061,0.552291291467253,0.571148410773691,1.35920588167543,3.51577703402615,28.1800270942793,1.15016034267351,4.12411903919865,0.738481315951089,-0.00687230760282292,-0.00216430164081954,0.00250836966291216,,,0.919977434750371,0.102336946771579,6.01019358658075,48.2098768049977,1.06047125357038,0.764958982920708,2.24442780705323,0.142396051988664,0.915080690246287,0.807621123789161
2012-08,1.74761494357314,1.38735059588342,3.86949087819124,1.29358185582911,1.54201794430416,1.0550797763535,1.76148127992249,0.562155166385896,0.466975323120094,0.639141417394344,2.6219299973727,8.49343132233564,1.63084580298812,3.11885972996779,0.166034142086098,0.27205286356992,0.752845145090537,3.59077935101804,4.86966332012861,0.494358309585673,25.5900232556108,1.20967323912911,1.10277744418089,11.3986551850992,2.53360919542089,0.115303635844668,0.423000381923874,,39.3156853481362,0.878229285394184,0.495429789936502,1.04862977809992,0.470556561368794,0.788488105597624,1.10063518634678,0.85296420387672,1.99187542277252,2.00803258223153,0.590810047522652,1.04644011325049,1.37470114958638,3.08213295596256,27.6539358671548,1.45180329331795,4.79617814242196,0.981703237089773,0.0187130084075274,0.0102560808566607,-0.00398117929629855,,,1.07708805653383,0.137964852114337,6.50965710110958,46.4657362914329,1.0422539626762,0.874997805583582,2.62185690369498,0.236611829669063,0.957756485093165,0.769187704188789
2012-09,2.60744468888196,1.7458953381778,4.24141100091482,1.41836179448049,1.71985184466372,1.15026486479262,1.97847566740792,0.495886736970609,0.423752745189176,0.507569973795436,2.78777063654142,8.1592669171896,1.53850352711683,3.42642818553858,0.181450469931344,0.344951641156558,0.904077371616092,3.56559973167729,4.83590244961856,0.208904092404605,26.496231613695,1.15512675379665,1.14167708882774,12.7535715555573,3.64344474224925,0.149885696640866,0.476494955499452,,39.6263221843612,0.896973925661945,0.391758110028829,1.05716505151443,0.348950373570857,0.843261058803209,1.29358731921066,0.866943194055802,2.11556570084616,2.16735610217463,0.63055911047435,0.966355674975871,1.3705070003605,3.00082376075606,28.463172056449,1.3726128150077,5.83522569427157,1.02080673875919,-0.0709996177606871,-0.0107182901980582,0.00276360440691645,,,0.993570945550128,0.0879029457061317,6.04785974124741,45.3250475142637,1.16129435561705,1.22687661788489,2.7416897705367,0.156479407591647,0.952385578630392,0.78935664874002
2012-10,2.94039356833028,1.7574452616234,4.12577753048777,1.43086803641363,1.62521210056641,1.3207039288374,1.85481479722582,2.48001947541382,1.61584344404904,4.54111892294778,2.73596827032479,9.13782660230411,1.58102716989362,5.15290790534592,0.272587048855767,0.282413289470842,1.04727471889181,4.02494294399233,4.81209854909193,0.514590720725021,25.6371791760608,0.943993174149771,1.12270664918552,17.5310143471043,3.78581388468213,0.190813131248917,0.594792066708672,,56.427726225434,1.96293924781417,2.661709445429,1.37323990427035,0.546883065504905,0.971281411746809,1.39634326763432,0.890453708853894,2.35824716680898,2.68129588626331,0.724091025427746,1.66028825487355,1.44246159429168,2.79333774694903,29.2673201199338,1.56290309263887,6.6983805746226,1.06798881863137,0.0378656337129121,-0.00449920879664681,0.00243298099521999,,,1.06071637640643,0.128007375681045,6.33640896974183,45.9828171717442,1.12975039487488,1.63447905569166,2.82487026169875,0.157392732238428,1.03504877994575,0.835659411578772
2012-11,1.74139853227011,1.38752631907512,3.99729022435103,1.35519018674036,1.65343374382089,1.14615348355069,1.82095725004005,0.5568941126672,0.462344910477592,0.719529254640397,2.72348515420911,7.83474557260823,1.33369454944712,3.74160309222822,0.218392523992715,0.270428456852434,0.767235231652194,6.24829634993026,4.78929122607108,0.408103557235404,25.6050410033274,1.00869540475346,1.08542739527418,12.5571189148651,2.66570165512964,0.121361996300842,0.422774530618654,,35.1927600101895,0.977807761039559,0.499980522929038,1.03945074344629,0.36374263434261,1.15478745212555,2.35867282385705,1.06484787998456,1.84435850566164,1.77430766321022,0.639928319937504,0.677107635900145,1.37293187520735,2.69179672937354,31.4819717216914,1.45816569445185,4.29002185366815,0.827280013869345,0.0145179587834631,0.0442794634275105,-0.00185604888288148,,,1.08901952581176,0.177325288053741,10.1318772297882,44.8350871653243,1.1136595570858,0.910785553303464,3.08907418950413,0.231539490941676,1.01651200421453,0.875027984029002
2012-12,1.21446346061188,0.918442911344695,3.62823398025575,1.16202195264788,1.33344777617402,0.938309519574302,1.6917060968805,0.480894531437507,0.395965107136951,0.440189900616992,2.35657722071018,6.25400136043345,1.05800555005835,2.93451562497461,0.13753003090249,0.229093621380529,0.613963300804966,2.80919761365982,4.47681834499615,0.299121150519731,23.2925903384351,1.0710155572654,0.948314528057459,9.13494035003243,1.95230016801871,0.119734516408569,0.251185126537678,,25.0373940903642,0.852816483344729,0.257166691130023,0.740685140215938,0.176203501571048,0.601957053968113,1.20033216291496,0.892994443262331,1.2985170977755,1.0642346251863,0.415914321562449,0.343726920697236,1.22463049217431,2.67242355941188,27.5060708370525,1.10790486330236,3.60675801974538,0.685637609555893,-0.00263525377830556,-0.0119955088081006,-0.0105469964544506,,,0.786188492612393,0.0554415243870875,5.62893767083641,46.0905607760791,1.04679016214406,0.587700711528788,2.62193486755679,0.148752997684108,0.845529117291584,0.753305647734434
2013-01,1.20018803095955,0.866992375341521,3.35112663411173,1.13297546811649,1.19413795085339,0.799823982938351,1.43583814201701,0.424771454430041,0.320684818661471,0.443598821786258,2.30304388883293,6.18426446263219,0.968104943081811,2.91559374903919,0.151527467215292,0.155957339521967,0.529187879929411,2.48538593563145,4.17699818621533,0.269812851312173,21.1975148522262,0.970797880684464,0.895230976740339,7.8145177984249,1.54990980431187,0.0873187795081957,0.268893573262618,,22.3528326863534,0.723772123697574,0.296368050870398,0.520136037755576,0.246842119440958,0.539728663854613,1.0230531787019,0.821469235286736,1.31110330731986,1.00845225985189,0.549697590073409,0.382316954503881,1.16870087170012,2.58095162210815,27.9690709390518,1.11409608481674,3.19058693177064,0.629798692888228,-0.00375551623983196,-0.000791889848775644,0.00842283369930105,,,0.840207143377811,0.0590917471607053,5.92657446219014,46.6130317737177,1.00751632396591,0.544501641582402,2.41390277641033,0.12394816625661,0.873002664078669,0.793056408590176
2013-02,1.24704616200606,1.07394520792675,3.23398568972377,1.09172437454034,1.22144882709302,0.893490115249741,1.46277935846023,0.460692800947745,0.397277621912784,0.649216952584464,2.24585723806943,7.42579415314682,1.36555179116824,3.3193202729566,0.152116771338525,0.198863003930708,0.613034414330424,3.33326171857684,4.35869037598944,0.423814417722468,22.1337943997697,0.853273746049765,0.918097589056612,8.44607418580084,1.81967379902387,0.0907213081487253,0.349714360779976,,26.8462421339618,0.830285101369801,0.521372129138587,0.636499477968426,0.212934815626861,0.737399242083138,1.18413233601973,0.858684192372665,1.26162905614746,1.2342403880718,0.574067731992175,1.04486456301217,1.19736642134369,2.62453706515308,26.1785048481346,1.2401406736296,3.53520015087034,0.596596873161125,0.0231343316477205,-0.00658694523780316,0.00162015327042236,,,0.777006613936753,0.111635726645065,6.08789097172319,44.8310261929583,1.03742418749191,0.521484616586083,2.53475880024867,0.156481116348337,0.903159762820054,0.740331786419153
2013-03,1.03268495096129,0.956624830279464,3.15613471965456,1.04689671003804,1.17167232354977,0.79054513489939,1.38542732542172,0.368910831868485,0.243151774440981,0.33799354147322,2.19697238996427,4.78399320919779,0.813495261834243,3.10897465361334,0.129974911190449,0.156481376814804,0.592652443263462,2.36384650707425,4.20285560027501,0.113315904339457,21.0862652760017,0.794731035298046,0.872969361248597,7.92716325491123,1.60690403719334,0.0830340346306902,0.31127735240299,,19.8915155187104,0.683333802556432,0.222097352631031,0.468170184974979,0.217248468742253,0.57186530757187,1.16960683735997,0.842360470492636,1.11209410140279,0.883106783454241,0.539914215518736,0.241824611257718,1.06788152476689,2.65313488609681,26.8047586320111,1.04200177133099,3.32028477956387,0.587342181169334,0.00142375637200273,-0.00790708735382888,-0.00288494338269508,,,0.611006589854523,0.047824244196135,6.16837347146793,42.4166791929188,0.927293953820319,0.444634883684054,2.49890495049818,0.144551347104084,0.854648766245855,0.750367435886363
2013-04,1.00179928371126,0.965089632969452,2.7389452428372,0.935854708650268,0.987399710284102,0.560405432882271,1.23624631733461,0.305567623211276,0.209397754700599,0.316216627846259,2.01513652740963,4.28256760253434,0.768030483570525,2.61250984396778,0.128394036176828,0.201424031275738,0.562909663370132,2.33773985266358,4.09670209409335,0.222462168492048,20.2569348748844,0.876696812396244,0.871107434289696,7.54330122588845,1.46576014288766,0.0940983374323421,0.322122453080125,,18.6879049320434,0.654438144992316,0.243934660176133,0.623627500938242,0.269858861360448,0.581568518337961,1.1595891241521,0.844686598110633,1.1183991503142,0.934958961067545,0.47605422968616,0.230315864633422,1.08583126895299,2.8943941734878,25.9468987629629,1.0564673432639,2.85461492000867,0.52808960656689,0.0235120625049555,-0.00230804372408797,0.00313891642825524,,,0.714331020625536,0.0989029852262219,5.64293399816617,45.4075075250759,0.910194774494536,0.400679686541151,2.55386293904812,0.153032611966323,0.872146918377291,0.731330396160341
2013-05,1.08378970114817,0.866262806615581,2.73889518662423,1.02474890777292,1.01292131872077,0.820287918454014,1.30893860982816,0.312791966477959,0.279352370482793,0.38919942619823,2.0521150658246,5.46198003344911,0.880019655197563,3.07075925188934,0.140545993619347,0.202757545060173,0.6165006829359,2.21187827548642,4.40674130603674,0.353732186334989,19.5290386725081,1.02032020249409,0.851905878295316,8.29766826044073,1.49259571317348,0.0878809186196687,0.33752048726191,,24.3886808017294,0.766648132516435,0.270349257184995,0.669473235086474,0.368829820162989,0.688851069695683,1.1466940238886,0.822578076656638,1.23997434687943,1.04445342332265,0.480074873321755,0.469225204731591,1.07061698463991,2.7747767178268,25.3634920341053,1.0514896214479,3.20153912072149,0.639294755947139,0.0337639853172335,-0.00618518243069417,-0.0049069750921073,,,0.700378226893934,0.137627117727919,5.77869528321641,39.6650765581208,0.913287407547083,0.497170046148376,2.70469436925378,0.1614344297916,0.823621391257172,0.727823388746233
2013-06,1.25700970442464,0.950214170329711,3.09670977032579,1.04788038134224,1.13996270652909,0.884566694751024,1.3918782749757,0.360685523451923,0.301876538705626,0.388710276675985,2.12167715455825,5.53793021485183,0.987490026404145,3.45046970302643,0.113339224317647,0.184938509034301,0.66872611414005,2.66660491031866,4.56124170992463,0.362638996315936,21.4853463300278,0.846923891260891,0.975762509257259,8.85972591460877,1.58457863824048,0.120504465370178,0.353307607288121,,27.8208352841851,0.797266316743588,0.345061532513303,0.672562828170749,0.29267893733793,0.704515758405212,1.14590946686747,0.827734075424896,1.47494490622237,1.23452149547953,0.522588758776785,1.12543758022437,1.12454272551698,2.73621366395822,24.5871831045215,1.43794925936715,3.58533715603906,0.736039192858749,-0.0764724168999184,-0.0184190246135766,-0.00380058869110262,,,0.726323444243509,0.0831972038914082,5.94168427798902,44.3558510964277,0.825937915540922,0.653803422913653,2.77027338770598,0.134485056599901,0.886518796668545,0.757034878025387
2013-07,1.28437332144632,0.963780330517317,3.32003422281817,1.05877584060739,1.24852521973604,0.854692354759378,1.55216781881638,0.362670372252774,0.355210377902761,0.479590076420905,2.11211459348492,5.86765951636721,1.07959173009706,3.77292710247258,0.154935267914855,0.203413591165639,0.746866972904279,2.75978645879595,4.61105070721782,0.249457607285313,21.4502312499733,0.748199958646824,0.905674838901298,8.71615703008539,1.69306118855674,0.120274089817701,0.488466769602522,,26.0263342611642,0.799749063316587,0.350692812250351,0.900818008057573,0.177047330541641,0.793477721638767,1.19941001276434,0.868612808661495,1.57232655654542,1.17741763907592,0.681459264174057,0.491481438658458,1.10088563006141,2.7906807418955,24.4641148893418,1.22741081955575,3.63811002447968,0.811167476810187,0.0206299514341445,-0.0155257666436599,0.000897647591735175,,,0.776266038338283,0.101928294501006,6.11219129288509,43.8043504415231,0.905857384693608,0.715160610071155,3.01558579525691,0.134869607856111,0.905214788886352,0.807866908819144
2013-08,1.17375275560868,0.961550936587865,3.16123960706365,1.02039500748649,1.18337362832987,0.854570982163214,1.57818460949246,0.357091214023644,0.46060694380768,0.476516346414357,2.09488328158759,5.5914398728108,0.920673733223997,3.05880767149498,0.151027439484867,0.21760901979059,0.707742202530948,2.54183432759286,4.59463374726375,0.175280529814797,21.3823234585052,0.857333207678363,0.974007623403104,8.1099976078248,1.66459587321714,0.107055680799855,0.382572405581504,,24.3143168360593,0.742166234034523,0.253018564657819,0.703293871788851,0.162999048218421,0.709796359846276,1.16911231391063,0.820274166856835,1.33437103404753,1.16684156102778,0.490612992359351,0.369198199797446,1.14207984842963,3.33216026731895,24.1871841102161,1.00534117207592,3.45803519879476,0.592394156159385,-0.0194597557334461,0.010256534960017,0.00923669766407727,,,0.69009231493251,0.106169582810613,6.01545662735057,45.0617837599659,0.939028661411625,0.631182136660754,2.60243204404793,0.163525388699773,0.952729067172848,0.716678503083218
2013-09,1.03243098643161,0.939561158938863,2.97419899289864,0.983804024271702,1.08016162901491,0.756555511750476,1.43789417412462,0.364942493551575,0.303356459961837,0.501133754431405,2.04112099755411,5.2090155089254,0.826822122000276,2.8270597511778,0.156377265751633,0.193370097721876,0.677335463627454,2.21197518724421,4.21984975177455,0.260159889704912,21.0699044932357,0.99948706480091,0.885035374629996,8.35460956852598,1.66767566934167,0.0989475932423565,0.366010505586948,,19.371696287825,0.606963416672292,0.354301210003372,0.534621289168582,0.172442495659872,0.599427083407818,1.16867021298429,0.865497524387203,1.31868176839108,0.881651608494443,0.396080730623706,0.225383748264656,1.13246675348568,2.99614759009531,23.1184804676209,0.842845078904305,3.23475721686135,0.644914346025112,-0.00875208167631597,0.00322128117919113,-0.0123117088462808,,,0.73256921758272,0.120232276997188,6.70664304763515,45.5134828112866,0.845546459379822,0.460949724875321,2.47524668530583,0.134386206469379,0.943676187917423,0.787909165317176
2013-10,1.16577595390141,0.997497761901438,3.09915916300022,0.945275363836169,1.04138799592791,0.726652834078509,1.51422521273997,0.321612174182338,0.262145194126822,0.339452886400289,2.02717912159301,4.80654913603894,0.830721615124856,2.92084495487437,0.138906833287545,0.234343494139589,0.693063488439167,2.30634253657593,4.29862582095168,0.3051605027264,20.601895935118,0.99247462609462,0.885644558889419,8.25625874440628,1.69394889749623,0.0970671432532308,0.383909479735706,,19.7978739442327,0.649145638434888,0.255809900967953,0.475101472238366,0.142328283134219,0.571962949183437,1.17711029338473,0.867298071909605,1.31059557279195,0.999028179930163,0.472795992989213,0.255801660704438,1.1139602133625,2.72155376117495,23.4199944279189,0.946426538545794,3.26933433894607,0.663100395723473,-0.025499677225553,0.0117896525745702,0.0149388369103787,,,0.695942426893303,0.1412933506995,6.18703512033634,47.2445026510045,0.891337574128697,0.549807383378469,2.51705805850364,0.115469714808292,0.924535097279088,0.787588860725523
2013-11,1.04393643853007,0.888184400048132,3.02163094106529,1.05855374604661,1.05728763923091,0.752090935429248,1.51111419213606,0.296204872270682,0.27361081298626,0.315830905658597,2.15071184062398,5.8793992531036,0.900496010179506,3.07007303481008,0.165342300195223,0.193207669284012,0.647959286765857,2.64731265216143,4.27409097222878,0.342649788969773,19.6952517771824,0.895610470255254,0.931855174915135,8.2988896074612,1.6240070851931,0.114550497809915,0.341664074425757,,21.044412528317,0.69845204251907,0.23965648197839,0.48792099433792,0.165313791977619,0.670257436829292,1.19983132804101,0.859313152823091,1.26190908371654,0.985726575266953,0.463016402299903,0.285329995713006,1.09210399653653,2.79030048176176,24.8082954507782,1.06826963920361,3.1706190727654,0.673984597752921,0.00699752976944034,0.0191461323645853,0.00433565976226306,,,0.816335771111919,0.126015676518848,6.43637465757878,44.2968945379619,0.911895773002582,0.464524125332512,2.58725221881951,0.145212139519265,0.955601631914919,0.807573009781459
2013-12,0.916968025102173,0.91720851653485,3.15322143678191,1.08036847532211,1.03490460323305,0.68635336630665,1.5297452884676,0.26192225345,0.266018924878775,0.286356642043966,2.08913927045127,4.8203577987081,0.75231632961026,3.48052780313562,0.16372629715616,0.205265638993488,0.690144778739258,2.26117528431619,4.48546172685456,0.21072436640924,19.4672492099778,0.799949294692363,0.888247763443219,7.95080806587303,1.57259856922252,0.0638854250570885,0.39062253490308,,18.1041318313638,0.668054682075813,0.218712531181049,0.369761015485964,0.161459120870205,0.672980118442656,1.27890200262046,0.801701746611642,0.954970888320347,0.775660952872103,0.452069268312606,0.161830913230687,1.20307762674545,2.89691696476376,24.1059159238256,0.974606712016407,3.06989298222773,0.55879179830458,0.012991043480151,0.012647789729332,0.000758718331345306,,,0.643371690209895,0.11072334123964,6.43606544769902,43.9858844147361,0.972746897987233,0.39882433494566,2.61530295145962,0.153012647825474,0.904938258705886,0.848654397929214
2014-01,0.872996621942908,0.814591739101572,3.08696335772998,1.05379063255335,1.11331276215229,0.641404064208345,1.65316782223667,0.216076741704733,0.305640699578484,0.247663863947608,2.14998791123279,4.60198069735737,0.669389987865537,2.92879206199118,0.173420231811453,0.199521307910408,0.643792978334385,2.07879500519026,4.43318284570622,0.322189858196638,20.3122154531772,0.863098872575023,1.04234090389731,7.45682089651324,1.46499424932123,0.0798220704829364,0.392009693345286,,15.509237857059,0.652266847211932,0.171108208275292,0.301600979451585,0.114123515456768,0.587894372826742,1.30289083017572,0.878874518852925,0.989293471037534,0.710615323900348,0.377529561717037,0.207049631929756,1.26729988317279,2.89822008096107,23.3874043787738,0.776821208609468,2.91523292936964,0.494950685359206,0.0523983395033345,0.0110602290201312,-0.0161352338891237,,,0.563544511036761,0.145821397654458,6.08029552096883,45.7680379989098,1.00254351333025,0.306799398111177,2.61832454850014,0.150867634388473,0.929231462798683,0.771214416036296
2014-02,0.877421872868554,0.861479334658913,2.88566453732153,0.98292358272253,1.00677285355286,0.642573627472937,1.32020369771319,0.247315827501796,0.168147490264392,0.288380803470826,2.08920699491247,4.26421449187162,0.633810966450105,2.84605924041395,0.184874062849589,0.208453614556206,0.567651751357222,2.14950061561628,4.27670759456559,0.205552487535669,19.1467919412253,0.863974946283912,1.10891709632806,7.76329661711055,1.42370129284666,0.0910306391801616,0.364149998629275,,14.9740860668733,0.653764326416788,0.15020088618423,0.364572314652782,0.21177928739576,0.556163686462963,1.17887760909676,0.854500913936214,1.07001723247144,0.759821336568474,0.399016497767866,0.188568960216145,1.16657585094913,2.73694316724254,23.6909165719664,0.883805306648283,2.94202991492868,0.58371564411415,0.0367746843948964,-0.000760778073499698,0.00440060958980945,,,0.658249371913497,0.0612708224326387,6.2121648665414,43.5080241428292,1.03469870602765,0.36724036547861,2.67608631348739,0.163077330364005,0.896849317687119,0.809769064359845
2014-03,0.975704274239607,0.88886754791945,2.83600749694533,1.00476513798505,1.07077417498152,0.717025490360992,1.48513019496301,0.227682518915004,0.255045273452476,0.289884956922379,1.98875832628975,4.64957390610057,0.668275372853402,3.21903521735667,0.185690129352813,0.227779365192729,0.608577082016668,2.31437494541453,4.27832425688801,0.410906549543643,19.5987499183369,0.842948692601145,1.10904793932225,7.44268555731883,1.48492564652537,0.0793100541636065,0.387314119225529,,17.7752236828407,0.643351087678734,0.19918683444445,0.398275435390172,0.225547179421243,0.66534885590544,1.18661000428798,0.808147784353045,1.16680882836975,0.87437552894608,0.40538454547624,0.240027421967827,1.19143088235178,2.62615291662951,22.8499542650706,0.997373070142729,2.80532923880457,0.606590579365338,0.0310166946250844,-0.0177301642704349,-0.0126314606531876,,,0.643818947921978,0.103778000000964,5.91511634687554,45.0618983309101,1.01498273787235,0.43675116335162,2.7214866057828,0.136966000388517,0.974778259246786,0.816102077633646
2014-04,1.02170984945655,0.944023939615513,2.99517066467824,1.00082394893166,0.97350682632294,0.759184779295701,1.46090580864114,0.341763483750199,0.301238064686434,0.420055214589373,1.88312606871142,5.22906371427454,0.885203857038695,3.71163633942984,0.220328023392332,0.204554715429509,0.68945634192801,2.60928247834592,4.49387331027263,0.489169403843057,19.2077633166667,0.869537028128062,0.727824798222099,8.57175277569517,1.68030464258161,0.103410786960041,0.414460135155307,,19.7008463703193,0.69294704604231,0.312917446265469,0.412038251146458,0.130540325574375,0.736320181643869,1.23683379321187,0.851368361965462,1.2319116796964,1.10899098118088,0.440569922985208,0.354829130772912,1.14428418312632,2.71681005477604,25.9045870176341,1.02083481219065,3.3177895615295,0.646207898842052,0.000935109543541429,-0.02459051049032,0.00432426550584487,,,0.736609114896451,0.102542872899065,6.52198243372242,44.7576138696466,1.01793998512857,0.437127428066304,2.88280450980534,0.168753598508889,0.931839449627311,0.746810347235032
2014-05,1.08817429086692,0.9177243567589,3.11924609049158,1.05017700018522,1.10674277872786,0.688788170298081,1.62725204073377,0.310831665625255,0.301304615792329,0.327933986015601,2.00544031566242,4.79480758759599,0.75190697611925,3.66369114894838,0.210234091662279,0.224322534461729,0.67436802454622,2.182755303069,4.40337734030263,0.505831098219839,19.6848893225115,0.912679342039308,0.856697618940441,7.95202611053739,1.59440482683516,0.0926613180576217,0.418933301599124,,18.2589227770071,0.811513856902437,0.237193319067615,0.447134334587258,0.1476994439668,0.5939976466945,1.27786275112528,0.859086626629838,1.29590298590165,1.06122431321304,0.491623763271911,0.282987438421862,1.17818570243056,3.16096905664914,31.134714285254,1.1269623302844,3.44775311349397,0.690639449898763,-0.00787611621093807,-0.0227736485035078,0.0108918269856581,,,0.710327710494309,0.1105845773997,6.32641392694516,46.0368308577778,0.992955584033753,0.497263697571094,2.78040504696645,0.166437212656882,0.987844636964374,0.889896806998115
2014-06,1.27077072277798,1.09232618456438,2.96327861984659,1.05616974970902,1.11349078639157,0.758725478288747,1.50662624331795,0.29113774026959,0.312231350061831,0.386130930574884,2.0687000498288,4.68426358001622,0.743408309132133,3.96870859242716,0.209311933861762,0.180912163340724,0.695140707525761,2.26812376046804,4.60014213526311,0.412371774745809,19.2419562288438,0.950684826607714,0.855873286416797,9.13828745287082,1.89137725109526,0.0587505714473265,0.425214409587406,,18.2762819085294,0.686781917599823,0.256836301051682,0.492882686441693,0.146037571491763,0.764856380858164,1.3118005913243,0.947638256373568,1.48066462578029,1.16332275169319,0.528460199999045,0.295793753836753,1.16781389994391,3.00905147496687,36.8665095930992,0.965353178845215,3.54845859582072,0.733489051092504,-0.0292906122315971,-0.00308036998051739,-0.0204531913302052,,,0.751936531474227,0.115963142747413,6.55423415331605,43.549418023679,0.98497483489007,0.604783304306414,2.82699501607497,0.151279261730729,1.03942394062495,0.921327228605414
2014-07,1.2149728969755,1.01870418743314,3.06138690577523,0.981696534967596,1.08460226398652,0.797936546105533,1.36566806281378,0.285633659359198,0.225687038079703,0.38577603243823,1.97792247285428,4.29944740156305,0.582676408387899,3.79734551449515,0.145187447005486,0.19725068760473,0.767103243450978,2.31979610163061,4.75484761801708,0.465499157748669,19.4791094376822,0.952556646118164,0.911830792052497,8.67139343464259,1.68199553978791,0.0600058949857913,0.425677625197964,,19.2027998668422,0.694576562875619,0.272895973195277,0.381174407790383,0.189497830869366,0.713361808397789,1.22218087062151,0.853054040120274,1.27861788753583,1.07071933962738,0.479806368280664,0.178386693448784,1.22204488396428,2.94885944648528,35.3384232717638,1.03518759288543,3.74239769377646,0.698916043849043,-0.0631402370205438,-0.00138531097544728,0.0140791835252605,,,0.758865647397429,0.107957937555343,6.49461021360501,44.6771804038623,0.96611974219551,0.459728162106741,2.81192504942183,0.204540631777188,0.988960064145536,0.822773725243519
2014-08,1.08016050918881,0.940984878595656,2.95907638538629,1.00066929023908,1.13303229718104,0.710169887705527,1.31993072666904,0.239723777742122,0.297675152925851,0.282419910856407,2.06167587806195,3.97090367226522,0.616899937854079,3.85026647332151,0.185347488313346,0.204024259821878,0.710252666221673,2.21665460303012,4.62945723519695,0.33997229134433,18.6520621601011,0.999572795569729,0.877139263593376,8.92332019139983,1.65826897489118,0.108616390452695,0.415716528963554,,17.3680037857776,0.684322763642935,0.221392373496595,0.397399153838631,0.149311075071058,0.695917050336215,1.26459945789154,0.966573101918409,1.30564137582255,0.994420496585731,0.556085216192035,0.171010613344219,1.10616317815545,3.14682235547998,35.9772066291001,0.96533964302203,3.40138554341535,0.745160837822084,-0.035685491874539,-0.00246699414054122,0.00194507686031391,,,0.78420745948248,0.0842071795853679,6.65486252515784,47.9396898561315,0.968243961796428,0.517037820270741,2.84411152004123,0.168234790614301,0.972327150068877,0.927466175259903
2014-09,0.987203083995769,0.901044680850885,2.87388565283032,0.946314337168178,1.09248886679563,0.733848447446837,1.39574940476355,0.256722166350091,0.290123425669227,0.324788814753048,1.88062886478934,3.947830251891,0.567962564457041,3.88889863030953,0.156001149484175,0.178055662656594,0.635707542267157,2.15477011161128,4.70304454699983,0.356922883939748,17.5982757929448,0.870362583988376,0.861486897924389,8.03750220082016,1.6067065368759,0.103129778207129,0.326891888990492,,15.963642814388,0.58628724167766,0.208975035056465,0.326324189949078,0.172606705779814,0.649577174318361,1.28885199154452,0.761967852945884,1.42809279214318,0.833379355693457,0.523194817398475,0.206162802944974,1.19437130367116,3.28535586022771,37.7859815559412,1.03557656846349,3.11573082701312,0.774218258843977,-0.0209412177311967,0.00241730325496957,0.00977208019236531,,,0.691821460018441,0.0925048801856889,6.10416610874663,42.4582918129909,0.844992768211617,0.339840907061761,2.79791337917181,0.170954271348194,1.00041510666935,0.855639543006398
2014-10,1.28720754745845,0.978476904391301,2.82881319617129,0.885360369318448,1.01218854821904,0.89078848307829,1.42769069352381,0.38578923804614,0.406699782452286,0.444369310041355,1.83777267004162,5.72553947791431,0.842595595380059,4.02166280881142,0.242556163196842,0.241640647621161,0.706017923969073,2.92367007107489,4.2813326693482,0.554777932508623,17.7461330251329,0.894643526417887,0.759589782921458,11.210159752658,1.91281724852668,0.147183492264423,0.430206059467322,,28.1736832206579,1.10875411293547,0.369496573157243,0.777785828878645,0.303090293212872,0.798754050012375,1.33212478487395,0.85672094945254,1.71190232403037,1.52670798458581,0.566740654210802,0.337585771227639,1.13559122906419,3.46270033544309,36.5794240881605,1.14279807780531,3.81092918271971,0.786101633131017,0.0158851288804189,0.0226614689899871,-0.000995808690107942,,,0.933717034049823,0.18209149511991,6.56540733512836,43.5823556346088,0.905929802080969,0.693396910293066,2.90808638124396,0.224494866651068,0.974639875353633,0.817261506425637
2014-11,1.29712775815642,1.06223522026217,2.74288090617191,0.797735012053625,0.94617167260295,0.858700125820965,1.36859252101939,0.364492319473909,0.506889476153965,0.46791371228262,1.68357740029481,5.14159400899516,0.784266554863301,4.640412372677,0.25174854603361,0.25624344457139,0.801786398109577,2.8202309491983,4.02734742946371,0.590662737770674,17.7660708810266,0.927075233938964,0.759979890202819,10.050145394595,1.89646006558363,0.157668868332927,0.515690154559476,,25.6763863112321,1.05706536998761,0.392201946255563,0.711509981830075,0.286090730393167,0.731208499800399,1.4024333259616,0.835408351941885,1.81076211068938,1.49432624413825,0.59453641621702,0.2686001590534,1.10735544249334,3.23840090915286,36.4406570932228,0.929639857344868,4.15394785263413,0.90544870129914,-0.0390764044105449,0.00728598152385649,0.00257915384159872,,,0.818982068419564,0.10663705202857,6.22324038473094,43.4128091392495,0.958957725723203,0.731835350565941,2.74490380550291,0.183570068758479,0.963685557553544,0.834839266639449
2014-12,2.20678357077793,1.34582053634844,2.63906550183604,0.886602183264654,0.897731277320658,1.42172761263165,1.26260381372195,0.550489406559971,0.46861884982587,0.625454897811168,1.73257586519266,10.0504192330595,1.57688224911292,6.08851996092181,0.383677316552945,0.394115942133463,0.946220605091332,4.59798420712312,4.54392184206402,0.930856764530958,17.0074540242535,0.905813066974179,0.682132044234777,15.752363821768,3.09912820456434,0.232900663302207,0.63978258663292,,48.0178646079893,1.80512539641486,0.446339420241213,1.42548324468654,0.424420654570835,1.05114223784537,1.30838380318441,0.928488394004975,3.01240031676079,2.64608612447814,0.88411875031991,0.389601723575571,0.935778397445032,3.19924158231439,36.1316062626764,1.59333190457952,5.82119514466443,1.43101564911833,0.065320250477995,0.00678461608748756,-0.0020997418270006,,,1.01038363988241,0.167518906938483,6.56203044061498,46.8580507266637,0.781660450342351,1.5282760602017,2.93808348556368,0.268281558042822,1.15942013433475,1.05887170070564
2015-01,1.7276459315303,1.17311028233577,2.31518338859456,0.652764874686173,0.769445487924178,1.17961170587332,1.11813609848677,0.456398441798673,0.499567087869395,0.635633299496439,1.45311450741799,9.09098244567435,1.33525183597466,7.1124945278284,0.32818969630674,0.305811718230076,0.837572489083329,4.08760067261734,4.23279313868388,1.077874102164,15.5447654828939,0.761555098913761,0.615411661356122,14.6263640957156,2.657018379049,0.177903288584246,0.486272537488833,,41.808000500011,1.75325591567831,0.453408761399912,1.31532129610512,0.463317615799554,1.05230659062037,1.35866629533734,0.935345626124706,2.15922433253104,1.82346428769657,0.839908437031403,0.316671795743161,0.919002653960996,3.22046846933014,38.627119591323,1.35881541434887,4.69931103083123,1.0033476263727,0.0387900065776009,0.0157136523290468,-0.0132480781590467,,,1.09563320592221,0.229198125757952,6.4504219245283,44.433850908744,0.761650028872702,1.2676142190229,2.99051999259883,0.229354651485401,1.08380262976615,0.958386046446818
2015-02,0.994368474965351,0.874949558702337,2.11857702114208,0.651830041715307,0.667386567942303,0.667316738081707,1.18415035113218,0.306233935013557,0.362778878405061,0.50557834700271,1.38159035006375,4.5023276208543,0.718776123246069,4.6822342021453,0.323596570683773,0.216203538927767,0.612190935751179,2.89952592488896,3.76545130732706,0.636083177949874,13.73574302462,0.727003501600177,0.637622765394834,8.88804888576408,1.44495831638702,0.0915630260447795,0.377994423630239,,21.9853298482122,1.04075458858331,0.389592970115588,0.656714867982014,0.325046947917994,0.723688794502238,1.315978227058,0.931512610460475,1.42393313234659,1.12842282808617,0.475025146303406,0.208967169576804,0.93192628476439,3.63346162035739,39.5797369167932,0.869300923626597,3.06155330601506,0.639051989928999,0.0647353869979654,0.00860762817897862,0.00808499904559986,,,0.672783672270192,0.12710309508553,6.02009434739266,43.9789960645713,0.686905281426988,0.593468134946452,2.96091518227998,0.1709176512981,0.99572839814514,0.843825367518229
2015-03,1.12765931181015,0.948641403912272,2.1209686079805,0.631616141833795,0.639697368074464,0.731440868312962,1.13297096906138,0.3363767749702,0.484190129608782,0.567610997023509,1.35515225612146,4.15259582991563,0.636619608691358,4.60910456809779,0.330557837179308,0.220228140461682,0.665681632011925,2.61506352856491,3.78011604940344,0.57205591904905,13.1564221211133,0.710868379319154,0.567254160539817,9.225337214914,1.58680048948684,0.102371340707292,0.389707385188874,,21.4638549470208,0.918604245861485,0.299631050595738,0.615830849915595,0.256393587460583,0.716453047558071,1.24919929443467,0.93823720775628,1.48150982281255,1.22092191565484,0.491303190905229,0.280294955222924,0.940900876972716,3.0263416085782,39.0842187499426,0.948841373441532,3.46267349447656,0.747273964646843,0.0708469087266049,0.0058180833954522,0.00344869352642104,,,0.668328866368186,0.111935463143803,5.51799983215319,49.7958279865652,0.729178723572888,0.49264265321509,2.87154178957494,0.17978155800173,0.933910244009193,0.773939673802801
2015-04,1.0314025246465,0.893948683002337,1.90573895015016,0.579015876866186,0.532747060307294,0.531799089833311,0.921048618396181,0.285208456207153,0.406456199062992,0.439684845957232,1.37708068803494,3.98097724437567,0.614611296461176,4.35735446760846,0.312002511204993,0.176793376940978,0.634258121540305,2.37273267325223,3.58257087804889,0.615364297268461,14.2502861266779,0.618426329127977,0.574709977555718,7.92426238960852,1.56423609882199,0.09607207132804,0.355513608972372,,18.5256217386828,0.726227310076892,0.25256751476397,0.458756962665873,0.243777835094585,0.776046865471144,1.30208715598197,0.837560975475305,1.32902615137512,1.054961064756,0.48234763762771,0.191734806350193,0.880924265718342,2.40360970320554,36.2878006347768,0.881169373618918,3.46880014967597,0.586324537111871,0.00366741691131466,-0.0212825971134303,-0.0166266506997249,,,0.636138716850395,0.0867995453182796,5.58286048413497,44.0381252365337,0.755548821776133,0.511808289299592,2.8453305310725,0.115574544247265,1.03135356246696,0.922497871165223
2015-05,1.03744683814772,1.00077337804195,1.97315312965845,0.628684570238194,0.609826377807547,0.690074509278723,0.991110164457326,0.354567540650669,0.519483974885115,0.643666157474187,1.36633842516159,4.23415579467465,0.667333772961493,4.60558567757969,0.323192870006611,0.161132224379764,0.707680888175976,2.97948155955874,3.65523004705569,0.475363941491295,13.8069661344556,0.604857992276848,0.551739777189211,9.13973608081716,1.82151718772086,0.102165083350891,0.446246324374203,,20.7526455341225,0.79481083595928,0.299342643563853,0.549227970844266,0.327302692134616,0.820565498209601,1.36895942516959,0.897709884048579,1.58039954485269,1.08804472213606,0.484847336336994,0.202888203078563,0.860158478642641,2.42740020832731,34.5907438786418,0.970446369997014,3.53643394365863,0.814066888941935,-0.0286041018239162,-0.0566313751324897,0.0106203089786656,,,0.721904540304948,0.0928600325000724,5.85947357766952,44.8870616520765,0.733452591548847,0.461865307062705,2.83902007042585,0.173838269033775,1.1207951863103,0.915677884388991
2015-06,0.951297600678188,0.925490183670467,2.10268726231104,0.681210207557951,0.734349060605343,0.657150814904542,1.13316309006663,0.267732470165059,0.294083667653283,0.37977746950514,1.42554576983385,4.08422423981878,0.589864035853449,4.4921320930501,0.266263663197279,0.230365690037293,0.68661703844855,2.55411543611961,3.667442482812,0.314598042731647,14.7215060525771,0.641856128055306,0.59566154623123,8.14628561193499,1.58889073566943,0.122426355748187,0.435874120749649,,18.4133778114238,0.806064450619499,0.251838845437998,0.508251880375561,0.310013674165612,0.721835913966997,1.37182106032952,0.92012942321913,1.47500749440281,0.835521718899539,0.464248635654103,0.149080517298209,0.837705295831967,2.62817957633887,31.3905178775077,0.670538641081273,3.45566480390055,0.739490285786324,-0.0494398241786787,-0.00327151636348254,-0.0026350742654656,,,0.63806865218436,0.0933057170900297,6.19254315641728,40.3604162163162,0.846528670475905,0.504704564609647,2.87905997436881,0.189336167025016,1.03262256567321,0.856329669111013
2015-07,1.23829974194232,0.995671960500587,2.27452419860194,0.706348558207953,0.699348505723737,0.867179739616241,1.16151938504186,0.625193389808424,1.02203953100001,1.90815583471955,1.50238917371148,4.78530469507187,0.760079823295939,5.58531523277716,0.408987730532895,0.253479203936425,0.720653158365637,3.00124796103561,3.54297439940299,0.721454934447424,14.5012527964492,0.640880056765436,0.600343776856154,10.4262083898906,1.88590308914019,0.175826952735838,0.446327517042431,,24.5842971697198,1.22099919324984,0.932392087968957,0.816509300200163,0.384522445158053,0.867784980717483,1.39201186670221,0.937326532603336,1.90354418131979,1.31670335520025,0.585620217441581,0.621446542643991,0.939684953182496,3.52555564332993,28.2881436150314,0.998189051337674,3.94647343427929,0.969220955139901,-0.0608953610573401,0.00643856775775604,-0.00236357299507478,,,0.749547609372928,0.129978583260751,6.3695787324696,49.5266553487352,0.871038689323472,0.620127837918331,3.04891427413543,0.197420903519641,1.08038276928137,0.900535815584134
2015-08,1.49272120438894,1.11190552391766,2.16619642363734,0.773176709304256,0.641335919781352,0.901042911650745,1.09466767904272,0.49835905399643,0.721362865724335,1.00238946388849,1.57407907659195,5.1698550728346,0.790112486220751,6.08254467567846,0.515186266023876,0.286428685948326,0.925338382044474,3.85548418664903,3.79646518720774,1.03299995226273,14.5221193356786,0.66022310315486,0.56965548943096,13.1553742503392,2.34237999625466,0.183035970160296,0.526233888553401,,32.0999123552694,1.23444137153066,0.652690712236204,1.19614477419564,0.406335869888894,1.14092898011658,1.43074948864905,0.913530094463883,2.56009105878,2.12756234244496,0.699235647440318,0.797376714431557,0.915330339199992,2.65371118291008,26.152116815175,1.60763285768134,4.31780415674534,1.17854642768324,-0.0461725779665532,-0.00677307721858517,-0.00979326392244589,,,0.880829628434752,0.132380420188675,6.90208881869391,46.4876465139656,0.789031222793174,0.67703046177762,2.98302559456773,0.182608538275492,1.26910583050707,0.99555463386849
2015-09,1.23495426152344,0.971185923801542,1.89943757730811,0.54866008522386,0.6033667750691,0.832118221507473,0.962208040880556,0.416796597417627,0.514357027089614,0.592807936942607,1.32802177880405,4.99898925262151,0.72128608920419,8.01479825697502,0.439138590570631,0.220926871160847,0.746985300501095,3.30119406080051,3.49891393632084,1.2547150595714,13.6918244416172,0.603498687683786,0.513443356675193,10.3931450907183,1.7868666684846,0.106235509633787,0.437453490908011,,23.3931719354297,1.15579655891165,0.377561587913524,0.546512104998104,0.309600321730469,0.94572694256458,1.26349205912639,0.904642395105097,1.56690538599543,1.08346526240492,0.575014409907025,0.273482567609768,0.89219025703952,2.39208339827879,26.2134347852945,1.24282540755589,3.75482904068734,0.802320687113292,-0.0793449736105058,-0.0126784821433263,0.0101749582701952,,,0.797909538567225,0.137025990843483,6.10296918450302,48.0082007377924,0.79023831494196,0.516654801881646,2.99337609244988,0.219479731543059,1.08725797263787,0.945191611623744
2015-10,1.05433938163951,0.902326299985014,1.89168828453656,0.662100273605035,0.606923718799999,0.722161597444225,0.930924589900465,0.317257656582462,0.413856677069069,0.451953921630544,1.29654759466271,4.69395836718722,0.564472410504678,6.35432784482493,0.390444057219408,0.201265908736167,0.67272383234737,2.62699585344385,3.58969472194453,0.65823023640965,13.3704927171568,0.519764111710591,0.547480710658021,9.42000903427062,1.50251982494941,0.0967993434676116,0.439937559683731,,19.7839190103277,0.858640580201826,0.276793237774555,0.595746341182905,0.348662549477848,0.867738362404126,1.29424242774594,0.957595350270743,1.50234391414432,1.00092802675291,0.443860337241352,0.246291363278939,0.825356493380649,2.32708304507392,32.7618557149121,1.00706570114569,3.51522950518341,0.801504515442408,-0.00785475276360265,0.0197931266188867,0.0194482036132904,,,0.695723325724238,0.108459139433229,5.92409678193341,44.616965827185,0.77587235694418,0.530009923169949,2.9434684305569,0.195698654993036,1.11075338371565,0.986503888887798
2015-11,1.05665966859764,0.933419309292668,1.78829150497986,0.60986534208438,0.572769264122644,0.70486353415113,0.913236314946839,0.227604149938007,0.385758055925352,0.421844670588724,1.26414550458129,4.44499696816614,0.6538160215397,5.23663295965131,0.359737720951558,0.181605723622294,0.642620948185757,2.78855558772303,3.56449159380255,0.631161236855617,12.729015191001,0.523831056657002,0.476051227282905,9.04346720926855,1.60257617974776,0.104758444950555,0.389623142915352,,20.2244265726295,0.800876917232637,0.248059215220754,0.471237889029181,0.130516003631112,0.85507515690582,1.36145756551612,0.952299727264827,1.55696818904032,0.933424256264926,0.446803862485797,0.228304131960304,0.796800204304076,2.38679936055155,40.0467625365623,1.06989552097226,3.25295266106535,0.773633001437866,0.0333205747234471,0.0179902670196487,-0.0127989098213296,,,0.716644706016443,0.136850839510735,6.37488191038584,45.8344119556184,0.635969916201505,0.440589608849483,2.91418037992046,0.164201006820201,1.07405448077315,0.925687894584647
2015-12,1.22329244381257,0.990583368590148,1.6715038714728,0.592481220716024,0.574718666496253,0.674860919211062,0.903376091543042,0.355692433868008,0.462042267930297,0.660511070745966,1.36426320560118,4.15273343875853,0.621422524830767,5.66397564134989,0.453218401878106,0.199690665498785,0.78467452892684,2.69954622312685,3.36644845806281,0.75159144337181,12.9073552570516,0.513305167743083,0.478059628960192,9.47198671989537,2.01608682124134,0.109746082563829,0.43124376770969,,22.2362934475895,0.939528726753367,0.366629318917053,0.647286367537156,0.272334064938567,0.794789373740455,1.35564168816542,0.906429177825697,1.858049225169,1.22422567103806,0.514527274605093,0.278415954523013,0.756856579016032,2.25290438132948,38.2533924619826,1.00109921962227,3.70346230061936,0.966813242651267,0.0296143010475516,0.0212782796317726,0.0127695294350337,,,0.757199339337575,0.125616986176008,6.21284159591928,45.3204506026914,0.68003717330554,0.641632008622336,2.80204738369557,0.200172049314522,1.15999760954366,0.937436737978291
2016-01,1.11013247640494,1.01297437285045,1.64403857135574,0.524375753151766,0.505670390591613,0.726398383534156,0.840861568664394,0.428015690834523,0.499644604257975,0.72840260304792,1.12872192975333,5.23947123802025,0.655800767794537,6.34508744462312,0.440865172782417,0.1870725956414,0.761118428601179,4.1243067436668,2.97622205955994,0.841809306203567,12.4081103503868,0.477284440548093,0.454579093155518,10.553382489672,1.85182600245094,0.10861682971326,0.454874136400092,,24.5521449165248,0.94784943632668,0.429551102244978,0.641701730689556,0.32709341934414,0.940761750706561,1.46849676474453,0.831120988786648,2.07639672382853,1.15056119496332,0.589210209855547,0.306677622441353,0.752023805216189,1.9144685324521,18.9004559742267,0.984981271517533,3.48886254430389,0.876862743676345,0.960911608738065,0.219410242759094,0.343232394779004,,,0.80388817503135,0.109296111096503,6.81343609890696,43.4080448679915,0.602446813860591,0.607480867318501,2.90175105007974,0.20938282790907,1.1096487679604,0.974556643870471
2016-02,1.01213973073923,0.85823904196536,1.39452899099615,0.394951993571707,0.391323363567304,0.653611888230393,0.67228700494348,0.399994277965416,0.494842962856293,0.635786852321878,1.00405260001859,4.67010090179707,0.660191755920076,6.89752298802175,0.438177395790883,0.164973674828043,0.706594974675269,5.44223943447657,2.82488232076332,1.06045629420672,11.6235637771065,0.437777377206482,0.399664497988383,9.86124247557175,1.64238041484907,0.127907204501515,0.424947550876578,,22.6734100734738,1.07483852624058,0.38903615105637,0.580822199448812,0.340037581612154,0.920998172069286,1.5038135326812,0.833379284264946,1.71051381746351,1.05742162675969,0.537218430518969,0.210095985381786,0.740985504432898,1.79353643440831,18.0943797096308,0.910257360622491,3.39188317137319,0.849415112859716,0.987502040339176,0.353151022308256,0.31460055390728,,,0.93125128643263,0.165177911667446,6.49644896595824,46.8113199551662,0.510135687885024,0.626580776902569,2.9345804788354,0.193529145590591,1.14598966380828,0.993376728610859
2016-03,1.00157499340092,0.813986593567692,1.51430678665584,0.47126791525544,0.428221254326073,0.652342845093201,0.719899178099175,0.348081591450887,0.368132758518436,0.488051012083161,1.11983260553925,4.74550329540556,0.627664312163769,6.03005639508936,0.413073840607018,0.173903883585502,0.561652416009008,4.14662536208437,2.9101332506147,0.912017631273105,11.9770297682643,0.411755328037216,0.431376478702294,9.41178982930524,1.58057423989267,0.108529211520914,0.366157204901541,,20.4455133461425,0.747816284915684,0.336458703015397,0.573406635963332,0.277726932811234,0.880269780336276,1.42505476972448,0.812896484985224,1.53354820065229,0.968852729745904,0.42612769470938,0.192947268712629,0.74247535502378,1.8374626488083,17.5447338535354,0.753149184371613,3.47685269098546,0.753204163569705,0.988156227701422,0.318467001759185,0.333700387292703,,,0.950517715468103,0.120588312196522,6.93819402038726,44.7612626858804,0.533566091357987,0.440304141609808,3.33738484878627,0.218380232348122,0.984913493264216,0.820596867177902
2016-04,0.849354131007637,0.762324386041953,1.58344235726153,0.495200916615523,0.485658236675758,0.432098455753342,0.805905740914732,0.25738581653687,0.313052686136478,0.311759319471872,1.17875087410614,3.63145638919198,0.484938471138881,5.30553475119372,0.295230522998187,0.178298523111841,0.596423790550991,3.44085860481827,2.94074710709609,0.608027859390723,12.1335790058277,0.412798413340375,0.417352777701692,7.76579091602331,1.32267280869557,0.108644834387157,0.35527252294898,,13.2043411725505,0.564522195096742,0.160060929878499,0.348719283446118,0.243863947187439,0.832202339144757,1.40234591576197,0.894727510727955,1.30633320458207,0.693499979845196,0.388724873589263,0.101018366653763,0.796610234288538,1.83274350906228,18.2483347588607,0.76605105567316,2.99540894610802,0.710479650059663,0.883047219071322,0.15115106196359,0.24739964925956,,,0.737659065657291,0.0988209357822218,7.09554150109554,45.7723924896646,0.545960727790306,0.352450676466584,3.00074760801738,0.172147872849132,1.02162449518194,0.847995185049162
2016-05,0.817036758354438,0.78059760643316,1.57801425095562,0.439674684546082,0.505341804388138,0.589245304447427,0.712296406377739,0.218835083362852,0.309619718866832,0.344566798143143,1.10974364903741,4.27132243706426,0.518369266320862,6.17210425377689,0.415166271149367,0.154677278171826,0.564463436029202,4.76893387046968,2.64868537946214,0.652791707139668,12.8826735897348,0.42401725248089,0.467050508593553,8.48956172580636,1.37593971019337,0.104421630933919,0.346354459488134,,16.610275686356,0.678840105034588,0.216722129809108,0.401798012593289,0.17266774002679,0.894140345164245,1.35965752763646,0.894140360783323,1.3188010002608,0.653706073142844,0.32358903078198,0.111371919794463,0.803990346742082,1.85897985982892,17.2846296920474,0.792053678866429,2.89714603152587,0.57865312177793,1.00399903432612,0.234328778708233,0.282214864986053,,,0.849727538036917,0.0902967942651138,7.24235906523468,47.8936135508512,0.519676812904576,0.375902546221808,3.11374911560353,0.190270188021556,0.942662095380733,0.811932327895958
2016-06,0.768913415920959,0.796515788830798,1.59219666128414,0.463449072254815,0.466126418040847,0.575867162973868,0.722594353596369,0.207454748070625,0.268528023233639,0.231260763949904,1.09928968502583,4.38407609686426,0.500956251624244,6.5939390618068,0.526757699194493,0.17903428412119,0.556732811206016,5.26346850556776,2.72243416551969,0.715690749978834,12.3731793590551,0.476706890800307,0.449749867708735,7.97455991172989,1.29928616884607,0.10930375788637,0.349940298358976,,16.2469135452184,0.705000462818315,0.167130864851049,0.400107263175302,0.288801847209094,0.845378193487433,1.20153815086292,0.867530573786141,1.22562923564733,0.763030987410125,0.452471564849899,0.135331916941092,0.845973331384412,1.83661232815889,17.5684959998202,0.785320783815797,2.96970602231207,0.608786895397884,1.08225750545646,0.198807206948577,0.294764830159576,,,0.985487430691621,0.124680910875218,6.78950257941979,44.9080087180759,0.586556532455053,0.247649492599005,3.09220332187577,0.173600614887367,0.985409039841939,0.874912416559265
2016-07,0.656274136124164,0.729595477226792,1.43400238227855,0.469684665851026,0.425049013780041,0.493810085299101,0.673131379390689,0.218971621103211,0.347982365368069,0.249127043256518,1.08017951304248,3.9471699531689,0.460006655365908,6.78500806178554,0.4218610151964,0.185006872921015,0.594232994792453,4.84348781754658,2.86589151085478,0.78590887009859,12.2687020657719,0.459433404051203,0.402524201097485,8.08208043324738,1.36901083524562,0.114627021309615,0.351294960404853,,15.3807546862229,0.640043954201128,0.180706564922201,0.352305717209166,0.191825518156279,0.800040788971342,1.31725729049174,0.866451732427739,1.27620279324869,0.755240502044707,0.446617674707126,0.16276502534183,0.794892451578841,1.66608694896504,18.2788066370471,0.762297620026443,2.70335540414829,0.576493765379589,1.17431819524575,0.0847849126934022,0.373916391367004,,,0.923181458038759,0.0677729593066804,6.74290118741222,46.3579924244778,0.564960816307494,0.233484365141781,3.02067556291504,0.175804310274787,1.02114051734034,0.864162854329579
2016-08,0.70336084318679,0.745388999930249,1.54499654672711,0.494299848049323,0.463121650621866,0.480372480377416,0.75995014971392,0.23441509495869,0.276840446696289,0.274106471382593,1.07491850291872,3.75372614025501,0.417736976907046,6.50316581021889,0.411076380652358,0.13201147949826,0.541985918696003,5.55792063597257,2.65657945248069,0.829607717160344,12.1507930282923,0.38684915831022,0.374813183804307,7.49523463982578,1.25773451404271,0.101830769323657,0.301952949844821,,13.9454646089222,0.653163724865523,0.188584513658937,0.376733632144916,0.258580165324439,0.807666448357937,1.20705504705673,0.781432483812156,1.24650553386612,0.727378974651605,0.358944117485939,0.156551169883026,0.829971458567815,1.77423195194306,19.4715085672552,0.712614308391977,2.67906997075791,0.572314675872241,1.02711280098156,0.207631369722846,0.258956296251233,,,0.878944420067654,0.0793145400678244,6.88345029429919,48.7295543900192,0.548134294822892,0.250538786174363,2.85568543317295,0.103714338553126,0.882755563993395,0.771824707774035
2016-09,0.745554410185816,0.801082059267509,1.65755013874408,0.539253241169117,0.545945424789578,0.512086215221548,0.816925005139731,0.239370787794036,0.2925569657939,0.306982211532969,1.13011698708362,4.45723073512314,0.623147167140031,7.13300334857991,0.440325335611028,0.177392194378773,0.591880796502407,5.87258570358281,2.94854297330233,0.844942557354438,12.422230137363,0.44311130632414,0.458927481814148,8.92213158471739,1.39105789291009,0.100576711814778,0.364938988430508,,17.021590737117,0.691957456573586,0.202486257615486,0.464735431317251,0.318718224241596,1.02877051035529,1.43484374220824,0.813310052230578,1.36500969679973,0.785551479511849,0.429687796070199,0.178754979397783,0.783431146018328,1.9432213094587,18.6068478341093,0.667700439460611,2.74006020394553,0.747608131490564,1.08666240869665,0.219310054667494,0.260478557926744,,,1.03810142667756,0.184673661165831,7.92053005030073,52.5786062131447,0.584775310349337,0.314473595598108,3.23367104176165,0.241739844379781,0.951032661831125,0.891473101542008
2016-10,0.754301977472209,0.767186584819249,1.61759929239884,0.467669564323474,0.48254451112693,0.526623534065255,0.829128400954628,0.219498092734631,0.251617642421096,0.280040694606638,1.12362452705194,4.16469676780963,0.526197146336318,6.61730329717016,0.426725004042364,0.136419233960259,0.62662163644294,5.13788038192411,2.85535094052412,0.679156823699692,12.5054661962122,0.437862741936264,0.446305418838893,7.32711518754736,1.27609010166193,0.0897734879934956,0.339460473951222,,14.7910758590787,0.724024927694322,0.132142669979413,0.260098173552274,0.169593574679069,0.939842609903083,1.44827717810634,0.779692060391877,1.27437140155538,0.600018798861922,0.515745744615603,0.112243009961021,0.78306031294129,1.72510590345362,19.3493524232801,0.683304450438686,2.73619940924015,0.617669117634792,1.07372931433801,0.195276334711564,0.335608422634171,,,0.956108254128492,0.101116490520545,7.25229626632977,47.5496307061144,0.5953425514002,0.257858249904728,3.2544250934934,0.200897746104981,0.86162138273459,0.722649286466686
2016-11,0.708705818132792,0.742088137936903,1.42591747113306,0.518616060650884,0.483362028500226,0.504814758122816,0.719966604038519,0.205822276421405,0.224517231496711,0.254265547347089,1.18930563105039,3.96068138648067,0.425446641257452,6.33797815335075,0.407724229511882,0.170370057038251,0.590615876537788,4.97987486084316,2.833861220066,0.787450562093123,12.2937687574958,0.39853932256192,0.429529129299795,7.79499181121292,1.24968947050077,0.0603144032141201,0.357216845097733,,13.7390613581645,0.712078801179161,0.113269324094244,0.311483531627731,0.251380291989853,0.964497500343239,1.36450639157687,0.842459600552424,1.06574959695975,0.685008702227499,0.42550372862494,0.117454209380974,0.801575541563647,1.55576725107354,18.8259701022046,0.657159306220047,2.72754427305771,0.545624718195182,1.07150769564064,0.212004296746105,0.271198985556762,,,0.96259242366303,0.114482722771329,7.09586585538702,47.1324219978089,0.591658409446574,0.355332464944005,3.28476059718248,0.17964407217527,1.00615814099143,0.828319904666902
2016-12,0.770330957484671,0.716385216389899,1.70701314522045,0.506637885032664,0.521034775284217,0.553402630503736,0.789178025482556,0.241525772309514,0.258032643179513,0.266116650497307,1.19373651009286,4.81472876920083,0.467136238263818,6.82671091467945,0.429467156382066,0.140776322706812,0.536678974117139,5.6609407159934,2.81722902403214,0.979131678428075,12.5981146459585,0.461971940859646,0.47663221061479,8.45541052180209,1.17251629847828,0.100342288977925,0.330092018106849,,15.0940936747771,0.677802115195398,0.192632584380708,0.33652494808434,0.297933900675752,0.998369019648702,1.40187170594273,0.823822306386044,1.23013494003638,0.675148926266704,0.405106293471909,0.134624910351119,0.885790566225182,1.50476872717655,19.2690124626906,0.716972250681954,2.70627722601454,0.576293490414668,1.10292004757311,0.326992904545763,0.331983875924571,,,0.997530608632961,0.196951185341436,6.55288634737589,45.1865761267017,0.627573090629644,0.250517674165853,3.46308186605682,0.170290741060388,1.02840528717534,0.890912179560814
2017-01,0.890982389312351,0.820228661481164,1.76813256057009,0.623353142160107,0.541965553732705,0.518635268390573,0.861161022472768,0.221170570624318,0.314940604176825,0.276815377600602,1.34072982533623,4.43417869103073,0.454762592035865,7.08130297534905,0.477627614044897,0.18217771659156,0.645329095481354,4.96374153653466,2.97430557202395,0.864968424316861,13.3638808345096,0.507879239370645,0.512773282712818,8.1850914962202,1.64116279005212,0.112357209086651,0.388623581173581,,14.5606327207166,0.726886005929293,0.184930464966343,0.406759638471092,0.219826296089077,0.969404200072289,1.42246735097515,0.846777494495297,1.39637065425678,0.753423787192677,0.463669283402471,0.112951968219187,0.92397993165071,1.7810774663833,18.344254342611,0.798665810044225,2.86961908792457,0.687031708475199,1.187179664597,0.246569124327837,0.241932130922913,,,1.06126482471927,0.180896261295505,7.04529989518305,45.4080154877965,0.618550594772055,0.371879596367834,3.12734724100395,0.205645923659355,1.06625612717314,0.933564980312816
2017-02,0.723893691948302,0.803253494795444,1.90605191308273,0.62766659735589,0.634482926988421,0.508311273808795,0.896427223416549,0.229419737193291,0.329129261021699,0.244305221026046,1.30883657014929,3.96155092036956,0.42487949136473,6.67835825718497,0.468625126749714,0.17078195194924,0.572509273251455,5.15274955031141,3.09940298441211,0.84928646294085,13.6079087114625,0.490214141822907,0.46154753507949,7.5988306986766,1.31318469908337,0.0959635002016065,0.359695507008255,,13.5970995652821,0.67436472404615,0.17438313824299,0.310886717156126,0.12848380481144,0.972537042447695,1.47419799740993,0.828543260287629,1.27647058740766,0.62761533202104,0.410056830636225,0.127917168041609,0.904941583691805,2.02703110649676,19.0994102818195,0.737881292199572,2.61866374654881,0.651532773867958,1.21923445028788,0.214893384310162,0.315704527429508,,,0.974490985879746,0.146986131538157,8.05451079121144,43.3545365432251,0.649208830589585,0.237679391012954,3.6588449351113,0.223642500535827,1.09796868868634,0.967840301179885
2017-03,0.753865770190009,0.790266688418843,1.78830998002073,0.604141915391589,0.543143394148063,0.510772886010292,0.868203552460024,0.218024785476749,0.288254770615721,0.228718025987725,1.28944870877486,3.83407021054104,0.406239652596376,7.27018560855802,0.566762539623705,0.175691780954825,0.650687507911689,4.689156928916,3.01077192335199,0.978959464499653,13.5313073641316,0.497841632686417,0.470005053337982,8.26054249223462,1.3305593474856,0.106429102611335,0.412160791222373,,12.03354606293,0.73137846201995,0.165881442961756,0.276481617341496,0.144024645313195,0.991224641047908,1.50186547029159,0.847419051818699,1.23211299890446,0.58766838492685,0.487877071610626,0.0818712540418133,0.901579623559599,1.82760107457429,21.2248648256511,0.71502329033008,2.60200709236955,0.640996207763577,1.19020512984584,0.226572162232276,0.374483212342118,,,1.0702103325718,0.137656599053039,7.64223602330183,44.6512167498758,0.698424473002569,0.258051193987119,3.4853586026964,0.173519894762512,1.04526041525231,0.906084813563377
2017-04,0.777443289815911,0.776531937838715,1.71769396433765,0.553021474867345,0.519295859958421,0.533463898277353,0.867848360774851,0.202500281686343,0.376462866405246,0.313869710672004,1.24314715062382,4.26786387507093,0.446310402595619,7.70088476974073,0.573663313757365,0.178519883034528,0.595562228856336,4.8861171828857,2.86935280308518,1.02477337280514,13.2260735778731,0.551490031789048,0.494669380133481,8.35756401108224,1.29993796437124,0.102130377698515,0.409392837807691,,14.9194657187535,0.765379232148772,0.242118664770165,0.30334035957936,0.205644805512577,0.991809006164852,1.42994845616186,0.824396194286366,1.28229519918982,0.673241943197621,0.575430831692008,0.10112987259117,0.89299899437826,1.94535160534085,19.3891698599642,0.657991782301461,2.72715539749767,0.610835257986198,1.25084027656236,0.304260839399419,0.334570080430335,,,1.07599720927326,0.129548422091647,7.29574752508522,46.5686729795522,0.637157352676817,0.227419903596266,3.46695656900711,0.201712157812022,1.01845458045393,0.855758519614292
2017-05,0.765490297708965,0.686062792804168,1.65331341143642,0.566809366346629,0.497106489917855,0.562511221706748,0.845010680769777,0.222299128805374,0.27788091506818,0.200945491797514,1.20395410774206,4.1626659436154,0.432241139565294,7.91142990814826,0.579437501068191,0.149537085400441,0.588303840182482,4.72378124404416,2.89101580678038,0.882274175668664,12.623043954036,0.488995869798418,0.436738697944559,8.17163669626659,1.26878799222577,0.0997159526445672,0.354106352904738,,13.6937775287265,0.640633209330091,0.185748577217118,0.304694227779007,0.169438704551837,0.936947725469219,1.36959427513474,0.78281394393754,1.28015088759616,0.732918234242315,0.502168217168527,0.102139695843595,0.854351715783636,1.76959356185509,19.6352958452698,0.642942346439041,2.64693214227637,0.638276489877017,1.27527357419767,0.317363110823556,0.331802875960635,,,1.09091569041314,0.138552981188069,7.02160142017695,44.4590201775214,0.640528168210148,0.228361466851612,3.53158546813949,0.109485357145449,1.03640284233509,0.841204235559584
2017-06,0.753332092295473,0.714533433657786,1.65129559147931,0.543324638424594,0.496042905132784,0.564062023699705,0.830965812612562,0.234890788988811,0.306109784154801,0.231665294430202,1.23922314454361,4.53644321374164,0.49448825583125,8.41163735145375,0.638040144854133,0.176731740712104,0.667556714443279,4.76055432521519,2.79525674961974,1.0294522648673,12.6263042893291,0.452914955461291,0.456841719692029,9.38249916890867,1.35991894556025,0.118015551924654,0.354461148088958,,16.0753636411593,0.773480307570776,0.166850998034219,0.410035521155402,0.161803589417893,1.05037015054125,1.49687218532988,0.751321944186138,1.24908367825313,0.64265585672033,0.506411328177374,0.138951869853107,0.871027317128199,1.82564012641943,19.8662730437235,0.726767550382505,2.59677357299587,0.644960385979855,1.37478195754421,0.335478023854389,0.348683231211412,,,1.0925806453876,0.185152163495583,7.54494672798872,46.8974152413809,0.597497691658747,0.229231615780387,3.76532112335994,0.243300294828507,0.993365315409542,0.882032029324727
2017-07,0.820799379250034,0.747911981055935,1.77154596248859,0.571117508285096,0.528443065391261,0.505315047441234,0.846620425983044,0.269008901555948,0.338837268831334,0.264574536276776,1.19614464589999,4.93325963608607,0.46322778903131,8.13801852282531,0.648100069395229,0.193657926589402,0.54198664286158,5.3420747283948,2.97904169927568,1.05315838853467,12.4919854559597,0.446572247286801,0.473542356762206,9.05245989755488,1.40518976373745,0.0976775000919831,0.384861904581261,,15.9354092753167,0.760303528479617,0.191936606055844,0.383209865843363,0.173979850324573,1.08563085058988,1.54295758420818,0.785268395920559,1.29154932165015,0.664037723149668,0.441890755830845,0.155617447027933,0.880768518899186,2.07931170246513,19.5528352875687,0.66743846355998,2.72589025849054,0.571782784003943,1.45089415236162,0.371390114328632,0.364224690101256,,,1.12793653795562,0.164713465933438,7.99870562802355,47.2708685437402,0.625213769196801,0.378282782425398,3.71356873782779,0.192120003217401,0.937827972865429,0.863748299226895
2017-08,0.896614219306798,0.635626080915205,1.69982655925373,0.493081327945659,0.511250994525729,0.614340615124705,0.820078680491104,0.251710858147415,0.289195672905083,0.302599824842438,1.16316923968715,5.28918673176719,0.575605225117942,8.75783098959347,0.671375462662228,0.210949555301771,0.640912322334943,7.47494108195604,2.93386896852294,1.28087084487513,11.8695889827721,0.442802879743932,0.460799668622187,10.9745642206937,1.28208395933848,0.107301166790268,0.432725693420296,,24.3910924640783,0.917788448561279,0.21309451896004,0.67148993537758,0.268033942851263,1.37725798126276,1.53166491518462,0.84107699040352,1.65801976203983,1.18224067590829,0.455853785882351,0.361363969784255,0.847164640406398,1.91322230653419,18.5536110052916,0.831269747248235,2.8163302050609,0.776750002205023,1.53882022507759,0.438953223578298,0.526248383263266,,,1.34001024387411,0.198401694888551,8.07618228220549,41.6259585918871,0.598050488536739,0.45408509773083,4.29696470973741,0.249972372577032,1.02546371254624,0.909819194167314
2017-09,0.90484203472371,0.746965483978686,1.73975704388455,0.575649489042051,0.541914743558915,0.905047308032406,0.839995574181739,0.265452635608769,0.407036739453319,0.426603762043647,1.33979555128363,5.85886371061781,0.639756463234141,10.8899813332334,0.833347070700171,0.229206736986093,0.626234399830224,17.074736059067,3.01022891115539,1.85165748820094,13.1292297576032,0.477855213410109,0.492918941502753,11.3699230433814,1.36714300954084,0.143384027932221,0.41947555749464,,24.9001281783723,1.25473482071985,0.286495018598744,0.562248203673145,0.452693457746671,1.5164594223447,2.40341834845406,0.889490231756107,1.46051469774769,1.01873372991243,0.454728013887064,0.255004827851339,0.861873075729823,1.79144349818358,19.6907055551236,0.855405712761126,2.97038963537623,0.691841897642467,2.10165433833656,0.488863564513469,0.683085231978884,,,1.71106287511913,0.258947923748749,9.20944440372061,46.6687093423774,0.667233484165631,0.407825832845886,5.56907072166736,0.268461373410357,1.07320912135263,0.926537750569115
2017-10,0.660335723079169,0.6587721361099,1.73679725374164,0.608067422224844,0.545279103570065,0.539663569656434,0.81322288300363,0.255648836108534,0.361687732225356,0.416968017887514,1.33678998113887,4.66036181583475,0.418689794600664,8.40225581969328,0.688626567857609,0.19757976528722,0.603520465175238,5.82251301299909,3.02495229565309,0.836539176721821,12.8275384433955,0.521532157298293,0.474244970767614,8.81291138909269,1.33510957408345,0.10407273078794,0.394440696089202,,14.9103877816101,0.838724969288108,0.240068792526222,0.350856987297437,0.178621119520659,0.982219864898691,1.55285110959273,0.860100928508096,1.29099358140363,0.693996911341747,0.446939230176969,0.119534428396616,0.913431211137147,2.07832121357988,17.3550174223107,0.826660619100075,2.86002126160057,0.710152702099888,1.4318244461734,0.322756462631084,0.420288097934936,,,1.24951643396608,0.230429305035403,6.91818425604821,45.9843374654706,0.627554713993127,0.259885176796127,3.81721157467027,0.207967855923159,1.05240490499011,0.942372196545243
2017-11,0.760397726914235,0.637295059761854,1.91892596359189,0.629137290900445,0.671111793135548,0.619911578290146,1.0693764935534,0.317178418393907,0.454091254282062,0.500304120717598,1.32121259618668,5.21065288385723,0.576985873821644,9.77665168000186,0.744186002851238,0.184903226431798,0.56474189732001,6.40987328245613,3.3061411476548,1.56434787827443,14.5528523861144,0.520630022141198,0.610647564019476,9.91111834106318,1.2743499803698,0.109761303197543,0.37851694813352,,16.8858495353795,1.0077502119333,0.353594126831492,0.413970848899493,0.24468241932149,1.22818859437637,1.60870662942355,0.828837247976621,1.41038892662232,0.733326941998103,0.488087421810206,0.226145083078598,0.958237221696761,2.15180902182572,17.4803599038325,0.952783885404937,2.77579871149783,0.671170823979511,1.53321142972269,0.528147678752033,0.411638149635585,,,1.3607453958184,0.27385270216034,7.92226775574272,50.6595249446456,0.716151541270856,0.257338110566109,4.14278485004489,0.267782875113802,1.07018468888799,0.98414919518148
2017-12,0.632290810719179,0.711760276624426,1.90242133917237,0.681431132809247,0.586634208792632,0.543087300424808,0.982652841814587,0.256794817203549,0.411041349487968,0.274880435793718,1.35252611381597,4.50936307772913,0.482465163405736,8.90894709950949,0.719367054839692,0.199221732014186,0.611582269657754,5.55056136738892,3.54863346912288,1.42495528866665,13.7535519918792,0.518128020500675,0.553864802179205,9.49332780822943,1.16194119747378,0.102589623803745,0.414645572175466,,15.0327772667693,0.956253935788074,0.194568212794333,0.327426999529153,0.15213873694706,1.24085654073611,1.61992725078351,0.83650189615099,1.251518137687,0.573207442736991,0.411203473213282,0.136161559149996,0.972521714880619,2.03482077100993,15.4046750213967,0.73410013268944,2.71967730783562,0.597224792748594,1.56342089795933,0.504119141925315,0.392506870191779,,,1.24546837846926,0.251514997128605,7.59953883726347,46.311108319993,0.733133383046296,0.235809103787437,4.14464782311147,0.25973608990268,0.992085747873487,0.912541485083587
2018-01,0.596197161700422,0.65256050412347,1.98971635314761,0.655933102105862,0.637111299089012,0.615307490346432,0.984940953505462,0.242023884510015,0.302961584688824,0.269960444106247,1.45038604185877,4.93160157425896,0.537792714729754,8.77829424517987,0.691970121273848,0.184782143454128,0.483596766959664,5.38764366934783,3.37256054451865,1.39773499900018,14.0406365726946,0.535444250126038,0.528185682872791,8.88792059059813,1.31641384119871,0.116501335447733,0.357524423345441,,14.4132401450432,1.00633858109531,0.182643650665274,0.277306432516092,0.213176318639419,1.19523655050281,1.41324385783003,0.778368378021611,1.16193209960577,0.606775312873939,0.416519974739739,0.221901534679765,0.933961422570713,1.95426820788587,17.0578852995616,0.647097344830079,2.29899438654781,0.562655710699983,1.58350242661434,0.453129800448801,0.459747298883139,,,1.3066530124985,0.251896590389296,7.81923548407712,46.882407417446,0.81121267709896,0.180086497896768,4.19716553150759,0.257519414791309,0.800458358909119,0.621424330733831
2018-02,0.735166865421423,0.703168807545763,1.95948318241314,0.657595018588418,0.631831209568351,0.613788268138228,0.995666423670016,0.271710181859129,0.341032448732976,0.395086389322515,1.50403239313102,4.89755053317335,0.561750171468953,10.3994471118188,0.96990009646464,0.225896084325727,0.60471827346428,5.58269011521345,3.23480418468471,1.4672676504738,14.4289490798096,0.574122613195466,0.565547429810655,9.57436665289523,1.335186352502,0.096515571392711,0.394784862440225,,16.1476896398746,1.13622385362247,0.277407574962425,0.324382437484788,0.287153283896574,1.24776015499797,1.34648569173484,0.830421880603416,1.28199217961022,0.718692959122523,0.494975589983198,0.257684181048851,0.983728898528811,2.10357768883736,16.1810880027505,0.729575097721314,2.67597056745247,0.665170800935752,1.56354344867407,0.400706704140644,0.411710033539956,,,1.25065702871194,0.254164982490549,7.34711884149158,47.7912511831746,0.792754074432863,0.248956025439783,3.93427377443111,0.223717112737747,0.946925667255107,0.780325435813947
2018-03,0.673106503125862,0.698713833965084,1.9117957505347,0.609726731957297,0.645112133978742,0.606672781301197,1.01421654129613,0.27384871987757,0.286990929023556,0.236522746622701,1.37526179944008,4.95500365269216,0.598435203962979,10.2545806394441,0.69253632886227,0.182983514261084,0.534772859535959,5.71669337632152,3.2065597868247,1.28528775654291,13.450219993953,0.563314116147101,0.527348262703994,9.12821538473612,1.3512536644373,0.0976104055690901,0.369318703302738,,16.6096198765534,1.21060961080282,0.277292227681935,0.276029160897253,0.153389690672534,1.25932880439487,1.5298457385648,0.838405646045569,1.42103731889713,0.649953513590202,0.432387671605234,0.0853521240358868,0.859870250607896,2.07451123953781,16.7835668546237,0.782861440351416,2.66541295942088,0.641947589830279,1.56879390372494,0.409903857479962,0.442337827592701,,,1.25965086592818,0.249605377859674,7.29752129691563,47.6466358417405,0.734151337636519,0.282971927708256,3.94167852199271,0.284990976073482,1.02767067488827,0.903057850184343
2018-04,0.819939619152848,0.757898628535887,2.10214175248401,0.724488457777844,0.689684035450348,0.590073245544189,1.04386101663778,0.319985784011015,0.479305479691447,0.396886401315575,1.39061592091853,5.0887574721937,0.704786678373825,10.618567983799,0.705537439902311,0.169745622771033,0.602757005339941,6.40619772363899,3.40980727725053,1.65122555217997,13.9061745468136,0.575890333042742,0.560587352476366,10.8629699226564,1.46243129247998,0.102039935480514,0.388529231875079,,19.9320955799533,1.23513381829871,0.292754873370552,0.410147572021662,0.370245531439908,1.23456175703221,1.56311463751708,0.831718345796352,1.46722074344133,0.7704649847548,0.455554930620142,0.361356386153117,0.928976824849186,2.06104869092176,16.5665583905964,0.991951919136975,3.04397753079861,0.697875388046827,1.7381607228819,0.375690867681606,0.516636822118679,,,1.41088390865692,0.319546965043853,7.70545710222225,45.4635234795846,0.758542982172002,0.27122159316982,4.24198029586952,0.288009538256155,1.11090539148695,1.00223567926426
2018-05,1.26044421146742,0.914261596237646,2.27616610740857,0.788425754916554,0.725660654110832,0.968196651133138,1.16470663281165,0.346710947566038,0.816403504364114,1.44676048968749,1.5506628464679,6.34596684462902,0.934821291523618,12.1005348834228,0.813296318833866,0.250048830901598,0.75272711797001,8.26017163098031,3.54901503534856,2.11734973807976,14.7120741238607,0.566981955811053,0.613309275870882,14.621830946036,1.98828890338397,0.151059553377685,0.489531885996783,,35.4371781541373,1.45324228412069,0.974719555448156,0.929524196488918,0.671832220341807,1.59858353271924,1.70210193125792,0.831722338960202,1.85715211812901,1.3029116859261,0.514480960413721,0.795537454528234,1.04434840894357,2.03773650854489,17.3863524216112,1.29119864156693,4.02189208186012,0.868658273334059,1.88469623963405,0.545652876332343,0.863219514065683,,,1.94530305800093,0.304775070502615,7.62355519020277,43.9038370540763,0.801364570201338,0.856481336142801,4.40337370741046,0.326777228722775,1.25149015808544,1.0983583262081
2018-06,0.90628953514829,0.821917099500105,2.15609389389094,0.7173407283005,0.687399778600584,0.742834433464172,1.10058106962515,0.338302358978758,0.690881014356405,0.972126384844537,1.43635786495364,5.43633273050109,0.644382373743238,11.5671996334954,0.832116684193516,0.235687935022577,0.625512446342298,6.90429764385512,3.47748074594586,2.02450847169794,14.3894687221614,0.585088065998564,0.544567254141177,11.9074886340677,1.55625767240071,0.110471462201858,0.467879733354243,,22.0190139854942,1.34369421962991,0.776002718572343,0.395994938674833,0.31694901113587,1.44041893736645,1.68097729936273,0.840552361631022,1.49504489190988,0.85466464779893,0.435909364399367,0.380210956718707,0.965303936604861,2.05237791126835,16.5765558606036,0.867876621132505,3.25047893337028,0.743133229617955,1.963331186113,0.62658111149387,0.611228782041829,,,1.60475984564687,0.247711942571002,7.09379062252981,46.0175430715681,0.707400225867622,0.545289732308681,4.3993124174165,0.292797986767923,1.06155601214638,0.965736587844631
2018-07,0.824533622955166,0.779346463150605,2.11991432386535,0.736991946409433,0.734254199209182,0.706866238864026,1.1301023008877,0.28198453464304,0.479775140337403,0.420765888269237,1.47298745053421,5.26753139871296,0.713216363741603,11.668347146602,0.887692236233054,0.18286453386063,0.615879700502034,6.37648394575187,3.16912456076723,2.03624870691886,14.5696548256837,0.509338235096217,0.599549353613447,11.5494803897464,1.44936008074965,0.111650010276826,0.400081272886726,,20.7131776970996,1.29122911775777,0.280849503460962,0.385624717610425,0.342671701874146,1.48427318570484,1.7546462336401,0.832877237451957,1.33924112312137,0.781285857033213,0.392199376490599,0.168698608695483,0.991431207914148,1.81520765748569,17.1814226910443,1.03565686243645,2.8096895795634,0.747878788729907,2.03095945946435,0.584799368852915,0.629226668898134,,,1.67414747819051,0.335502039804967,6.93713566573668,48.0144549164336,0.764054119059105,0.377569470365698,4.56213036437725,0.297762125837865,1.09410446914133,0.986077100188452
2018-08,0.859399202419489,0.767514022495619,2.19047402479403,0.761532894343919,0.709093969788717,0.695758427450277,1.19342122017753,0.272545561798199,0.482753688066411,0.431692911323381,1.55811021081757,5.48709120092579,0.654096683418322,12.344789466572,0.804684978872935,0.216919999498377,0.674041648546402,5.99788636270032,3.00934986752519,2.02537168777003,15.1037197422771,0.567072804965493,0.562636271926281,10.8728982591134,1.54699534082081,0.112742503979727,0.461871340090825,,18.6661147569953,1.25005991933861,0.314478373423467,0.277557142305028,0.28085555054846,1.3454439681454,1.48611379390211,0.868492967393951,1.34130588721334,0.770397931694364,0.467203561491833,0.159719331488268,0.980097910233374,2.00452232485116,16.0263660992967,0.915790887319249,3.09964564661718,0.630781036503956,2.01528094076228,0.561781732361523,0.654123461119047,,,1.59174517306035,0.293350343643263,6.89705384152744,45.4402782556431,0.813105690234181,0.274392200363385,4.42263797728921,0.323574753190001,1.08893576111245,0.977989316605417
2018-09,0.776100602774192,0.659636073987991,2.14173973030855,0.694652829678976,0.698335558665566,0.747376425157308,1.18221783268013,0.25218258557437,0.39707717265763,0.307382427044284,1.46034468142173,5.22661888921556,0.572491918034823,12.4727152735575,0.747812653767012,0.175167746540183,0.537755627735326,5.86909718372485,3.01023991406893,1.89465019499174,13.542527680996,0.525300487033598,0.547538468505025,9.72629679232933,1.47467266256772,0.0882407485114487,0.370800918956582,,15.5371355668655,1.20722692657371,0.202829996187408,0.189666852821684,0.288598544961751,1.18861006701882,1.63385519951747,0.734363743322122,1.29447755129045,0.631652720348572,0.455691586259618,0.0973232380143637,0.98471095997137,1.85012703622925,15.6411140654553,0.903807823514455,2.80817069503571,0.682989279561567,2.19386790729233,0.579157809173812,0.577055759267524,,,1.53350732780157,0.264536966515489,7.41316221262516,44.9149192191317,0.764934146180162,0.236809853925449,4.60350123747435,0.275795097651935,1.03764781705604,0.898531252102792
2018-10,0.72432438411447,0.705410124846987,2.24342079314899,0.742275396356595,0.678120434507091,0.739931991505107,1.20976762567151,0.281413320843704,0.384976255052529,0.339130738463963,1.5453088257448,5.54132560295464,0.569155577534945,12.4632240026697,0.805051092785727,0.19256724788014,0.597693832032454,6.70028596591317,3.23273160821536,1.9888424583395,14.6672507925199,0.57723213393401,0.608549597767264,11.5102603258651,1.49444109721485,0.0970205036572014,0.395589833777498,,18.9811793782617,1.31469538798833,0.29540631004456,0.419970532459995,0.313476484390715,1.3120153684803,1.70193766887166,0.838276874385501,1.43329731219475,0.747475988343493,0.508801980803432,0.191642366329608,1.0578575769224,1.85913012968847,16.698683799651,0.938595185133844,2.60061169440513,0.652642276495602,2.2568157449289,0.834782475117702,0.695732695728287,,,1.64850634494825,0.223567834259834,7.05324333335584,46.8228770080872,0.766006011017301,0.355666589879458,4.75504110938398,0.286962878888962,1.12526139732865,1.03687234570777
2018-11,0.849500319247981,0.792970188715446,2.0912148587883,0.689051935038424,0.666614716814954,0.817871334252251,1.15087196104989,0.297894068664669,0.506089188900831,0.507169724849973,1.53168665708332,5.85063003907875,0.545068477358499,14.5096600580074,0.848785702184452,0.249707059687318,0.690419746648544,7.07894545234331,3.0900589730155,2.27903411957305,14.706422498234,0.563300592495453,0.615514292220168,13.4634877266016,1.83825638096246,0.180089650721449,0.452836432393582,,24.1643050099238,1.65821057411684,0.341899306855474,0.597898132480053,0.410384564406847,1.5415791465194,1.5589660873413,0.797108047228148,1.7375622820981,0.960924509602337,0.603380714855793,0.242398306840966,0.990552443720766,2.05005329279072,16.2095410928279,1.16283301076304,3.27591163104966,0.839046404031399,2.31835898030409,0.761543536805231,0.791166512741518,,,1.859300353828,0.515680292810335,7.07076331452618,45.8751689879967,0.833458767475617,0.373293917887608,4.60267906439315,0.450680452203023,1.13703820326387,0.978936815173664
2018-12,1.04998074987725,0.884480460767338,2.26255511564974,0.676670955174023,0.650935047780295,0.901711382487546,1.12785511625949,0.488753008115886,0.580535811118791,0.652291481132497,1.45579187578264,6.42428875128712,0.646662106029792,14.9947948617893,0.964972228916291,0.28186355433319,0.779667452086881,7.63085131141641,3.01326665550023,2.8219082956204,14.4125715040841,0.493271238014802,0.585151920421937,15.3788808750996,2.08360961276442,0.137100523174834,0.490037180050925,,32.778981793856,2.16412075041865,0.463259412742582,0.568111515570569,0.480889299823694,1.54402445403956,1.64916763952689,0.928755247244276,1.63149330562115,0.9976465523274,0.679595729253231,0.295068558303846,0.943157190073378,2.06500733781108,16.2597078583089,1.26815013909846,3.71387165529344,0.91897208746103,2.79006886619524,0.780737159474483,0.767587524110167,,,2.13645821384235,0.428413309379868,7.38797295355367,47.7093432918401,0.818180664016074,0.564995088174015,4.98267382052757,0.391875363637323,1.14646101030641,0.986415477627038
2019-01,0.865117082942099,0.730379543098317,2.08815422531138,0.621877161952166,0.590556641920806,0.78156469386444,1.09500147868383,0.339651647168925,0.441205885562186,0.496557237564187,1.34278102392246,5.54394736295317,0.564046889454049,14.2226983268276,0.819610782465599,0.203138686258896,0.59467821279139,6.93878021691338,2.94310736830666,2.4972957464674,13.7012648250622,0.471494417229304,0.540476246279023,12.351237098966,1.40213772236506,0.087759575705195,0.378892089644396,,22.9361040657661,1.67336914941193,0.347966180822948,0.388009408880659,0.352177488717509,1.40513396018938,1.78252005575936,0.904920080248435,1.57117078528746,0.711676156423909,0.436734823370873,0.148343533067347,0.940295807411455,2.04499450041229,15.8057436722225,1.10639954637563,2.88826444776109,0.737615584524575,2.3164466182945,0.674704894932685,0.755550402854539,,,1.85328657521998,0.384976638907144,7.03957746316304,47.6299501971415,0.723607567542318,0.455490086250722,4.52596295575054,0.383879700606263,1.13338643330506,0.953071600092399
2019-02,0.638169027760984,0.711284349190471,1.94116396892119,0.592024914053215,0.557050910831405,0.706509343758347,0.992633567241186,0.247556632854223,0.346073958412217,0.266204927230593,1.28425207078936,5.68377094568484,0.519148960499947,13.4850408381029,0.727325610712069,0.164207533105399,0.567445032789781,6.18205707226273,2.99090127582378,1.88642033944316,12.8851999468052,0.481660354187625,0.499763444633671,10.4288775865748,1.35503552579544,0.0955275683215654,0.392941503338548,,20.6107838402022,1.44627155636193,0.188704225593073,0.247545093525439,0.301690305109033,1.35931515614883,1.63546456345724,0.866524881766285,1.27650860979606,0.607509515996273,0.470002402621816,0.126839237093484,0.88779537983584,1.94906522110857,17.229553973483,1.02368369576817,2.68236968733983,0.604241486575274,2.33135728979102,0.5814536866201,0.617983487109919,,,1.91432916027266,0.363157751923453,7.25753052193709,46.1574326378186,0.762362296081007,0.252560386824058,4.56531564061801,0.370468383872508,1.1519175652704,0.989189694471434
2019-03,0.702997416162188,0.792667831111027,2.07594958304777,0.675841293640029,0.632272798992732,0.758057178691042,1.02237031061695,0.247743051611276,0.270037167052354,0.319595519706635,1.39157997286322,6.02302885471956,0.541278992694933,15.0521631234666,0.823080316525066,0.165298647460963,0.591906623052706,6.35749892175822,3.04823736269543,2.28070287025224,13.6129461130431,0.546250724705365,0.534536367779613,11.5166775273306,1.3064369071565,0.098940932899041,0.389062489477878,,21.1106487324357,1.49078135821489,0.254280096081154,0.316801240882623,0.283175754234696,1.44963781645409,1.72990444556164,0.879707808705343,1.10624486886459,0.658810754822138,0.51951519340039,0.159590390036591,0.918773128810335,1.91324634771143,16.5476337749976,1.22586099256951,3.01783274333788,0.611926113280761,2.54479412297269,0.86364295931966,1.01663889889787,,,2.06126657454747,0.431396239619145,7.15671530083952,45.0175952731972,0.68962255525494,0.233273936427869,4.55556681699864,0.401104572104799,1.14546081729073,0.984833420982213
2019-04,0.710561854231224,0.717445241709153,2.20533635500109,0.67708406362404,0.612603062698948,0.927220933150606,1.05300831157553,0.648576619358259,0.845082851673559,1.60462032942597,1.38014352340187,6.31685293040091,0.584574046500993,15.9942729799336,0.964671414547615,0.217151068746552,0.609620017605683,6.97444723828248,2.88777826271078,2.79713915483475,13.8689454209841,0.474408020340096,0.520357751827949,13.1182556364263,1.57939896431689,0.162111328101169,0.435521053689347,,25.8511484234634,1.72683473750008,0.989062585201767,0.392569992264643,0.280047437711059,1.55870711169789,1.86410510378201,0.84442159791238,1.41203606209428,0.8205845395312,0.492148593635448,0.459657320317571,0.911005264469251,1.74357160270568,16.9917127260861,1.14897122587834,2.93506446342421,0.690469401336725,2.77259022345642,1.04467745785646,0.793676964671116,,,2.26869014548268,0.503977995271586,7.6763571978721,41.3175174519035,0.704744247789741,0.347993558739488,4.6587659127466,0.43698654175455,1.13360675161383,0.983029047280215
2019-05,0.739393949488072,0.765069247755175,2.01589900351741,0.618422019972982,0.607680622728773,0.803511237597562,1.11844346622988,0.351810459202648,0.552329221529278,0.620179377517857,1.33494822096897,5.78162781644634,0.502131473501415,15.7810857363454,0.962036579153016,0.193476514045521,0.682618203215159,6.01106359789718,3.08625070612888,2.77046930763379,13.4044136070182,0.516845433002557,0.516460147360284,14.1182672649679,1.74464877804485,0.0960118544426473,0.413980843978931,,23.6666859997846,1.48802800839199,0.420677465177335,0.373646749709792,0.308654490723314,1.5219845439192,1.71271673248436,0.856193347348099,1.274034617627,0.696599323671343,0.500220136825076,0.181386321885622,0.875445931319051,1.80697340933919,16.2011915702308,1.18530470283788,2.99276274130427,0.611387005433981,2.49469728822845,0.878577061685361,0.777740707075719,,,2.16370589812277,0.497731678856887,7.44125500717599,46.9537125201537,0.751028960417778,0.279798438418202,4.7250423248465,0.395320657405843,1.07878292774076,0.946034082758657
2019-06,0.73964225268149,0.730183088555467,1.99656647554712,0.632577466186501,0.558531364765441,0.877725271474644,1.12691245713624,0.386819302562658,0.481992843053246,0.690081255292341,1.29012924849922,6.01593722699356,0.601058968551421,16.469872821335,0.981025111213891,0.182360278276099,0.599795791008058,5.66274562047946,2.95103171012637,2.70171069021362,13.3288265428704,0.455349470317655,0.509037754402848,13.9045827093584,1.58507900851681,0.100354762689786,0.440918054875249,,24.4384769637677,1.73653431025461,0.493289403625664,0.37717985083216,0.450482776818145,1.55175320598311,1.80085784873825,0.817992204983106,1.48935770094896,0.780372455150029,0.722771732399174,0.127388233936984,0.790101108383374,1.76034806072213,16.7666936759113,1.26756596589918,2.97808263445713,0.747069625401932,3.28320490213603,1.13359206811641,0.814711634918491,,,2.36907705933312,0.516692810728293,7.48141206052104,49.1072324728971,0.688269585364655,0.348943300984511,4.61294407577383,0.440987868428237,1.27082307387281,1.10425681138547
2019-07,0.667445762435557,0.705210290576484,1.92887470960624,0.584615430278232,0.572412956247549,0.861356059093997,1.11127026458409,0.345014314262885,0.568271500357069,0.773677531866199,1.30865951825758,6.52358698452824,0.593342252881054,16.9029362246428,0.921826313710458,0.183712779790457,0.576282760780093,6.47468053022752,2.89284014338898,2.73170875213787,13.4601578656319,0.474584877407066,0.506275983376776,14.0384947877587,1.35426796274835,0.106265437317758,0.409070137454057,,24.8159219134677,1.80870999476974,0.398984432895713,0.379796178724469,0.456769365412199,1.63528076598587,1.72448584287529,0.839313970898945,1.29444180190901,0.783178668373561,0.568787852671632,0.14455450562928,0.86364429126122,1.846458172518,16.5240111188553,1.44455164262201,2.92324178973379,0.695103930408474,3.08493071508552,1.1651495083814,0.971023036033455,,,2.41400315138493,0.567089810385001,7.2049730413679,47.0808670967998,0.710505562880952,0.369381543962282,4.91099500091983,0.433337305848828,1.14442273831119,0.969770703040196
2019-08,0.658203002943312,0.790640309492295,2.05890729791684,0.663945316477946,0.622738493671469,0.845760918682807,1.07104355353823,0.291779272255871,0.526694792494506,0.491671440330823,1.49540695444113,5.91853069864548,0.548534553354669,16.2323383340837,1.00630294113872,0.156350918344819,0.563171646944144,6.51147488836,3.06890628684377,2.58043370627667,13.3545336707625,0.572553451011525,0.556652588304141,13.3827903337566,1.57248772209249,0.113425943179174,0.3961756307319,,22.5878972290351,1.66678746612932,0.36603343183507,0.403721523079003,0.32755801444883,1.50954098737543,1.84749945576095,0.852807181936216,1.39962478174506,0.686356555180544,0.456442187628258,0.176536360946604,0.935179442030355,1.79617904199347,17.357549745773,1.32448792083114,3.23016897619406,0.683105985689167,2.82321943133692,1.26681820338642,0.756380969097033,,,2.48835570222014,0.603701447160595,7.41583561795476,49.3362356543589,0.764399576568586,0.342693677758604,5.14215509482346,0.410211210786033,1.13581076382901,0.92461804893901
2019-09,0.703004910792643,0.828851511263113,2.11646381331859,0.666524864835128,0.600223106345885,0.961407606563331,1.0978229279267,0.437585215884899,0.573878959003701,0.621860010978068,1.37796619970598,6.44903053972729,0.563387121192943,17.5865319148256,1.04862561260416,0.176376362015455,0.610775091666924,6.64631220932512,3.22600072585675,2.78217086754624,13.6883587896675,0.483597625596837,0.535210109869776,14.6304765118901,1.5758782108502,0.13576774287285,0.441608365118961,,25.5423756706378,1.86797857715371,0.386594946365623,0.486928417277946,0.447038793544536,1.55677529186354,1.83329790899803,0.879813300788437,1.50598900503356,0.908839640638238,0.462504019218775,0.220027487649998,0.975091002834771,1.93059019114721,16.892711025219,1.3728902343117,3.31272527753401,0.739193555846694,3.15093518485359,1.30934120425878,0.986122846856236,,,2.51514854955299,0.545273573176572,7.07525712068962,46.3170616673689,0.758418968380594,0.364361717850289,4.85000548563086,0.416539127437238,1.17078342050686,0.984857841743133
2019-10,0.755367268110452,0.86222938008645,2.0945864308128,0.658424508199426,0.611069417581002,0.878931902459002,1.07927473171256,0.59494570272965,0.782185417111763,1.54154276767903,1.36052414594458,6.42523661360877,0.613152666086093,18.9562374401767,1.04953146756708,0.193476374748358,0.576799346661009,6.35835015447741,3.04946971193104,2.87921428412445,13.8481721060211,0.455732274799231,0.562914503728213,13.5890935827649,1.54082713030074,0.146272787797797,0.424078019356269,,26.4516124747364,2.08962317199103,1.08206797363559,0.480607369734304,0.43514553966495,1.46766034886366,1.69085461163109,0.878295002949249,1.25560030220069,0.751427427958744,0.434567006301876,0.399048039549363,0.953378872878754,1.84825769382677,16.6097544691435,1.240862878342,2.74612560103537,0.606166173978741,2.95236656819992,1.18155911914935,0.926828728441305,,,2.29946710152428,0.478153106810366,7.25038848441165,46.9114797532589,0.734049236202658,0.385279258389649,4.47113906496621,0.393927934965972,1.02558047032453,0.874408724466279
2019-11,0.594793535756147,0.725631278477907,2.13604255373522,0.667258800568779,0.58586565744283,0.819385936919063,1.15539226944289,0.340283872128357,0.471447251269197,0.485718152389615,1.41431285992432,5.93434942845636,0.648620827158753,16.6387065298624,0.947297732382039,0.123556577742493,0.612940436393985,6.232445715047,2.82661174175645,2.63686624277564,13.7441848661265,0.483121241773444,0.552238616123565,11.8959551195119,1.23354053832105,0.112056679801023,0.388428938864779,,18.7295580221757,1.67468145437912,0.423491721030839,0.3342384816715,0.272526086662216,1.35215577290229,1.8518864598785,0.90255067523969,1.11512336480216,0.549031984414106,0.371840869803679,0.11246758711199,0.883384461622803,1.82685655612768,16.7056117091867,1.11830984134656,2.72282781951159,0.581969223551283,2.92035362381446,1.03954484432606,0.700860241009466,,,2.30714459578417,0.475094479238674,7.2378125321138,48.2764567476111,0.738272926057778,0.231122232563809,4.74649326338356,0.35190462184703,1.16121841054689,1.00239369667282
2019-12,0.602926152495699,0.784155314631897,2.0230009427862,0.624073469610076,0.589090018715087,0.80799163954767,1.13053267032084,0.360087975781659,0.489149353255565,0.573006751815022,1.43815451819244,5.97490342976079,0.67733566069544,16.9487754327524,0.955125569230837,0.200340945157582,0.599493426141216,6.02843566061825,3.03868229196871,2.35411527711745,13.4356143863759,0.483455977053573,0.450939858496983,12.9597586621761,1.52497184624235,0.108102085822386,0.396343641169815,,22.6406667688372,1.89081918033086,0.388610661233024,0.298551369020104,0.34963590322913,1.40372818348267,1.73230973212338,0.814381192546385,1.40010714908961,0.643735186275694,0.436088211665285,0.186729623908235,0.914197416664441,1.71406570862998,16.521567066372,1.27340544051185,2.96467674410318,0.657707577170574,2.81891312898404,0.975199431320701,0.686481811058122,,,2.40257339459711,0.544197143500108,7.26804723459962,47.6989587034221,0.703728113523052,0.301600253603039,4.87648777361307,0.429764503736555,1.15940802262051,1.0414248793157
2020-01,0.566534498484752,0.744726893485621,2.09891529655983,0.706922904573527,0.595314021458379,0.762284408885079,1.21919000258774,0.299179080745135,0.485941356016088,0.484143850657333,1.43626519982516,5.42552141777564,0.573703701193302,16.8196504203097,0.959220319913539,0.161785669594137,0.57347439240359,6.03257185702441,2.94704854112687,2.35623143651385,13.2664202968484,0.454298990752138,0.532591363742751,11.6674284258047,1.43292316712181,0.0950921237805607,0.367279015721376,,20.5890323599416,1.83305467755198,0.351626176440613,0.480852439872715,0.366660108890419,1.47553216095592,1.79871006390998,0.8168743315106,1.38058083347728,0.629385533764771,0.391029199128711,0.144969279539378,0.901571884897649,1.77667855781967,16.5197298778385,1.2389010942605,2.86527087997795,0.657348860662274,2.7006462566958,0.983873154655503,0.765576667670456,,,2.55597721356014,0.607409711892819,6.83121766567885,47.0419317890492,0.758861473484893,0.319525927053023,4.7561111151833,0.393603534123553,1.17865617121815,1.03409929321059
2020-02,0.52667173367013,0.672302479268314,1.97137396909533,0.663721862822871,0.558815209062669,0.777424199704621,1.16745852977868,0.273742228199986,0.423318257602497,0.373721500254588,1.36699531295989,5.10244004256863,0.495284471510843,15.7712377179702,0.979053632693667,0.161237310197313,0.538576707931764,6.02123989899477,2.81619201204477,2.48112095668246,12.8561655185208,0.41755765068579,0.560255270676183,11.569198426362,1.30345413311752,0.128009303285219,0.410748987496528,,20.0272144520758,1.81571558526227,0.275531120550245,0.337275284995574,0.454735053147868,1.49693219231164,1.71072398581698,0.833293379908884,1.38354105075768,0.664403885133284,0.393793020910659,0.116176673764153,0.81782033607396,1.68017602532981,16.7252456558025,1.19974457255604,2.52238698654285,0.641712292161058,2.7028005108373,0.989871620424675,0.838966157271727,,,2.42905294656121,0.636642897420141,6.59750311278051,46.6570384332871,0.722087352633272,0.388950897313006,4.80430007594827,0.403272877668512,1.14897772998808,1.04909956095581
2020-03,0.919382803012538,0.940154989859862,1.2506693283977,0.443529443040665,0.401334069548402,1.10794593107105,0.685601934745789,0.530466359818478,0.52082366904349,0.889617676073107,0.894371866793795,6.51057008179681,1.16461291368387,19.0841843562378,0.971163359875287,0.306903275983127,0.698046832014492,10.1731069314232,2.31711432551131,5.23303316224307,9.13131391713461,0.30711645511058,0.331818308888676,21.4415562301171,1.78029879889508,0.33945290801817,0.495687350986123,,47.0036403814594,3.09362777254559,0.507355600548803,1.64032984045156,1.36110511969777,2.35008688527595,2.23066719110379,0.836262192274646,2.33849853039524,1.61082082765108,0.43762789215878,0.168527965999122,0.576560486936696,1.11029637181299,17.2890307488334,2.41317570866542,5.46758574219671,0.934563606104643,3.90198277533441,1.63727154034925,1.59967813179671,,,2.98389239943435,0.97756456282537,6.37330465140912,32.9294179871127,0.445636210245863,1.20111096221309,5.44252189592863,0.674800651000524,1.28770069192039,1.20184813402122
2020-04,0.80240321263245,0.80395864338316,1.03036482538594,0.288824173557091,0.273234161807015,1.04168919822661,0.536501262850216,0.4281278130737,0.5533638459167,0.601164024184464,0.654432881355427,4.71166969470616,0.847331076771261,14.5611236598285,0.681626660976388,0.343863582163282,0.651127462415791,8.8853410646266,2.47984096975967,4.87414333577615,6.34173889788315,0.227746377584314,0.321493695496724,18.525862848056,1.73081730200343,0.301515703989342,0.512901990693039,,41.2301254612656,2.85669472396431,0.451781825992696,1.0761805126605,0.80588710184222,1.69963713067364,2.45117963852656,0.792098235355532,2.64390501373918,1.77240212607442,0.611399807104203,0.173285333443369,0.432607006556816,0.741146047761823,16.6075984648138,1.65387578579244,5.37322178180818,1.14940108039149,3.05272499904902,1.32356930688492,1.15287645951787,,,2.31899250159231,0.850107222581974,5.5780980787523,19.0568350736374,0.350604281460225,0.831552828003396,5.40765367496724,0.497762527276151,1.40161621072819,1.39867770788837
2020-05,0.391975369839265,0.567038066621047,1.24545143783226,0.436840123553127,0.285561896319277,0.61615029148243,0.624923024771804,0.205833672353769,0.277879475629265,0.264241397317131,0.900457563374268,3.65424005271832,0.420487694681242,10.5663696559131,0.489109781208805,0.141191453796832,0.459993077245996,4.3452620153411,2.17927620777692,2.21510121761422,8.26032462237813,0.256721834742814,0.344105461506428,11.6192296223603,1.1052272023293,0.142487260579177,0.285220658058945,,18.7869610191155,1.14458265585664,0.193805075414472,0.51927124070088,0.445738105325252,1.20269890665639,2.15683595878636,0.890973890433344,1.23088594187398,0.790029267743948,0.35709503655271,0.0877055929622654,0.575502593044846,0.875849180337706,16.3474890733173,0.884240416563459,2.63151536163081,0.717702089578928,2.31665786571608,1.09457833459453,0.663066035027969,,,1.94271743524874,0.511730476157319,4.93152087869168,24.2456348384445,0.439966520748812,0.261147728044114,4.91887580391452,0.347883965148571,1.33739017865914,1.30990773965221
2020-06,0.420737932609516,0.58674807454362,1.43584634478178,0.472852268997231,0.392996356559062,0.576229138146404,0.760477197818436,0.158788619544356,0.302516391281941,0.236477625855043,1.00873244264487,3.70655014302309,0.409296278956828,10.0963322697294,0.500575514929943,0.117919987330933,0.455743876598425,3.31771882343417,2.2793882798842,1.80904758883496,9.16864482079718,0.301336013108086,0.430170413537129,10.2650211565226,1.03925443814398,0.103859414989079,0.300302822650558,,13.0384304104945,0.994590089292639,0.15539451636979,0.284514358351994,0.309993846438672,1.09943792032201,2.04439200049308,0.897958475539007,1.13904555975724,0.534724402213082,0.359106970012377,0.126419445356056,0.657432361007913,1.01287368315653,16.5047731767649,0.68485927084972,2.48795124189613,0.608694277083801,2.05701132395258,0.874965475286189,0.607105232327666,,,1.74599685712269,0.48780663229477,5.63075791025007,38.3079886774381,0.546283717552213,0.116452244597297,4.68534680532449,0.322837533579396,1.28844155700665,1.2417152174158
2020-07,0.444850289707845,0.583992308759055,1.65253605429359,0.492284051985798,0.451149544801635,0.561758894431771,0.814133629804061,0.182783379483946,0.250555479305055,0.254585956607429,1.05365482471414,3.088612965878,0.339449411480551,9.37060798249554,0.492621475328934,0.129060014426752,0.493267945029469,3.04094798458702,2.35493087270599,1.73415758204002,10.0299421367029,0.325470749871738,0.441376312625356,9.09851484453649,1.10070491061669,0.107075380688477,0.315702598889355,,11.1409557786534,0.844693716668059,0.155098045725053,0.266136603603377,0.291850600321992,0.947379366870279,2.10796048147506,0.863836531085768,1.31560438915761,0.454381364552395,0.394991682057665,0.139803648036645,0.733197902643981,1.02777933782033,16.2631435644669,0.610216536885353,2.47658291405181,0.714190296742489,1.9654545049132,0.669502110230035,0.511970237504294,,,1.61557382435391,0.395532927217894,5.65056399824908,38.9354754548017,0.627317426642717,0.121320518253738,4.25363619667016,0.229292911761955,1.29327344736401,1.32493925473448
2020-08,0.386709394170783,0.60430892193626,1.47845383925514,0.474266236629939,0.372821304709371,0.638482689715712,0.796115311170911,0.200273711128501,0.343190784454988,0.333224467978962,1.00117788774968,3.28763893720129,0.386395075688241,9.88722427060054,0.496119844997465,0.151640851784997,0.474311304359197,3.23060906212662,2.4256811895087,1.73962423114007,9.42079044650593,0.3093471643896,0.380262559484957,9.74127979046881,1.21040249407742,0.105989398861164,0.290362400813406,,14.7768417852906,0.944871955541567,0.117908285741989,0.291156934832355,0.320150464485577,1.01192408700974,2.18565235044338,0.888248254403516,1.02544040781532,0.54033338460221,0.436953765031125,0.150943520329492,0.651629182701381,0.94469851056592,15.4435275649803,0.698356828774628,2.2990579067964,0.660366188834905,1.86962562866711,0.720409475964692,0.514975002562151,,,1.68318613194294,0.35320861074014,5.19689423169864,38.6452129896635,0.545497351822192,0.164325708739574,4.17192508728294,0.306648349027769,1.41592550420593,1.39472764994059
2020-09,0.461746271423994,0.647943097066503,1.55910127344964,0.496660680297452,0.407067724456068,0.550608676024126,0.844391224529877,0.165001706832947,0.38948485842916,0.300810676116512,1.05932208186233,3.16135419036461,0.404002306178218,9.62780855899985,0.516414339420831,0.168756143380088,0.541483076348115,3.09786258389892,2.9269691585453,1.39404524533382,10.2933000841668,0.351171035679191,0.403963601573061,9.39324981046529,1.20873902556218,0.105183717306418,0.35943173850318,,14.552380978827,1.03635555033803,0.174712108200075,0.221686351648731,0.300480430167209,1.10709069617036,2.30990790960898,0.976340174135671,1.56612228238176,0.580357230607769,0.473769030940459,0.139227018324074,0.660871679123934,1.08478538677804,15.8170479901764,0.758509479767494,2.42193169470431,0.866566229279899,1.73443808376152,0.799629727565841,0.480847005966259,,,1.79418071331796,0.422014550335617,5.43394698594116,41.2259768523617,0.580106123065681,0.276261760232108,4.17206677027574,0.28642200307835,1.51064114586509,1.52222160227171
2020-10,0.609226796053239,0.617576343707278,1.60508103141506,0.541822575513411,0.423080422162364,0.52900198663497,0.904197764246693,0.118167922834326,0.258717750968215,0.192794072523836,1.10169004948218,2.99357656534416,0.387544860328116,9.84217295817358,0.515858023790351,0.132469293091837,0.54622347512511,2.94023699670195,2.57310589303188,1.3542292662287,10.4387459779004,0.335906754716292,0.389754816418854,10.156870623187,1.29595068274814,0.0895355894307196,0.326108520769868,,13.8679025389934,0.954630024783779,0.187142884540175,0.227762967688087,0.27705056002911,1.24187909762526,2.1889469270371,0.929200935016513,1.63574868700405,0.618255722729777,0.454624706632012,0.178685433831247,0.632140196089501,1.03671351126542,15.7373744000107,0.771918652726327,2.67998050555087,0.924578551331596,2.17632364829538,0.922345166356912,0.549744097268873,,,1.99444496118952,0.375901051132644,5.96139975901019,47.4231378818173,0.601454123555094,0.235363527098371,4.63445148613407,0.315170061343234,1.52258516737236,1.4546826877816
2020-11,0.850024501878632,0.778189356150275,1.45647657618267,0.478274055363349,0.413353471209947,0.629318644209334,0.759614090805179,0.164301134214377,0.367873537383859,0.276268041134156,1.00281658436423,3.3842602738184,0.360817882170432,9.8792737333679,0.564900114958059,0.186992292159896,0.549096850112223,2.84796060610777,2.73013586343463,1.45187798399734,9.3752540057822,0.319970955135794,0.388943972525552,10.3881369768258,1.81484127391222,0.100118718977116,0.351774286280869,,18.8660317821245,0.932542111096907,0.219366147395378,0.259001966648105,0.399143137934658,1.28437294409533,2.08420343537034,0.815819487798172,1.40711696813182,0.681928763375516,0.404952368249526,0.224959453841245,0.655569069992028,0.971953403564433,15.0524445329437,0.73859575335519,2.94812953908435,0.834828702337815,2.20011499909145,0.960459963325774,0.439282970016903,,,2.1281536724594,0.494662691795656,5.31774221112572,42.9538597522091,0.528849263591485,0.455281755357394,4.63513344237705,0.325981560995152,1.38354089162167,1.35548888133295
2020-12,0.507748195239858,0.621660590949562,1.61270339754012,0.51922963501904,0.434351718746119,0.736625997852184,0.852367768294315,0.156298192379882,0.303860160261661,0.196713440572916,1.05952570282997,3.60756270041484,0.401595123614785,10.287618836267,0.62603385823511,0.139228799574831,0.501097620358338,3.16801377420397,2.65105493441034,1.84245289974249,10.3043509800018,0.341840708378698,0.387691120270072,10.680731328528,0.877866301037679,0.11149440739011,0.323446203549543,,17.8575482632254,1.04653348288624,0.142041738198715,0.315198631902046,0.349541653328504,1.44515944838866,2.2156797406368,0.900503359887746,1.47362855946892,0.551925858433101,0.402698159802011,0.215870906181527,0.647182496911168,1.06988666524079,16.1733146984962,0.883854852619399,2.93669888766084,0.821495991899295,2.37229025573521,0.970788362848047,0.594497427309932,,,2.30331247910895,0.549975459005833,5.5112176131088,49.5646030022981,0.609045988663631,0.338812122334992,4.57149328211561,0.394084401861142,1.36504743429558,1.34674963133728
2021-01,1.16530969706345,1.1812438027087,1.69807273198862,0.553036016536494,0.464134871365412,0.778375251911437,0.93616943663564,0.26184200312724,0.529132269856293,0.50617001302467,1.11015665111838,3.99272299348931,0.540345452200016,11.6621156610388,0.640884630817737,0.229561132217467,0.617813246624219,4.02670041154217,2.50948769187883,2.03603823453223,10.5280315451138,0.34338420976147,0.438584523285603,13.9156647343119,2.53802298918317,0.153830415179877,0.381454501482186,,29.0461805378912,1.27347632146906,0.377228487322577,0.594056309759005,0.80605706762454,1.67241422876582,2.08166488120118,0.904167311014046,1.75462001463196,1.13322447521453,0.461338881555954,0.472734944827167,0.65782721853481,1.02148756191142,16.5762125142117,1.23352389398963,3.52971942380786,0.95283504855197,2.55273212441903,1.0681177281571,0.638498100293391,,,2.52268696999309,0.763484398978584,5.56229140598946,42.6237313066076,0.653754531191802,0.707521941088577,4.69438329938631,0.422126293415767,1.40406266278895,1.35093940650208
2021-02,1.45552232185878,1.06436008913598,1.85656417753477,0.550440616896225,0.477847605935154,0.879879362573411,1.00775798367292,0.283957449507868,0.671979836230125,0.7465261329088,1.15266969906616,4.26013330102681,0.553589207448858,12.8488475473582,0.670681708020921,0.263925397370417,0.680818629228865,4.82707741710149,2.63159268805755,2.37011726639368,10.9804997928668,0.330152378570809,0.466257452623634,16.9489293905014,2.54093835772074,0.185446454821185,0.528808682637988,,37.9795636636231,1.83287291868534,0.53092762595217,0.875093514370516,1.10980516288992,1.83177936066354,2.58487868578226,0.896571491261479,1.9664783926846,1.29599681320013,0.467650849558274,0.696330408030359,0.728280679386153,1.01763447539181,16.333944976321,1.2223483091975,4.48041630742946,0.919460439136956,3.00214315717768,1.26803683379254,0.742706561754342,,,2.80122535877551,0.890093726800993,6.45006487767237,39.570072885592,0.655399659349696,0.994069336114127,6.19778472019847,0.48737008801958,1.53446010594806,1.42349890041314
2021-03,1.48395644486179,0.969508517804567,1.9537527159978,0.689365695992702,0.697758217329951,0.971325115121143,1.23372651465732,0.366924162324327,0.700330604625128,1.09709871473981,1.29021298444663,4.30698561654938,0.461920384367259,13.458751183888,0.714472919063845,0.244336599178739,0.56710237034632,4.42987954843317,2.86288251789394,2.78305660926642,13.859179011359,0.358285563330682,0.533733417290482,17.6661508209234,2.27626437549666,0.141565939804745,0.466636300332767,,35.3248679824983,1.5979618920215,0.754990966273766,0.758769377162873,0.888021134795492,1.82747215396931,2.02683530518013,0.838607134212181,2.00522768367097,1.16731026337262,0.48529019707835,0.773403322566941,0.826953080752333,1.18110140024035,15.9573255615929,0.982291568867763,4.27463877539403,0.936537038534116,2.93808257892158,1.40101328968379,0.907809240002036,,,3.07687462181178,0.925763640404693,5.70292055138447,46.8983809226098,0.673187798409084,1.10922745189521,4.84247140008077,0.48359035298095,1.43393908595441,1.29595884654168
2021-04,0.550462510527648,0.629144603895965,1.8891458469996,0.656199817835858,0.515140722683157,0.777110343329792,1.11968833120304,0.224553436127581,0.438758664655125,0.544753996678728,1.2671998669083,3.25457361767365,0.382871832516277,13.473559932657,0.629409782733554,0.171649450366927,0.448674356119839,3.34899321372233,2.73102520254643,2.63132577979047,11.635895763991,0.374824075319319,0.48783633706958,11.4191609799755,1.21690701450204,0.110110760678575,0.370761171628684,,18.8733073100876,1.26243634754345,0.416921485071074,0.260752854660629,0.319875853753164,1.35148269397356,2.15694589692105,0.925423269001529,1.45108163396281,0.659633996942715,0.461337030307942,0.277028461071519,0.726577876830141,1.21512110662496,16.7786688982323,0.849169793456771,2.89373209453623,0.694837009869569,2.81035552456878,1.0371819214713,0.703852469404175,,,2.67840076624069,0.73434745730921,5.75049134586064,45.615411539244,0.705008291176267,0.239487572780417,4.53193075481141,0.424216158592769,1.30471248794015,1.22087523458689
2021-05,1.14882300562153,0.928460834133674,1.94545963660281,0.629464273346619,0.531078223671164,1.21024433907324,1.05836212390722,0.362075590385112,0.790332300635355,1.18224981815434,1.23914799300393,4.47283945187488,0.537909663825076,19.0642235597229,1.06906427609718,0.291167196441969,0.584163122786129,18.4114748424218,2.80499381532016,4.20583454050226,12.146806757727,0.367428616666197,0.475832381523698,21.6331593481851,2.84032404061198,0.203945225325017,0.389243234996085,,49.6366657083445,1.69150789165969,0.85547970760084,1.64324855836798,1.32862409257936,2.50188007544678,3.55659939426734,0.986766870239563,2.14398118850489,1.86654897371175,0.59321369829115,0.717825079275683,0.739882620246031,1.24673118514589,18.8759336475208,1.45897539118051,4.73486803300881,0.88798065085622,5.07832251524643,2.50609686240158,1.01267765481014,,,4.34996834273268,1.18249170557069,6.84991332444741,47.635657958592,0.761965081790094,0.899491218140341,5.3698406624626,0.527149238581656,1.81553822768743,1.55883104821001
2021-06,0.907689981277021,0.831572091697576,1.83860565562634,0.652805151932387,0.561538363854664,0.786288944470131,0.942761472878237,0.350762196379765,0.65196741026306,0.912797723152485,1.21958364261207,4.11117257105181,0.500119532842025,16.3692588239909,0.926816480191557,0.229247141264888,0.626731030111048,4.42588385044154,2.55471348636376,3.13418408594582,11.5529019072188,0.376067280789848,0.492954525010641,15.7859927577166,1.97449600924241,0.160199524950086,0.392323823882643,,25.5866463463282,1.50121753864228,0.605414965897325,0.518554574551658,0.72164195998431,1.88538911330628,2.1981610175954,0.890436244578096,1.69700081733959,0.887284917193795,0.450716135111302,0.623224438262968,0.689733142568869,1.2178307035407,17.4376094023095,1.1124193970649,3.19613236793929,0.712943794261589,4.1190395769857,2.07655232206538,0.810118475803431,,,2.86570205996715,0.931728633183581,5.60097535038279,46.8054378687657,0.67035449282091,0.456097539781447,4.58251600025172,0.487872445849064,1.34098128762366,1.24399849598255
2021-07,1.04274216482127,0.916188921240862,1.89015608357084,0.643167354866777,0.537051136711082,0.953411432344862,0.913969482622395,0.38001338535926,0.942248435933881,1.24971257413711,1.2246648150972,4.16893703487478,0.531999686756152,17.3708284717922,1.0184772270922,0.272683225081327,0.679730922221368,4.29062744952649,2.51667711015355,3.52651762240267,11.4636651707523,0.367628555443635,0.462406144308237,16.1874214592594,2.27374648785037,0.14966163604623,0.4570687476373,,27.4356950823004,1.69583836164273,0.734080123903675,0.531492959993964,0.749125727736189,1.90170137561764,2.12421420659657,0.9400374378486,1.60157767618735,0.935585131082377,0.479535414298095,1.00595377068708,0.696927608075424,1.19660376586237,17.5610902266511,0.982416162013381,3.78742717094719,0.736964877532677,4.05876494819849,2.03873124965376,0.917979001345329,,,3.05429847002914,0.921188763487835,5.63592602710199,45.3361219623052,0.623620070419094,0.701234286012234,4.51063955735733,0.481058683612702,1.34639960425894,1.21528198452554
2021-08,0.996350580862621,0.908646263880791,1.96027415958744,0.607797855292312,0.546680629760352,0.857119915963592,1.04585220827687,0.377158265217086,0.856631485645202,1.19348382613544,1.21082089094718,4.20974067653055,0.484513971872332,16.7353093296375,1.00113767533405,0.276748908461036,0.71325177303864,4.4419308168722,2.62140692705277,2.84540810569873,12.3358520947108,0.36298202170314,0.501523560734103,16.6238028639434,2.07607664013102,0.121590138694027,0.412215876550708,,26.790301880096,1.65045181241684,0.783632870798895,0.558582517588544,0.667341381782069,2.14440391468502,2.26665837977738,0.894794266995934,1.72729033833075,0.906465201115217,0.492272280797685,0.768830320061755,0.685329840265379,1.26355389544237,18.1972760135985,1.05919416707583,3.82581922329485,0.844609626660054,3.88184849878168,1.90692498418665,0.830149878326861,,,3.16919985354152,0.848950877086634,5.7964136613797,45.2089609686954,0.651573335863727,0.779756652177295,4.76180840217634,0.462384847412516,1.33643115528144,1.23609245310591
2021-09,0.738128053940523,0.809014728829235,1.95962314531361,0.644509917296917,0.536483256713753,0.90023252880917,0.984553511062007,0.316457424167749,0.776781877508352,0.881079525807133,1.18503941133399,4.11181946516802,0.460231081504363,17.4243525101407,0.904540812645731,0.245451020300148,0.635566234730679,4.41209217256318,2.49588383357267,2.49675501137239,11.5940184767847,0.350243060077163,0.438955157541147,14.9564302456207,1.83562300179633,0.144369932606704,0.401985257244328,,25.2763017625516,1.60672251836522,0.533039632543831,0.498447088763406,0.573209363637389,1.96924335791833,2.04294573363346,0.86303748882584,1.67251552887496,0.824391144691846,0.493591296406151,0.591969090216601,0.70751069004863,1.26214818470993,19.9046109229894,1.01739034082008,3.7071966050762,0.823564439553529,3.13834066373365,1.70854699077687,0.771422287184692,,,3.26936661764364,0.899814508925426,5.88463937623867,46.4355770650199,0.662388312871244,0.616246527265783,4.64431982049185,0.444117897541227,1.2722614954665,1.20008599968559
2021-10,1.20949960044813,0.968575514781387,1.9806903830443,0.629030188957751,0.591627521382915,1.33602757424093,1.10017593342394,0.539271294072309,1.62011981299227,2.19524663889683,1.25117639758548,5.20198496337564,0.650189101071047,18.372841914244,0.754946132038825,0.369682810052151,0.738273317740326,5.68848409936893,2.66435190660829,3.65625861342155,12.4701800536694,0.342643485069924,0.529405118829455,22.4014477020575,2.83921403612327,0.235794731554818,0.536807160944013,,43.7635092917181,1.94059950559075,2.4379332284273,0.883865106074321,1.1697436206263,2.30025973276062,2.26263882684994,0.877564478541609,2.19818822511729,1.34489145914302,0.550160514825024,1.80397247111635,0.790345856145844,1.26108691276278,20.5275998184745,1.33459547153295,5.3123619914251,0.991446156051001,4.92365304811639,2.63099913108114,1.27249358229285,,,4.2652001861519,1.14299206536355,5.91309957868827,46.1712948173029,0.686272052078424,1.23408378538064,4.95792203408373,0.652919432068229,1.36778879640419,1.2790284222532
2021-11,1.37820923386286,1.02130080817339,2.18451332507483,0.766051609384483,0.641927409903053,1.39527931614978,1.14966454537309,0.720878656904058,1.80530963714841,3.33629483641882,1.47365333064985,6.12755273809114,0.695875236003703,21.9753204613408,0.962197438159811,0.362318929148717,0.742808480792481,6.62524112041989,3.02699737662449,4.36625377528734,13.5766570834288,0.377380867053014,0.5881903545476,24.5663124626998,2.81673272166984,0.209810778436107,0.512995959804239,,43.1706034137175,2.57887657257032,2.50456582033642,1.00158316606312,1.00236059894098,2.50758254760933,2.29995615951596,0.91140192873712,2.51298483488513,1.73622350122497,0.624469174919972,2.50399685064766,0.849523852542733,1.31630253917212,19.7710702915112,1.48019767374153,5.54225049122996,1.09368953667355,4.72237703975834,2.67904305150512,1.16418402479329,,,4.41277205875139,1.31327569159349,6.32313045862947,44.6249509073922,0.803859287437629,1.28477250332687,5.30998859984652,0.666035103407985,1.38733331027017,1.34886005934519
2021-12,0.963780686756502,0.928156117528599,2.16445971653441,0.680470021270328,0.595786040025605,1.06532836514761,1.0796230723492,0.424792597566249,0.938248610456772,1.24583459134721,1.31821754410084,4.44517249650484,0.44403472071998,20.3750886670377,0.92672617268172,0.29169018183464,0.677800201283526,5.51316563683975,2.78540368116703,3.40177438750482,12.4936278585062,0.346715868760857,0.5736769781146,19.9906220653269,2.00881744714343,0.168487878978986,0.438652931456792,,31.3935101008832,2.26286104811564,1.09653088192669,0.612367421098134,0.689682319441516,2.08622689911482,2.17145938867817,0.813889132300727,1.85259826943688,1.05493539135167,0.450557632552563,1.01056648422326,0.711109394036447,1.21727793200488,16.4795066454955,1.02989833615977,3.79587222582263,0.969529861200921,4.5258906358804,2.08299042963545,0.891980437609706,,,4.13381553844056,1.12955532360989,6.05326443162245,45.4291682444476,0.680544389244235,0.735848942295553,4.90699589424911,0.61494036864799,1.36188388814751,1.21815616596479
2022-01,0.850342121579491,1.06824166394444,2.12771774786094,0.81181224969938,0.58746641358909,0.99218011078781,1.22536695882986,0.379085088246171,0.892551636821116,1.17197980890759,1.53264646579883,3.8369503776434,0.523843085077863,18.2281187994475,0.882921904917344,0.372973961414352,0.726954653067354,4.80090886675564,3.27404685291959,3.222132371191,13.5797923378738,0.442865698980682,0.646151574684761,17.2011968765198,2.33985490861719,0.179566959339414,0.480801492486331,,25.4013844590494,1.99906595733775,0.862674536298979,0.535843502427651,0.525324672853092,1.94306994707545,2.90519188611675,1.01365680320381,2.06694453420035,1.0465224287938,0.462938067589007,0.717528048662539,0.879726710948742,1.45611116903817,15.2491270943724,0.983956011760332,4.56238205137754,1.06684232729809,4.45405216652795,2.06892524078298,1.11816894697773,,,3.62341857204602,1.19836104498962,6.00473805348906,44.760739259757,0.792392398806342,0.666617238114884,5.52121993978151,0.634466942409431,1.77660120266875,1.727124004562
2022-02,1.57916341045545,1.77770994995845,2.68389265235745,0.933706748958559,0.790204908639061,1.74702795555029,1.53539650899504,0.690233049269158,1.84309499613872,2.37103761927278,1.91745909585633,6.19785386708946,0.842029113809774,24.3574695078071,1.0175948336118,0.471539794678483,1.21095365569915,7.48110256131829,3.79180089545534,5.40995755231679,16.4838824134176,0.53373153533535,0.674004467864044,28.4900086259296,3.49717361165539,0.367008895712315,0.873518002605985,,57.6503992226084,3.26543356650384,1.84302707049571,2.75073060382361,2.24083350918663,2.98649670394021,3.23187350744397,1.12066801902188,2.82783593467382,1.73666438727937,0.750115098194205,1.83999733675281,0.966623059712885,1.66134119265959,16.8713125245016,1.75185946921876,8.140882576586,1.47768682807329,6.82320550279736,3.38321891205497,1.81398648083656,,,5.47324816617228,1.96784578756028,7.62156692125334,45.921819415819,0.915692291838907,2.88842127622105,6.94740127763872,1.01200598216074,1.94880309361128,2.16894958530682
2022-03,5.76910497996984,4.0873976083978,4.24987724068489,1.68147244543621,1.63887170410491,4.94322914694447,2.4046081845064,2.78700013782533,5.23360758066869,11.0375616390996,2.47939810848017,11.2091534935073,2.15108630771115,57.7723377658369,1.90956300992101,1.14945848830544,2.63767666935773,19.9706194321171,5.66305692504154,21.2892731189424,28.3715714934683,0.843736848936939,1.19934985490777,88.1946262067415,11.3787241302193,1.19211031740346,2.19223361376175,,209.351046596238,11.8681468033689,8.49347887686007,7.45774824818147,6.78759199040786,6.82566836823754,3.32405391448297,1.26476273102371,7.49048457966538,4.36694984023027,1.86701476809032,9.62577876802246,1.50595902707622,1.77660638055885,17.4861241554342,4.31699366655889,21.603202115409,2.96325896193444,15.0297109630703,9.90615054316555,5.28145057925631,,,11.9587477992251,5.4936208021119,9.70358894804261,45.2926664487303,1.56379788584392,10.6034509062885,8.62014662230071,2.114752752663,3.10574972690227,2.83239117828699
2022-04,1.40210086912085,1.75850365463868,2.7823329421702,1.00159165121931,0.80642299866305,1.70993377505262,1.62750606469388,0.573383514831916,1.61779250857344,1.62920462107464,1.782247440843,5.35869694281433,0.725318541351846,27.6620416822168,1.17448969014625,0.512235678439542,1.26737170628741,7.16463048762449,4.52061685684424,7.64026521747048,17.2256382393435,0.615715361721962,0.692572605446524,28.0026287745689,3.38310894668382,0.375970096237435,0.865362706554223,,45.6567641568456,3.34777380995248,1.30669116422753,1.20898284997364,1.24514684486398,2.20560790138346,3.00473889396295,1.20346297551693,2.8067786814373,1.47894415013014,0.854088533796973,1.20656025652086,1.00974463271363,1.63698049427847,16.2376324865494,1.56678279862371,7.40334889638966,1.50765357245173,7.76222282640589,3.3123192058496,2.04414495651002,,,5.59598646463203,2.17568690629921,7.06364677989114,44.6622504263895,1.03035023641194,1.02415956075397,6.16881002395957,1.02975504805844,2.16393971239045,2.34069498133656
2022-05,2.45425569811117,2.55317352000275,3.06911007692503,1.18324616849763,0.969768679792539,2.57869976268322,1.68585221944352,0.821689681658067,2.44112947924646,2.6344592630012,1.95696436923333,8.11274987551244,1.06966128356726,31.5616642769931,1.24019681796613,0.540685102847417,1.71059986245499,10.3887639564168,4.79550007611302,10.4959078416045,17.9786111666344,0.702289865024151,0.867237840218032,47.9499630035409,6.6047282271451,0.487215538933407,1.09790289687157,,89.1881554725726,4.15640096014478,2.01022625779118,3.02122507296902,2.58099138932408,3.59350514395794,3.18971185822971,1.21021327464781,4.10308139810224,2.53765386814304,0.979295175957216,3.86484424970043,1.03745737687433,1.69700434444828,16.5438587592123,2.74801570146728,12.5928985760408,2.14119525402436,10.4761809662758,5.73594345585308,2.71068589934995,,,7.36787099239313,3.14453198545725,7.23653376929034,39.16231557899,1.0621541322589,2.24310248741112,6.7786296989465,1.61548986455359,2.40125251627018,2.44319772255187
2022-06,4.63432627902808,4.33081615692126,4.29100601670495,1.52675236244346,1.28278805660141,3.93668939642445,2.20628464828864,1.3609321630182,4.18360543170715,6.58515556788603,2.45593573370917,10.1213897425375,1.50438269226094,42.6874297962387,1.71657711440798,0.982238423054387,2.97916175758501,13.5155468717681,6.27217494662064,14.265918301369,24.684919878445,0.821108383810882,1.15111020848674,71.6297235066083,10.9526981544106,0.73503757831162,2.14005645080944,,142.680579622628,6.68384985475602,4.57926804139694,4.26022719670856,4.87504193571361,5.04233229628087,4.0091787362542,1.28759950792318,6.26573421255828,4.08186310593944,2.91180254025146,9.81092903045132,1.32006371281985,1.80712322377752,16.3914467632653,4.06949122847386,18.739315462085,3.3189880444433,14.8014218925557,8.98539442900394,3.62368915943289,,,10.4686578112788,4.91098015369466,8.03378502018622,45.1829872913729,1.35116914743112,5.95222119058371,7.91548036051106,2.05996967864948,3.0206130944162,3.41683185911972
2022-07,2.43698269576041,2.53380014317861,2.7081291111282,1.07066250551831,0.862864298879487,2.34891267376814,1.65903363323946,0.798499982517671,2.04018454721972,1.72067797213516,2.18451415841192,7.21269005868077,0.899160384996292,34.7708428992203,1.35724960356498,0.566796926853102,1.67890519971013,9.34606538982161,5.35058026656543,12.3786646398051,19.0714577962509,0.584751825778406,0.746482175403159,48.1804227743067,5.86898830021423,0.518152805054134,1.09459104491553,,72.3347564300848,5.5458048757618,0.996079500676979,2.1139236346807,2.12493399977595,3.53528810994119,3.18390563482252,1.18825987660177,4.37073064638963,2.3573696893932,0.895911267925657,2.10973494343283,1.02437490505383,1.7545209766148,15.9864428052265,2.5441563147815,11.1869438479311,2.19575504166296,12.7237339255867,7.28399499319128,3.10899573033547,,,8.74026914436902,4.56552288487968,7.36215878065765,46.089249596304,1.08508025497895,2.07092228449894,7.1387349104949,1.78492695153032,2.51644913741369,2.73617591490105
2022-08,1.90371211033738,1.84381060037735,2.41751854077699,0.810301619709562,0.636079730718721,1.77068785967724,1.47591428708301,0.564241486003773,1.44433372731416,1.05764098293087,1.70826735026916,5.93044569713479,0.708368468850606,27.2172807523041,1.13953810434411,0.398954825025702,1.16094985927735,7.74416112030285,4.12245994663965,9.01256184283989,15.4001979850866,0.576250234546083,0.655655970388245,36.3886986545188,4.52507765863026,0.402334110514559,0.809897563875282,,53.3606943224795,4.32117455738077,0.671907546608566,1.5311050358755,1.65422874696044,2.74058198255922,2.85923375738156,1.23268886752386,3.27727829647188,1.82892128644714,0.697285156525508,0.753155935383406,0.897966040409828,1.67520157020869,16.3478494510002,2.05700459618498,8.67393815481203,1.68667519162735,8.91708314667442,5.5469321535143,2.29217733076971,,,6.68070204594691,2.78694447785352,6.78472443816831,48.3506712443448,0.820578003105787,1.35128099946967,6.33404868387874,1.20312392197406,2.02002505470036,2.17988565902538
2022-09,1.76349619059597,1.65955051978091,2.17608230681454,0.726191609700211,0.595543596070517,1.66099486026435,1.26237202100386,0.640326896646402,1.47454694185861,1.94222907400286,1.65048689219309,6.20054612663151,0.677449180064075,27.1220375581144,1.06289998178267,0.430437025072123,1.09363355947256,6.97053196118769,4.44354696304459,7.16477589291434,13.4178913899284,0.553262511658201,0.641439250057326,33.4728876941582,4.69439258577654,0.376232352225074,0.709645136676808,,49.7487733714943,3.78193903338664,0.895858477295068,1.40377754046061,1.71853346392377,2.53133522344233,3.15041132651405,1.09831166596234,2.88821797586746,1.66853127976999,0.664032253203946,1.07877664900946,0.746963399152329,1.65022053709038,14.4539279433857,1.9520388626795,7.95905813580753,1.49370600236094,7.54570170355919,4.32047923669894,1.98044394480055,,,6.42736863979481,2.44489206561561,6.45111553275875,46.3140024539401,0.852225694582221,1.37510646838499,6.56677150387969,1.20916197991099,1.87837072148166,2.12077189862573
2022-10,1.68366602832651,1.85104520192876,2.30326238395231,0.754855450210275,0.579612056697015,1.75961417577022,1.38145472878123,0.681923137076821,1.42837269286798,1.51887067011057,1.63974704572626,6.14812424076595,0.730816965965636,27.4931579910938,1.01624724977127,0.452302483179597,1.12941295498326,6.16059776566225,4.46250452562605,8.40460971348114,14.8975845765466,0.58219153685244,0.59487996957922,31.049670176206,3.96983294853788,0.245164857554593,0.726791591052155,,49.5873103406408,4.19012027459135,1.30053750299365,1.34334639306632,1.47646220831262,2.66380265642589,3.06384177738743,1.1135996903957,2.55161811720745,1.60938163354985,0.690489180035028,1.02145489395367,0.787654676272773,1.75097626203712,15.2576993977792,1.83740898300803,7.67923893350292,1.41122641437833,8.30450183765825,4.74540366131979,2.20129898019453,,,5.96632767112713,2.60865442041032,6.30008553285514,42.8079463929407,0.922319597515587,1.24070743294734,6.03427130242551,1.22681711360678,1.99392927788154,2.29170966738179
2022-11,1.10188390360152,1.3632492822846,2.06883984027564,0.788465219990949,0.586510671470883,1.20763066504106,1.35343805570675,0.494706644972111,0.752096150327469,0.875899830636243,1.58455122580271,5.41036439881061,0.625669186083739,24.0513809110593,0.860910724518001,0.293183789755713,0.871948025097269,4.33367691055177,4.05618326749191,6.36591015956485,13.6600668920668,0.533493607664101,0.559911389508857,25.6708238963348,2.92844450019174,0.323999239641375,0.534456532945846,,37.8253977223559,2.95616523876937,0.501292400954833,0.896340870965214,1.08458996374392,2.31358962372388,2.9321482992592,1.12253172716113,2.50837934043373,1.160384632371,0.596365563831986,0.750221873988202,0.721107022662209,1.72834355348838,15.42541808822,1.58657591295225,6.36658649657076,1.31364913354466,6.46941161389067,3.68676068640292,1.75443963764139,,,5.67165636132928,2.20312379450111,6.12085703162187,42.0082971973163,0.795842146517453,0.759688055035257,5.76839827215212,0.976700596167836,1.88661305405651,2.11518438461449
2022-12,1.25112497871493,1.61536839587419,2.19333514920534,0.794100371297375,0.549578644395287,1.32864523359972,1.42554738602527,0.598214182674831,1.05691835839015,1.05572510381734,1.52443938831748,5.42118676439856,0.663053582894459,26.6625933894897,0.866881984646249,0.393217829994926,0.953532255580174,4.36606865169255,3.92975138129632,7.312116307281,14.1621074933538,0.516726526638856,0.588971420576227,30.3601698416602,3.1954811818106,0.26751406856694,0.637666282640693,,47.0767341177193,3.41795822683021,0.704157613701704,1.15873626778687,1.24168999656984,2.44730780986925,3.16877220656198,1.14539431093602,2.59107766477909,1.32280385266175,0.653712555895873,0.658119115303985,0.745302600028348,1.73233735168272,14.6246923917635,1.74691421853657,6.96387254141603,1.32900494150308,7.48841492112046,3.79527464510026,1.74154698533689,,,6.34487716343531,2.59349785217173,6.04970352702509,41.4263000732818,0.789074031742271,0.952218208324513,5.72421071150216,1.17676799896079,2.10116144195296,2.26118078530932
2023-01,0.966048193974757,1.40301071629955,2.12284986986255,0.722674546508485,0.563596028844309,1.28018817242389,1.31710225481736,0.452034254633006,1.08320900828753,1.19205719824275,1.58174697027845,5.27324682059259,0.613515760175384,22.2767655994048,0.808580322591376,0.303547060441556,0.894926045006086,3.51465206991192,4.15372650084187,5.54810367517278,13.8554781601112,0.533768866551515,0.558651937874183,24.4383153870092,2.66612032312005,0.205241848128824,0.593156490746171,,36.7039121149856,3.06711346855717,0.915830054635549,0.881918679484115,1.0040358763272,2.30370010505877,2.70559679493679,1.13870872180695,2.09134105751605,1.0308990721463,0.575338111321719,0.764990133900677,0.719940958948983,1.777829632997,14.679008119674,1.52308939180427,5.97230267303331,1.11309651062721,6.96609703458691,3.80894342510773,1.65798825435788,,,5.77404834994838,2.36507177386039,5.92900659615773,40.8392920120161,0.79127077999547,0.680899050121195,5.46021033391649,1.08297881492498,2.00877851882008,2.14202130057167
2023-02,0.747093630439683,1.32722028626097,1.9921390292621,0.686060241964908,0.539223555068628,1.0530807225907,1.25413404488086,0.34858027732034,0.883878438986574,0.806957677625201,1.44569031917168,4.40190771996102,0.427339391482036,21.7169132559084,0.723852450426922,0.262328764608801,0.793125633942507,2.45435383313749,4.01225709009288,5.27614908665294,12.9114167048187,0.515371932240941,0.537579737351535,21.2033042926397,2.34217695502376,0.230629886322472,0.593524761716496,,28.6844639148798,2.34405872806243,0.561079650689195,0.710722074159597,0.790958459614449,1.86214808587934,2.92100539438484,1.12398933910273,1.93955621883616,0.849472374649631,0.565152399447544,0.518287807720095,0.708639176074661,1.7336820185413,15.0033050807408,1.15795276315355,5.23970777251443,1.07440991081348,6.32990917706614,3.50475469904111,1.51586180693688,,,5.39102246133155,2.09877257276469,5.81819254272887,40.382873960781,0.794401750945465,0.582077195629497,5.17964024903492,0.834996168055539,1.99450438384127,2.10045631219559
2023-03,0.692329553607609,1.15554065747291,2.05640617229768,0.703012683032408,0.511742747978558,0.985473457377839,1.18086791278425,0.266277001052995,0.547615319443002,0.522607635521422,1.3744454397714,4.3032213955279,0.444057273550317,20.5437663167066,0.668371843527483,0.251999645433562,0.666433249058036,2.35974042038911,3.94263028705107,5.08528059384891,12.170855593001,0.527575152306365,0.535058820905391,19.9939447538012,2.31867846711993,0.257409092462947,0.552393680171281,,24.4333844648051,2.06011544964993,0.414527401099283,0.621864458637931,0.783016349403787,1.77268842225827,3.03953413386762,1.09775970280862,1.82302643095722,0.759581558261184,0.518203988004428,0.272351303887105,0.678233718553129,1.60179059294739,14.0777102169506,1.30358420923891,4.73265840130721,1.00000767391605,6.05728875398535,3.40795298379554,1.46580926589355,,,5.09174378741422,2.03414447399034,5.34467581939082,38.7025437430884,0.73078889683386,0.416857564474401,4.85796887216515,0.856716414189869,1.96706822338905,2.09445005355466
2023-04,0.811930156565114,1.12124648386936,1.81421140509782,0.661617258180982,0.504209690001665,1.09128923618869,1.15483501828466,0.280538550680743,0.619790568755473,0.609417829108921,1.38574811986932,4.37414640271863,0.487435872293866,20.4639972156911,0.706726005140457,0.227398052402608,0.760567537163597,3.06881851381517,3.7450644074972,5.13570049581296,12.1552696033948,0.490299557994064,0.52195330749203,20.9637048076222,2.12535889245883,0.250301202826897,0.555880805994893,,27.594111971537,2.28138285284909,0.397795524956884,0.70876919713986,0.812839304384109,1.91566246964167,2.98196236695084,1.11278140221426,1.91471426395047,0.960099365604816,0.528860148641407,0.356271580467814,0.648637652721734,1.60049923314924,14.1792974882494,1.31011082358471,4.50182212725692,1.0258645935523,6.99379449808932,3.51370905579847,1.74421855939127,,,6.13851899511053,2.2555240491436,5.22023709921542,39.0631293868264,0.729831771074742,0.460425568519596,5.21231347852185,1.02247974198967,1.82247753564375,2.11812750422496
2023-05,0.70499623056539,1.01687433839611,1.77494206637731,0.61461267378161,0.438198532683165,0.910753723706043,1.06157624223837,0.227408970877646,0.559127241100538,0.354735601504815,1.37078968904322,3.86828989302432,0.385543562491597,18.3106447066093,0.558796871327217,0.221792668276106,0.839831564554246,2.39884736904635,3.5117429047074,4.80043844637885,11.578994796269,0.484893388309283,0.485121977637206,18.881285902547,2.19747305339706,0.197508281903429,0.542859558505293,,23.7614197862368,1.84031641046816,0.275556204008844,0.516774637470133,0.747064766546011,1.73575873051372,2.96909120660927,1.09523119677561,1.66463394539956,0.768900390440056,0.464740312517843,0.235417120496708,0.651177813273487,1.60528152324263,14.0006728074094,1.14466479421721,4.21908217907505,0.755158809585947,5.72179073327585,3.22131621387027,1.3423356717632,,,4.96441453748063,2.09436940540676,5.1961562945631,44.0387693374945,0.701791694061308,0.347114936377512,4.79599519768469,0.960239838109665,1.83377532344982,2.05228432285784
2023-06,0.769355287742175,1.03292787564903,1.87418491235467,0.592193477787889,0.457759035729708,0.989278087852876,1.10188029107522,0.266435681733794,0.630577834689138,0.476245562067013,1.3080115527831,4.58973893358083,0.442791328127654,19.0027005418724,0.6674477422965,0.232559498198289,0.801448806335562,2.43996964546876,3.67138302758197,4.74004880821287,11.8571320385411,0.454199646885391,0.487481100820891,21.5523442837906,2.41559757739554,0.199102059662704,0.558426953761684,,26.3211695236019,2.11088974376331,0.346284397279962,0.513361320067761,0.91679688529955,1.97448183584659,2.84645160932144,1.06058827031187,1.6998311770303,0.801782619545425,0.523772363243026,0.405304807377305,0.637705555848188,1.57032673433202,13.8606852127964,1.18411136646107,3.94025210881707,0.849198018830475,5.64994313857002,3.18928437612269,1.35795782357485,,,5.14728453423607,2.02136288180917,5.15443788786088,38.7844759980323,0.69144590208736,0.494425848040018,5.05036655141324,0.912154060806223,1.79939419115622,1.96865782584389
2023-07,0.849147534352099,1.04203660475029,1.99393597343596,0.618104622361081,0.447468762026472,1.06971418271825,1.08232748161835,0.284839277011408,0.657373825777513,0.555419710584383,1.27574844581649,4.82533660296396,0.484893100936664,18.7988452373242,0.632726470291664,0.254086182610588,0.766877650948617,3.60637110041429,3.14046068082875,4.97444013803026,11.6907792466872,0.407761286137579,0.482429958975842,21.6976639102881,2.27651937449553,0.176480195597536,0.541433163848325,,34.684352407188,2.01632255582743,0.326678002141725,0.711959817694082,1.07327977818299,2.06578996973465,2.87097062036258,1.13943675914879,1.80314773815956,0.894782742716205,0.533814704837606,0.374009512757467,0.630969519134454,1.49839094340658,14.3972048579005,1.17469642281188,4.15152707067905,0.830236180545391,5.63497159180173,3.34155742595785,1.31650924037569,,,5.25517873326902,2.44579220558907,4.71748310409053,39.1548222029266,0.67363085181656,0.513249576418776,5.23422047321703,1.02990407261807,1.82480770077837,2.03630176990675
2023-08,1.04398929553967,1.22409447379811,1.89572887834331,0.66651206744259,0.512764502748276,1.21645959486468,1.15735378088915,0.392754270462149,0.833516997873022,0.82496988857194,1.3821065962363,5.48794137118865,0.615357007749965,21.0686520052024,0.735082388740825,0.344381271011086,0.893296786425318,4.50699581029016,3.35434894905188,5.58825560102322,12.8194259466499,0.505512353713504,0.517742848012916,26.5549559920435,2.7157765047619,0.225393298329949,0.771402751434598,,39.5956755853064,2.45212347029242,0.531512443273814,0.85419471667996,1.17806507668126,2.30430174277881,2.9590159150723,1.13431842195905,2.39453984028777,1.14798180691669,0.59812486369573,0.717900906650002,0.655872302018781,1.56086916578718,14.2109953644415,1.3101559364085,5.09313984124567,1.1214521248501,5.84542510754383,3.71521208194274,1.56811266406639,,,6.03504891119771,2.4615686312778,5.31660185923611,37.2273720790427,0.72249363362937,0.741399689890784,5.54143723738863,1.19397292648041,1.984938221654,2.20564171328576
2023-09,1.18023450796586,1.40416528644418,2.06650585584622,0.698736461629933,0.524314818721266,1.31113666146991,1.19959079828459,0.678128011692973,1.53013949285537,1.78890650900952,1.52528073582709,5.37929717720107,0.548221976798601,22.0864458469184,0.759333136133539,0.371171715441404,1.01868120192763,4.23970775458893,3.55621710942437,6.001655326344,12.9834838364954,0.498679957878399,0.529781710183968,26.7773243575663,3.55049517863945,0.209391442307063,0.781583026628143,,38.5359996084343,2.52768911224661,0.960596785002894,0.89699070189526,1.37932716130505,2.39745530145778,3.12769851622522,1.20334167495604,2.95248408850548,1.29944153508822,0.688150019179925,1.10379743720772,0.72643039418209,1.56409516394586,14.5537507822992,1.2197536852328,5.51638696491947,1.3489767836712,5.87987407670265,3.38585877975372,1.39916548208042,,,6.0138503936921,2.38067747887059,4.99050936310446,40.0521731648328,0.832766873324899,1.04890440984846,5.30328196418313,1.02661349076275,2.06411599368711,2.40082263164192
2023-10,0.929970402065627,1.31162271489316,2.02940552500198,0.714577959326467,0.515770281164177,1.06485000919289,1.12921996194153,0.428416613757902,0.955345107940143,0.803496314081316,1.49296263786118,4.45295205331381,0.449341370065589,23.0949568324042,0.77282258724008,0.318322893572265,0.901914920934753,2.80015565498918,3.78947880528786,6.25071364334158,12.3649005098559,0.485808849698005,0.529338978560697,24.7196548153737,2.85533958836568,0.247048899556854,0.642029491379828,,30.3844696757373,2.35283978502085,0.710261044908317,0.654778849037154,1.08257166590023,2.04461526996031,3.07321008417087,1.24691891948902,2.24859878132624,0.962382412590944,0.595987463289675,0.425475656905564,0.635759100986721,1.55802823750544,14.9810186624913,1.1443922237089,5.44066244505615,1.19069743621576,5.61619840814342,3.68578551704471,1.36632077951079,,,5.77044865868639,2.27760345010638,4.96738858162089,40.3892246611504,0.745975772271954,0.595128372724726,5.1555784141004,1.00701559315059,2.08277415261063,2.31354851840621
2023-11,0.951551954042878,1.32970146811003,2.15729944813695,0.681275562375972,0.474817088728853,1.13991587910719,1.10903276904267,0.375304744618076,0.764179294665294,0.599308873574678,1.39852209697233,4.3747008490059,0.426254798195676,21.7262242228292,0.760515910217661,0.325929795286681,0.897200025604277,2.72746368475347,3.28898654812274,5.72913877320694,12.9056974600989,0.479442484927172,0.489051187150949,21.7057705992788,2.52108270226567,0.188539081001444,0.617257840538841,,29.340294778425,2.57031158015169,0.523954790439461,0.557206971024234,0.929047398572391,1.87464835857258,3.16448081827776,1.26814576475237,1.9643495474581,1.03907323124356,0.633710252934904,0.36210126425345,0.637593431287376,1.49949809018369,15.0169818048424,1.16435959769409,4.86484167809673,0.951763862198791,5.59359211521354,3.11548638989034,1.15840936200864,,,6.13722920246085,2.25163506381372,4.88780387670881,40.5991279950168,0.72832449911147,0.578540506567911,4.9568614821701,0.853051050276961,2.12027060909479,2.37676639375333
2023-12,0.888931697782258,1.39939060769314,2.13803249125535,0.709306967144776,0.492471319274807,1.01621261817849,1.18539311865456,0.348528927678904,0.969453855191728,0.740567600120554,1.37715851859195,4.09260111726022,0.45694852126166,20.7345186515592,0.631684939219708,0.288483889461774,0.959166982822876,2.95307364796648,3.38328863327717,5.33627559614706,12.0625961568065,0.473566181032162,0.501989277767832,21.7142879818256,2.70007942950914,0.216495286957961,0.579460142231952,,29.3767544685572,2.25179341813771,0.578061769051666,0.627177174944007,1.1292043722868,1.73163251740208,3.00370389560447,1.22693300874698,2.10849672457539,0.94416497629815,0.57515359034799,0.368289851652228,0.625999089959148,1.49849785364087,14.8694677522606,1.06265552702841,4.92719712755243,1.11528793374279,5.58790600823155,2.99168100654905,1.09528044539928,,,5.91960078647381,2.00825773419035,4.73320638025038,37.7448128743429,0.711896575858849,0.628316836921008,4.70962816393659,0.78056536885698,2.01776745334423,2.35810695999349
2024-01,0.881733579223569,1.40723870632814,1.82921733120453,0.641920641971232,0.464754814669161,0.88512151376906,1.11079764183426,0.33960317873735,0.598709724071896,0.567360897955484,1.35879219117459,3.4324519764399,0.373370379625218,19.5941746480126,0.674471603703979,0.24503228196071,0.803073124976426,2.77512185097725,3.35959987681232,4.61030917530345,11.7989798334067,0.470153963165131,0.465960125339884,19.048814039958,2.41415038365717,0.196367388349715,0.560366305148456,,22.6032281351416,1.97606405788391,0.36955559547061,0.410604357745391,0.819864231706033,1.55419069028408,3.50448546499633,1.26535557416301,1.93321100988959,0.85233863997333,0.579512540414766,0.369345641965112,0.582454812194649,1.5127994803108,14.4620740978692,1.05717730846983,4.33483732572705,1.13636283614624,5.3216050809025,2.52033933755442,0.956613712615963,,,4.96315007381743,1.90934055086822,4.67383029356502,39.4926282486602,0.713938995057246,0.616486439456713,4.73003019977144,0.824177228074374,2.25423343484463,2.38017132042625
2024-02,0.7751037400121,1.26079989280605,1.72214348707269,0.668077922149518,0.43682077644811,0.846110810716348,0.947471456689364,0.250391358730655,0.553820940833806,0.35214018602914,1.39458513480102,3.4275454759346,0.352518124228417,17.7381451447383,0.563406136891714,0.272853660649328,0.883096044598659,2.98069792302806,3.21271577351458,4.27005158027629,11.3598497210997,0.439964042017352,0.455765619124858,18.4179971626878,2.32543640757959,0.173841391383691,0.664344083172744,,22.2198600679684,1.73631792393084,0.329170770953264,0.441307705387752,0.904007174537535,1.3780416362809,3.14611963134267,1.22046955298982,1.92434913273758,0.847933855035274,0.594260724140074,0.308649600972576,0.563956773878641,1.39918394077338,14.0760335616454,0.813398361194061,4.64332051859889,1.13280231806862,5.27469882589206,2.37523438583524,0.841626225977864,,,4.91327874472454,1.80179441796132,3.92093316973628,37.2681653885145,0.685413397801916,0.474763532721405,4.14821533673058,0.815228279431487,2.15056944673797,2.42772264550477
2024-03,0.907681267397762,1.29979460583884,1.52015566928802,0.591703085259637,0.409816326623778,0.905509062123985,0.910252118571776,0.26061789960942,0.608536792098828,0.444798479047057,1.31485382345624,3.54213767413232,0.395706042435988,19.2822963257691,0.661670557892151,0.250504399151974,0.852693193420392,3.38194841126219,3.18763496184445,4.9948469658473,11.1750646613854,0.406449154231643,0.432693080675251,18.6970993607944,2.33350346333717,0.158709133117016,0.598490327615065,,22.52804948818,1.98809976636098,0.36110891079063,0.464879316265637,0.93658743783343,1.63958926239254,3.05354244466706,1.19482086997191,1.78633620844378,0.859150144819741,0.563649326250551,0.395716055909156,0.538479707689132,1.38515164991603,14.1814835875313,0.949823647752966,4.50232837854748,1.06018046948133,5.43199270814309,2.58238395679235,1.04426406886868,,,5.17264890461956,1.93379860355135,4.31297929891806,36.5103134813224,0.643126235585137,0.51009340701374,4.71945944479753,0.843397265465468,2.00395896247057,2.29101864417153
2024-04,1.0088624427852,1.30657619492455,1.80843670804988,0.615455243560955,0.45592289644359,0.968181786005982,0.971869676738538,0.305922572356396,0.92805541808883,4.24985786127687,1.36226367187771,3.70099578467008,0.394742631371059,18.9575968851737,0.58972023987116,0.261192711534972,0.91963609331417,2.91672307702043,3.18525057778048,5.28136782807741,11.9101721086551,0.409617380209044,0.448324911561917,20.3986935386196,2.64264342025797,0.159093177490323,0.649129729659399,,28.7291179885513,1.93777950944907,2.35453591938548,0.549660941178937,1.54721572798174,1.50467622256752,3.0768795496776,1.19084207463658,2.10259655750011,0.91850723190679,0.587115870982124,0.443450869833085,0.567579156781306,1.39651869807401,13.7158552443803,1.06373999773943,4.2850870982102,0.977375177745398,5.40759940758321,2.74908962693907,1.08048396576373,,,5.23104056059857,1.86741939483376,4.44869212164671,39.6644849320975,0.623871047565501,0.574131984454636,4.41466430478065,0.858996058708333,2.11665248290919,2.47574039650684
2024-05,0.896511904504544,1.23695714196237,1.73748003740312,0.603502755634751,0.440525889558657,0.853442713316442,1.00697800342456,0.221511597514839,0.666609146421666,0.448934072926575,1.28474862475329,3.36370064963882,0.302191324105978,18.9984475045104,0.610848575334999,0.234627178006729,0.801445052682398,2.35933160096518,3.07370587713362,5.02756716686559,11.564798157582,0.392666679414468,0.453625117430032,19.1846050428347,2.43318019442393,0.162015908774598,0.571468131716234,,20.0981759340586,1.77837362238343,0.359824668475394,0.4470587791833,0.900601885847439,1.48812800266548,3.58530652088769,1.16326197693655,1.78689109855961,0.802918885810932,0.631100175623809,0.246166928405653,0.520801047236395,1.30551012348234,14.1344382954761,0.87038827068865,3.83824842815296,0.882973617464444,5.32752265658466,2.74217771060237,0.866690777454884,,,5.32013242692143,2.02260607245057,4.24820403653718,37.9298401531502,0.675011371570434,0.453176904036188,4.38893839898954,0.894478783484894,2.04189042752198,2.39188910175251
2024-06,1.00815882952324,1.25482029774336,1.69188907811979,0.597013334105711,0.43751821281605,0.909211816891885,0.970047128261294,0.220899310628178,0.563724955771961,0.466108489880514,1.27990728862368,3.30474610648959,0.301285301370897,19.1632454751615,0.6003036369487,0.219665428197555,0.893852522822852,2.35774550684848,2.77452845945031,4.85998571610806,11.5891623451633,0.368691987710149,0.407734830471006,20.4021182508925,2.39108969403016,0.134831135715534,0.593270364637477,,24.5849774244724,1.86310817072098,0.354931787180513,0.410612021942211,0.976314500472486,1.41022953007492,3.048926950881,1.14128495667916,1.92957801596768,0.827458907771501,0.538754009628435,0.273781590531418,0.569888970329223,1.29831188472526,14.2260130522776,0.915711227602019,3.79387271527313,0.911380195266659,5.33906023666276,2.72491225719826,0.878472847427137,,,5.20630265775627,2.06081350855254,3.9297730870275,37.0679338013319,0.653951805419759,0.518823876291639,4.50712251438604,0.884404339722985,1.97627533345816,2.30933487913487
2024-07,0.969631876964051,1.10367547228764,1.60401032150776,0.536824928732669,0.384758812184845,0.785005115671779,0.974205658488887,0.229069243550459,0.72783644608878,0.527249763977767,1.13954204189068,3.37420441080552,0.308819567820954,18.3576401811848,0.667449727620222,0.224730046005933,0.889544638120887,2.30044731322645,3.02649030917393,4.50751305358953,11.1466647737866,0.399727087774155,0.399606431459827,20.0830005234581,2.48305226366695,0.149610976554648,0.607558862274812,,21.2562097185592,1.75151153483352,0.391946891968834,0.386491741495696,0.930889529945221,1.33849713941795,3.25909951521031,1.15045036299164,1.77842666912432,0.863529618953522,0.589274591045673,0.382403920397539,0.530117335059621,1.32290851719576,13.3745181131249,0.88104301499091,3.96987330720243,0.907346531885153,5.02692285784875,2.6249249629272,0.874994062988028,,,5.04996346461387,2.11918886151427,4.20881078076439,30.4246607354868,0.671741547266535,0.59473417694997,4.45013189272853,0.850135231781237,2.04724948240249,2.23847013950509
2024-08,1.23275624894932,1.34573964314681,1.71855133952014,0.604042209411891,0.394496025104385,0.989985951179419,0.929867347050812,0.25128639203919,0.892870086808649,0.663185365339288,1.29539201893725,3.48226317157098,0.346660407997948,19.7084439591009,0.570412509844166,0.298965477275566,1.07107623425406,2.3814927229634,3.13692530127927,4.48795713154755,11.1917319948729,0.387027223723209,0.431079958304918,21.4060994844956,3.3653459792207,0.154313311355327,0.78864646200379,,25.3878414668257,1.83998646075007,0.455116262437437,0.513596113988996,1.07553574078596,1.40152646120894,3.11656233666413,1.17447598175507,2.0517845468673,1.02036997380315,0.708177094097484,0.425488993554234,0.538716221276027,1.35032314277094,14.4222506555624,0.851343113080447,5.03412844278972,1.1442291620256,4.81036886645997,2.5799471384277,0.89020534118097,,,5.16430824064385,1.97345653002834,4.15711272850427,36.8738558286656,0.645546075356262,0.856327821532907,4.45343560193825,0.742230214856924,2.17592361144522,2.33955388436065
2024-09,1.35342652937581,1.61591663309488,1.77095055805304,0.576124500003738,0.438934324916066,1.09805735630535,0.982756098088435,0.299349540513238,1.01841198861622,0.597852849799712,1.28114832822669,3.03415652526731,0.351493731922107,19.4421437214386,0.697787003495391,0.314109042919638,1.08500676737154,2.34044086791965,3.18814060737174,4.18400604768671,11.0455823846063,0.417532851714339,0.415099174945841,22.1868181066847,3.73696285537639,0.143871601319547,0.792137543256534,,26.1966822148484,1.87817348935878,0.484916828686156,0.463172224483724,1.01221922053167,1.40673038731417,3.22044929483625,1.2727565723133,2.62997819091088,1.3245290594329,0.660176598937252,0.500041220634438,0.595338967461199,1.35432521186311,15.1650783434988,1.10383670063207,5.37537609604316,1.31802848552426,4.5945094776316,2.47381445365845,0.906677927080338,,,5.03616135080126,1.94171249532159,4.56703737955264,34.5520901806984,0.67808726548422,1.07894418702317,5.06513560831473,0.881001645738407,2.03824823759817,2.25559141743093
2024-10,1.11533472373915,1.43849033553006,1.75825056064005,0.616954049729498,0.403494363053775,0.911566676582665,0.990844857347225,0.214305932436348,0.56416312292969,0.429538404284036,1.25678385072233,3.04732820399825,0.304509497837051,17.5568661394556,0.650027677912275,0.28179788402038,1.0545329733352,3.31013799802825,2.96939636931826,3.85251864438128,11.2383488262465,0.419492246555076,0.421746785965233,18.76614129726,2.92806485364512,0.150585966146423,0.718844358023601,,22.6152650789832,1.7455264936666,0.369317123353172,0.386658799241377,0.840511846652483,1.3289419047381,3.46103049179096,1.28220802335745,1.92346698478864,0.982533640475655,0.593590407360653,0.366625506716572,0.562876580951141,1.2962992534844,14.6613183771848,0.895623005699823,5.21114033504955,1.05644526885506,4.45056073781063,2.40917636724781,0.790326681664956,,,4.64743758265154,1.42132859051098,4.31390360004461,35.0871603474816,0.64806452016171,0.689762485559359,5.02016163798298,0.789499275226715,2.09176319823386,2.32685900613458
2024-11,1.1434211034935,1.86593297406156,1.75952517204187,0.563324373850588,0.428794733864659,1.00874739942084,1.07556910505379,0.276602035064119,1.06913447825925,1.15282610504745,1.26001448516125,3.09624122623711,0.309405750636808,17.2887186594975,0.634645584671965,0.398836705844607,1.11286312647243,2.45270540074167,2.91966548118226,3.26298652983587,11.3032871323916,0.425606022299885,0.448157835083655,19.180398363081,3.29574502758982,0.152294659426335,0.652341680916187,,24.0346374818687,1.63721299509172,0.494731773676914,0.37002688798498,1.03480985347531,1.30932534566768,3.26510239869779,1.289534465802,1.91664202144633,0.86934493550531,0.551481014775477,0.37200233489758,0.571900734905618,1.3441267417084,14.7115766563284,0.845170974948949,5.27006882997167,1.21274581802272,4.2976032641944,2.33052031839947,0.687709147273834,,,3.89941677897117,1.16555289223102,4.04385403632445,35.5104977721366,0.675344611737752,0.775026833287181,4.59548280439416,0.770874037820421,2.02188980288944,2.34866700827449
2024-12,0.776135595424124,1.42368248498795,1.85223060857812,0.632555356639108,0.415465752885636,0.861554328332141,0.997782188181989,0.243592476845461,0.772600479925366,0.426204664445328,1.38562022860147,3.01297206787019,0.24903533845067,16.469874602621,0.680769349966593,0.266732153437535,1.10201195459501,2.17816436020198,2.85143839064025,3.38515107083064,11.6877240180353,0.398438369790863,0.443621231941686,16.0471496732377,2.05809737726939,0.156947979012158,0.680025028509274,,17.9538036804307,1.44305781448345,0.303848430155218,0.258778374571423,0.749461163905644,1.27083113174046,3.38042483606236,1.3043688903888,1.67324052289782,0.643934341260068,0.522617981291261,0.331857549408134,0.543887775549998,1.26724357004565,14.7231842627363,0.777733052429407,4.56219327904592,1.0801166430736,4.1701130822592,1.91981646108734,0.616584594442524,,,3.66765576993148,1.00631609770763,4.07910097832052,34.933923903684,0.739782235223316,0.364981691891357,4.41019190735011,0.838273046110177,2.1702563619772,2.31975298955471
2025-01,0.744461497946722,1.60586198257648,1.94514630985326,0.663575545998021,0.423335735932813,0.858824681038011,0.973575067851013,0.214105322741614,0.758017856283912,0.393002710658555,1.35439599975241,3.00191137001076,0.271464384683073,16.7427244980965,0.626109629202145,0.329574865344643,1.16412746273584,2.16350194028426,2.6596455035446,3.22729353517475,11.6546696874004,0.374293110134401,0.44745262755594,17.0025019704516,2.61501453278384,0.200340567059196,0.655086899711971,,19.8939993795946,1.40268914298261,0.354947733893963,0.385949166509455,0.989600636684274,1.21503260851818,3.39859949060966,1.32860301369295,1.62376043839165,0.714357950155393,0.483315750857415,0.23390306001852,0.568383367134204,1.35523934265893,15.630097966433,0.743517118421941,4.92004576193182,0.91809219008457,4.0260966011229,1.86744048284049,0.666546640905735,,,3.95357810118975,1.19643085897146,3.95666609558725,33.8637967871445,0.716263007583886,0.450041163298554,4.43326200503443,0.820001000579782,1.98923501522527,2.19343091949065
2025-02,0.817626335803691,1.52886488082573,1.83883524005801,0.665145276258234,0.426921036244855,0.833227677296932,0.990163993319505,0.300698303353589,0.825732575725211,0.580177358429454,1.35361062268548,3.21237450477233,0.306537394070893,16.995159170665,0.669544335398508,0.331508339364731,1.01067159911989,2.16822270297759,2.5548624355746,3.43347697891917,11.2934218115311,0.364199425813212,0.486665064240131,17.4788320441422,2.51309189691935,0.188861925197666,0.627284475321827,,22.0111039796656,1.68802797948422,0.478741677396965,0.499044104433868,1.18589309122628,1.27564569831447,3.48322574245902,1.28914905391321,1.7681165135759,0.851003366477354,0.511645939981332,0.295775819767393,0.549800235380136,1.25743244061371,14.8608916589094,0.874348120138119,5.14472036452812,0.960866747381409,3.88936691830148,1.93125103966947,0.730493260339142,,,3.82193018792437,1.25640380246231,3.84431827360086,33.2779447385794,0.660305632207378,0.630656275653505,4.2029307935381,0.800534767742066,2.15447274537476,2.31642105913524
2025-03,1.01410281628737,1.41263698080592,1.66972794307907,0.629782039734446,0.459842155014053,0.805053949267912,1.08705027508916,0.254454185031398,0.59256842004295,0.453250669101464,1.32910376948263,2.87852580928644,0.276402532994594,16.6429334680907,0.599295826417556,0.30561456752962,1.04247977054371,2.00129971303626,2.41017663091656,3.59822796974319,11.680223066744,0.34341499303081,0.438097686919954,17.2885364087155,2.69330839557973,0.184734986455348,0.604731908675283,,20.387771674546,1.52883122639244,0.373400216178688,0.484251566898089,1.10800926573053,1.24951780042558,3.40422950535101,1.34973337145231,1.70723006408049,0.780322563365217,0.504094911634092,0.2686501549641,0.569763882343174,1.19916712883605,15.2149629369162,0.761613161669629,4.84922382739731,0.955556648727691,3.78034260664913,1.95883768221549,0.710374212114379,,,3.59253995844076,1.26116017839041,3.63877162467392,33.5028305812657,0.701054248711763,0.625725966505515,3.84501114794735,0.794563199821621,2.16712090890385,2.20886349215697
2025-04,1.01255385011361,1.40127137915573,1.63058151643136,0.580323551782985,0.355216143583144,0.977894360121317,0.907628621915696,0.223518930315426,0.606453672637101,0.556631499144967,1.19739792441475,2.86086384867477,0.24517525489728,17.2521924065717,0.606295984519977,0.286527466942721,0.930153517136286,2.08692995444074,2.25321451945231,3.6292199434316,10.8348232360968,0.342562565300001,0.427663848431769,18.1650676448333,3.00370444430051,0.219091047730181,0.633264886829646,,21.5172598086262,1.62042079633938,0.41377160018727,0.528571738685781,1.36754840046904,1.37113760323502,3.43371394714539,1.33138348071476,1.86942477571506,1.03098827983825,0.626777108376543,0.344664914269627,0.536972708552718,1.17671661538302,16.6562612962714,0.785518441747353,4.65051922765388,0.929029455934113,3.68501363509245,1.94056999106292,0.770764357745663,,,3.61620252341412,1.1947165778214,3.55929268692385,29.952023304789,0.668670605452188,0.748939216803841,4.25143791313036,0.872486934187392,2.20734290983165,2.41777278000054
2025-05,1.2458236898096,1.58272233080864,1.5184005145349,0.515628006125068,0.363925408634204,1.07396300524085,0.762134226974551,0.271071106903631,0.776186145099466,0.789917020786353,1.18893589728484,3.02190701973798,0.319403886198541,17.0737791587566,0.639112117217076,0.352328944255918,1.04374623950349,2.23341788786603,2.0603806844762,3.16789889592956,10.5259163386728,0.321465072127091,0.351157417192967,19.5953516283465,3.38685405688076,0.21626417959005,0.606887353095268,,22.8792479763694,1.53374720950491,0.551475196814441,0.589446763248336,1.2280777284364,1.31351917791013,3.37866293639702,1.37771018176422,2.13743222772464,1.16460897561962,0.576655898047385,0.368792595393114,0.583273661320823,1.04328511750585,16.2698570598271,0.825608886079917,4.84097072374337,1.01555267545162,3.12272773608436,2.12979875361659,0.618230117504062,,,3.42119321944271,1.08853721374899,3.62258989058077,29.2557312833073,0.601868532673009,0.888534990260626,4.26811899238713,0.830665614386016,1.92293771946659,2.22127361790281
2025-06,1.03119470493669,1.50697944717077,1.65025476119507,0.59025288037491,0.373613810382644,1.26193330129187,0.826675245205582,0.299379753243964,1.18792419011852,1.05777060968293,1.22637153334053,3.26889872041278,0.335468549056929,18.0361296340511,0.566082679416101,0.412730142482498,0.995405267645131,2.58291073504837,2.47290672619542,3.78656848297867,11.0209969882379,0.310538492028156,0.437196087440534,20.0731939701842,3.29917647419427,0.272251309728547,0.645168473256288,,24.5242175960284,1.6876219100901,0.791017366400868,0.848134305667454,1.37945019036144,1.46196584397009,3.73343623066177,1.56091730387183,2.18145829471889,1.00663957124448,0.782403015114041,0.40314981872437,0.497956385568946,1.09805421128448,16.6976365954356,0.865098974519769,5.47467604566235,0.976459970948045,3.68758488624901,2.22415937812552,0.762215244049961,,,3.63845510958429,1.07668173660423,3.79933363278248,30.7698058698538,0.593978835720544,0.970684697309693,4.20239858967216,0.897471535719761,2.45662601845909,2.64737715617866
2025-07,1.76303054800385,2.62499763528825,2.17825041435329,0.611529294393331,0.396056476913121,1.64020866100442,1.20740947304864,0.396315909507543,2.05901634808513,1.01354411050919,1.25639837598861,3.54501720951982,0.353672896878617,18.6220114563794,0.646774447511075,1.9927639056847,1.2188648747515,2.05112142602327,2.77017237296588,3.63328598068315,12.197200066416,0.314811528408164,0.476867656400158,29.9977990896952,5.27992460974543,1.55102286711263,1.37774750951094,,26.0459196917658,1.80384858717754,0.660920152663658,0.812146084007333,1.55468554984277,1.78013568497592,3.80630492662922,1.7785314736614,5.63952073428374,1.17030413609175,1.1668123336442,0.467702776598103,0.545933188875893,1.12732700361355,18.2022628101389,1.0699236914278,11.526587000868,2.40442219477566,3.45294405963036,2.13558870361327,0.64899514056886,,,3.43795619224929,0.90463194570539,4.16081099558261,32.1249902844002,0.634050994064258,0.971849758063668,4.62672112316489,1.08065424911029,2.61303980166507,3.12449891968446
2025-08,1.06302268606405,1.9553093867042,1.95113024244228,0.58372423888292,0.361552249254626,1.51927699376927,1.08587708996484,0.261698543145146,1.50303938183148,0.651410366080688,1.2778671307253,3.43484810564117,0.357206800307204,17.3052814523455,0.660084586772334,1.35562360556823,1.15826130662191,2.35277423138248,2.69409572055193,3.1948576806149,12.1567339455977,0.320422644365859,0.40388831141184,22.1619776058719,3.96560850034958,0.88616256341227,1.03748224863613,,22.6433443613701,1.58051730749965,0.575157678678344,0.704348270902882,1.47420205228089,1.57367782479324,4.00299299889855,1.80199510373862,4.16029647424691,1.15439957155682,0.925986869219851,0.436403634392381,0.57735109503878,1.10399649525109,16.5814537436422,1.17183762547979,8.74311583131922,1.96665160115097,3.94098651693872,2.14108197544502,0.68997995485519,,,3.4005649784692,0.921653091236453,4.37288503877782,37.6505102411301,0.655274283613016,0.779463178081278,4.89514033253354,0.929108164566137,3.09636437729062,3.1099696676372
2025-09,1.01138072150511,1.71489562751204,1.87966776652246,0.592894836748582,0.342433896385345,1.5475424529383,1.00718875787099,0.202574272572398,0.985156722559381,0.615006795763096,1.25177076146345,3.60726251231146,0.335906348701385,16.8345108216987,0.596876410219844,0.687279870359085,1.03842851884068,2.19745371377324,2.47114961741002,2.63204509504,12.2807400947435,0.291971478713301,0.420018676650309,21.4541619795178,3.42154227115742,0.454935405123843,0.815818521416196,,21.6439235246122,1.48583454489843,0.40367759155489,0.499719128859675,1.39263005430746,1.50054171448334,3.60595988399568,1.78114049736873,2.42522459510972,0.902397237875152,0.711108357151701,0.511188707328366,0.537673126204879,1.05837589223841,14.1937387045279,0.931493098666899,6.53064517278298,1.10907280570658,3.16307848728016,2.07579534471742,0.670280896062699,,,3.35534019658415,0.914495384971432,4.36642441348967,30.2249428160427,0.641015636069668,0.825504631984551,4.59470244795974,0.917848248410216,1.97946497012585,2.32473561204005
2025-10,0.988158577952865,1.71321170474935,1.97538065573577,0.587426912991733,0.365995830549632,1.3747076798611,1.09574962441604,0.195361742202165,0.887069860112794,0.44110430283013,1.29295553980251,3.07263850570411,0.327695645862448,15.9675156991359,0.604429709185079,0.707083155904778,0.994246966598856,2.15554934394415,2.36985442752468,3.12241591090616,12.4076057628315,0.287734763102057,0.432663876702615,21.1614560710249,3.71074792189973,0.716897451094328,0.650570156276374,,20.139190102094,1.35390345241212,0.366570848953452,0.476587986476487,1.51442755367687,1.45855875889609,3.6094181758117,1.59541896577908,2.82040296302595,0.810009743762629,0.794383888014757,0.360143208549621,0.555793701179524,1.07599349895343,14.0221428798677,0.88736419952712,7.49173694717889,1.42099754898082,3.65542221943473,2.42986832651873,0.664163761867365,,,3.3529410483466,0.757674702289202,4.36636410113245,34.1756986627659,0.678097601852165,0.637960484687122,4.64669139431262,0.904466847058078,2.27941478629874,2.47289123980304
2025-11,1.39970886986963,3.64851525556622,2.08603569444638,0.633899419987566,0.353620263662186,1.87774825031046,1.04192107589145,0.295213400502447,1.9615252393099,0.757118105034672,1.38857766394135,4.1108228523313,0.437281958953315,16.6019581898672,0.695314676339004,1.57727646053513,1.36456551883424,2.10496546786397,2.59179834352119,3.3667992129851,12.2054376751474,0.29444913506786,0.446778621547115,29.9871169079616,4.96760325050903,4.77207354846087,1.18090095303528,,22.1853087558596,1.39332090142005,0.513548218680516,1.83818669298522,1.8326853144934,1.59393631938358,3.99393471682765,2.05316214810583,5.03212974623673,1.44627329291173,1.05264817696102,0.526653276746991,0.549747163516066,1.05686265273341,16.8459716410843,0.912859947941766,16.1008215180875,2.82391164568687,3.99106359061284,2.12685671112733,0.727092117551083,,,3.26507964973335,0.830492721731506,4.8614787112904,33.9914271759895,0.72018630746019,0.983774718664279,4.94125924094389,1.33172894706717,2.56146678026961,3.15493342111499
2025-12,2.2109497915157,4.71948863824999,2.13523149867537,0.605491803420078,0.370626461775995,2.71018409295951,1.03613989619348,0.388974288209047,2.93275662862666,1.08921569715177,1.39913726593018,4.80116115421727,0.634579463733495,16.6028569390928,0.726569594685731,2.45421254152162,1.77713415375468,2.17508686372473,2.5256382657526,3.64615692909749,12.7402359654721,0.302095320633742,0.504628194860578,32.8632250931509,6.81924279590439,4.78724925513429,1.53143042785131,,26.5796849575199,1.51870011002639,0.846445803676909,2.83948940373387,2.22015022992437,1.76994120269861,5.34527746727413,2.37155288288418,8.17165561568144,1.88625388127909,1.56670832779141,0.656504194448364,0.537243066626651,1.04239505413358,18.1063871277951,1.03473188649375,17.4745172815509,4.2314546274946,3.80331611433211,2.22810249710273,0.712339599409103,,,3.42529851533743,0.841756475795181,4.85673973104099,36.3607215792075,0.749631371952541,1.64550639897942,5.34012838227386,1.3905203380641,4.02979960520576,4.39171043838416
2026-01,1.93535542679279,4.02809009205418,1.8465245595962,0.546308511510903,0.352332713174387,2.84944869698155,0.954407510417101,0.459568151542374,3.3664414745075,1.07175358291404,1.27840865744119,4.54216191563959,0.549319780087469,17.0103531296956,0.817382888357524,2.36735223864047,1.45124014485385,2.12599420719563,2.47228305254253,3.76995269762599,11.5657337455594,0.251543223210207,0.467903193028198,32.5914556679132,6.11489571881032,2.21016241762584,1.22839687299511,,27.318967662734,1.48639671235361,0.835763657356986,1.821255984146,2.19486679063714,1.750664144817,4.92364017036066,2.31871978140173,6.22469299648651,1.87646272079561,1.38125567976371,0.72377820660975,0.536618351121554,1.00775987942017,18.8452650432885,0.92905122811471,17.9080475283233,3.6167474377418,4.1557984202142,2.27280840674184,0.713625927846667,,,3.41895040721727,1.11490563793443,5.02580888092929,36.4799131854705,0.609883299893183,2.05634749810941,5.6912059760967,1.30435602900045,3.67368668363609,3.80184171828459
2026-02,1.84469735073004,4.01888054839794,2.31115076306226,0.550037875803637,0.366964218719771,2.80758114587967,1.31736316593123,0.402754185581616,2.96008572982941,0.919814044476261,1.31250860030737,4.17300022744205,0.52617499175098,14.9776388192647,0.654832351192221,2.02079265940349,1.32941403085164,1.70149009016607,2.36786800871139,2.99732713366946,13.2132935898825,0.29783206295098,0.489115604115183,30.4799086108036,6.00727548668373,1.65669747058846,1.11335575722574,,23.8936710712481,1.16723005423547,0.636683676962634,1.33291503244765,1.84977404108507,1.66548685573841,3.92115212407593,2.59262909155447,4.91371810665039,1.69377663743565,1.12215901904446,0.672667293063277,0.495415044194859,1.04614661863841,20.0456368354079,0.817827797411873,16.5046942698113,2.20625902220784,3.44378444452905,1.7307716485379,0.616347927199895,,,3.25747069336178,0.787052669335776,5.33106371246958,36.1475269044288,0.716328316212737,1.48820214017046,6.054141259526,1.46093301124668,3.28722848195561,2.96781915231421
2026-03,8.18356654967726,12.0515398575112,3.33831182505133,1.98958988773729,0.82922442058587,8.76002087277285,2.40050405966646,1.90561799489999,10.0900218295903,7.22797317723302,2.40058464916613,8.06129832600043,1.35395262024211,36.9672680790972,2.0031211663467,4.62623093519745,3.31705283885212,6.85806026286352,3.75671760043321,14.3168483380113,16.4522495021245,0.397329292036306,1.00924149408988,91.9335449064129,20.5427372528023,5.14736723879847,3.49382212454744,,115.659434879065,6.5842250729373,5.46096476355429,7.74122690178741,12.4187201675831,4.22543140864533,7.12904191569694,2.94858081777707,18.8687765984395,7.54540464629304,2.98317729421566,4.6485516071071,0.687912404097879,1.14387304244154,21.8560964321328,3.10371117332094,38.3945886838162,8.93256780090653,8.66211322268442,6.06448457023092,2.13893867689686,,,7.3897212502184,2.70251489447555,6.48307417103728,35.5972463939378,0.881284111717986,9.79105143261894,9.35342089699555,3.72415073081425,5.55480970420201,3.9747197877385
2026-04,5.34147747308383,5.54963110564927,4.18660157773537,2.33788683368034,0.958197778739534,5.8139183885171,2.64890913841393,0.751404807026294,4.73373757137836,4.12031778023878,2.81411844646893,7.31116781787306,0.903824751207925,31.6302353295521,1.12137105286719,3.11137072419425,1.90825308622384,5.41755689413421,4.45140288297394,9.28701267902429,16.7748965143095,0.400064543855254,1.20412431958485,66.4468563682253,14.399151535005,2.52470287856884,1.85731209822538,,82.2839468888538,3.79778287646132,2.92141953153058,4.50098826344052,7.6382090248962,3.20205227444371,4.98569270881643,3.35254337675531,12.2125995303016,4.76734336330462,2.17855719121703,2.94976503882357,0.701760960209056,1.23975259855375,29.8315520409366,2.69702662975881,20.8914559307985,3.87883499730932,7.2028511859992,4.65836448866092,1.75071094786245,,,6.4193386631913,1.79470490309447,6.62310383429576,35.6980283589071,0.918314329144549,6.08657906639843,8.400929224159,2.93093110252803,3.42009235486268,3.20532778023315
2026-05,5.53244582551506,4.87688846136163,4.16268035475047,2.44675946064739,1.01580928656878,6.37097075132261,2.68901471475187,0.853497352184772,4.59571306561553,3.5486465696869,3.12634593220513,7.53609141594804,0.976515203263697,31.3450784061761,1.17992954599166,2.65264441822802,1.97002990224331,5.59428088505989,3.77978002313257,10.3020144586692,17.7276893803594,0.404015226023123,1.28652293467062,67.2767635399386,13.9425006095203,1.9867918270519,1.62308262669815,,88.118262092846,4.41341979238568,2.64657910811159,4.16990883601182,9.11433281009945,3.36912617375069,4.88344305685864,3.14152895500735,9.99183411446644,4.32498807871804,2.48884179808535,3.73196312077172,0.65453481368461,1.14594518053182,27.6992651435172,3.25772989272454,20.45159339961,3.78846475776925,8.57498705363869,5.70716341964903,1.9810583467179,,,7.45971274927017,2.27864982202065,6.99865024314014,35.9966695157105,1.18067555260682,4.95874593880249,8.18677143099697,2.91764281886642,3.43162850775637,3.48632976467411
2026-06,5.43380196095685,5.00807126939198,3.95250838146465,2.51191233251988,0.96681666703363,4.98252898521032,2.65650702356523,0.529363164153519,3.46277253986452,1.82204346301984,2.89925471213451,6.20073646706992,0.625029678894015,25.9170967331271,1.08671231271562,2.59404692697398,1.64138308396719,3.97252946781357,3.24060393221756,7.03336724106207,16.2344628509352,0.427095853593006,1.31254055851824,55.3549488836076,11.8052624260445,2.34553720553332,1.23908417988565,,55.2510333549076,2.92469087532272,1.1433457611514,3.669960694816,6.85619538399429,2.81375818027082,5.19055687548546,3.19599637914045,10.3034021455312,4.78767179046691,2.30704445523181,1.96913330284547,0.583315075262198,1.08831989851645,27.0825416445157,2.00250251704078,18.2543456911572,3.93440224277866,6.46689227963114,4.01591011754053,1.26490894448405,,,5.33165762645858,1.54227221280203,6.20625712562995,34.5439123389392,1.07359489022264,3.34213006239418,7.84233794305037,2.19598212402748,3.30079620680811,3.3819998974425
2026-07,5.62523618192463,4.343841151103,4.05703463687665,2.68454671377142,1.24197898178909,3.55492610000097,2.72810821478795,0.458997551635351,3.03219900797211,1.32774248290508,3.09898804291813,5.34879587784813,0.492957493370224,22.9951683377355,0.859895079695115,2.89536412001303,1.34993268100193,3.42471110608618,2.65946855095854,5.57304109220095,15.6056970499872,0.416170789948832,1.78512912694112,43.7167352297776,10.2265122904618,2.33523022906078,1.15820533536408,,42.5436707970984,2.30354061056765,0.763043060053877,3.60875714961412,5.25839751216226,2.42107226000911,4.12192697475719,2.17089828619058,9.7836621957453,3.97815776784612,1.52453662401203,1.42546493840362,0.656970214896341,1.05633480869839,20.5789657099001,1.29454498160471,15.401077225297,3.76978012416346,5.14046027172525,3.44483832799539,1.1766967526067,,,5.24231699877746,1.44118382674708,4.95848924699257,33.9564076229245,1.08381112451695,2.94009425029656,6.88825958167781,1.93862405539064,3.1177498127324,3.0741886197737
2026-08,1.96390772817882,2.33863208315215,3.85749508815031,2.5340787016341,1.22214713718277,1.98935113790527,2.58840818318878,0.38701927710934,1.90204647037088,1.0443597863665,2.99618571265922,5.35420219884232,0.488072521227236,21.8514888832951,0.778122060683066,1.42940697451054,1.3280036074159,3.28903379187176,2.63839447999191,5.2230967528128,15.6024654975602,0.407153777144155,1.5836865612895,33.166515173321,5.00628076981821,0.535526247047615,0.972919782813567,,42.4310069961451,2.26655082978154,0.742190653804281,1.57652162414083,2.96728631685145,2.16803312287035,4.41482042545102,1.71113436364788,5.26405552594108,2.28324363711933,0.93912564117272,1.03207494586434,0.620486458613958,0.962973548669588,19.239734301536,1.44562615936628,10.7220416589957,2.25631952129367,4.73959000311582,2.91907550551527,0.906022707493102,,,5.07508948141935,1.3893817437862,4.90338933637584,32.4488914865767,1.05071663016456,1.61876544414527,6.44352492875082,1.57252704552144,2.97190887766711,2.79911541991224
