time [UTC],average gas prices,average price of gas,best gas mileage,best gas mileage car,best gas mileage cars,best gas prices,best suv gas mileage,ca gas prices,california gas price,california gas prices,car gas mileage,cheap gas,cheap gas prices,costco gas,costco gasoline,current gas price,gallon of gas price,gas buddy,gas calculator,gas costco price,gas mileage,gas mileage calculator,gas mileage for cars,gas price average,gas price news,gas price per gallon,gas price today,gas prices,gas prices costco,gas prices in california,gas prices news,gas prices today,gas station prices,gasoline can,gasoline engine,gasoline price,gasoline prices,gasoline tax,high gas prices,jeep gas mileage,mileage calculator,mobil,ohio gas prices,price of gas,price of gasoline,sam's club gas,sam's club gas price,sam's club gas prices,sam's gas price,sam's gas prices,sams gas,sams gas price,shell gas,speedway,subaru gas mileage,us gas prices,walmart gas,walmart gas price,what is gasoline,what is in gasoline
2010-01-01,0.16666666666666666,0.0,0.3333333333333333,0.0,0.16666666666666666,0.0,0.0,0.0,0.0,0.0,0.3333333333333333,0.5,0.0,0.16666666666666666,0.0,0.0,0.0,0.16666666666666666,0.5,0.0,3.0,0.16666666666666666,0.0,0.16666666666666666,0.0,0.0,0.0,2.3333333333333335,0.0,0.0,0.0,0.0,0.0,0.0,0.16666666666666666,0.16666666666666666,0.16666666666666666,0.0,0.0,0.16666666666666666,0.5,3.1666666666666665,0.0,0.3333333333333333,0.0,0.0,0.0,0.0,0.0,0.0,0.0,0.0,0.6666666666666666,4.5,0.0,0.0,0.16666666666666666,0.0,0.16666666666666666,0.0
2010-02-01,0.16666666666666666,0.0,0.3333333333333333,0.0,0.16666666666666666,0.0,0.0,0.0,0.0,0.0,0.3333333333333333,0.5,0.0,0.16666666666666666,0.0,0.0,0.0,0.16666666666666666,0.5,0.0,3.0,0.16666666666666666,0.0,0.16666666666666666,0.0,0.0,0.0,2.5,0.0,0.0,0.0,0.0,0.0,0.0,0.0,0.16666666666666666,0.16666666666666666,0.0,0.0,0.16666666666666666,0.5,3.3333333333333335,0.0,0.3333333333333333,0.0,0.0,0.0,0.0,0.0,0.0,0.0,0.0,0.5,6.166666666666667,0.0,0.0,0.16666666666666666,0.0,0.16666666666666666,0.0
2010-03-01,0.16666666666666666,0.0,0.3333333333333333,0.0,0.16666666666666666,0.0,0.0,0.0,0.0,0.0,0.3333333333333333,0.5,0.0,0.16666666666666666,0.0,0.0,0.0,0.16666666666666666,0.5,0.0,3.1666666666666665,0.16666666666666666,0.0,0.16666666666666666,0.0,0.0,0.0,2.3333333333333335,0.0,0.0,0.0,0.0,0.0,0.0,0.16666666666666666,0.16666666666666666,0.16666666666666666,0.0,0.0,0.16666666666666666,0.6666666666666666,3.3333333333333335,0.0,0.3333333333333333,0.0,0.0,0.0,0.0,0.0,0.0,0.0,0.0,0.5,6.666666666666667,0.0,0.0,0.16666666666666666,0.0,0.16666666666666666,0.0
2010-04-01,0.16666666666666666,0.0,0.3333333333333333,0.0,0.16666666666666666,0.0,0.0,0.0,0.0,0.0,0.3333333333333333,0.5,0.0,0.16666666666666666,0.0,0.0,0.0,0.16666666666666666,0.5,0.0,3.1666666666666665,0.16666666666666666,0.0,0.16666666666666666,0.0,0.0,0.0,2.3333333333333335,0.0,0.0,0.0,0.0,0.0,0.0,0.16666666666666666,0.16666666666666666,0.16666666666666666,0.0,0.0,0.16666666666666666,0.6666666666666666,3.5,0.0,0.3333333333333333,0.0,0.0,0.0,0.0,0.0,0.0,0.0,0.0,0.5,8.0,0.0,0.0,0.16666666666666666,0.0,0.16666666666666666,0.0
2010-05-01,0.14285714285714285,0.0,0.2857142857142857,0.0,0.14285714285714285,0.0,0.14285714285714285,0.0,0.0,0.0,0.42857142857142855,0.5714285714285714,0.0,0.14285714285714285,0.0,0.0,0.0,0.14285714285714285,0.42857142857142855,0.0,2.857142857142857,0.14285714285714285,0.0,0.14285714285714285,0.0,0.0,0.0,2.6666666666666665,0.0,0.0,0.0,0.0,0.0,0.0,0.14285714285714285,0.14285714285714285,0.14285714285714285,0.0,0.0,0.14285714285714285,0.42857142857142855,3.0,0.0,0.2857142857142857,0.0,0.0,0.0,0.0,0.0,0.0,0.0,0.0,0.5714285714285714,8.142857142857142,0.0,0.0,0.2857142857142857,0.0,0.14285714285714285,0.0
2010-06-01,0.16666666666666666,0.0,0.3333333333333333,0.0,0.16666666666666666,0.0,0.16666666666666666,0.0,0.0,0.0,0.5,0.6666666666666666,0.0,0.16666666666666666,0.0,0.0,0.0,0.16666666666666666,0.5,0.0,3.1666666666666665,0.16666666666666666,0.0,0.16666666666666666,0.0,0.0,0.0,2.3333333333333335,0.0,0.0,0.0,0.0,0.0,0.0,0.0,0.0,0.16666666666666666,0.0,0.0,0.16666666666666666,0.6666666666666666,3.6666666666666665,0.0,0.3333333333333333,0.0,0.0,0.0,0.0,0.0,0.0,0.0,0.0,0.6666666666666666,9.833333333333334,0.0,0.0,0.16666666666666666,0.0,0.16666666666666666,0.0
2010-07-01,0.0,0.0,0.4,0.0,0.2,0.0,0.2,0.0,0.0,0.0,0.4,0.8,0.0,0.2,0.0,0.0,0.0,0.2,0.6,0.0,3.8,0.2,0.0,0.2,0.0,0.0,0.0,3.0,0.0,0.0,0.0,0.0,0.0,0.0,0.0,0.0,0.2,0.0,0.0,0.2,0.6,8.4,0.0,0.2,0.0,0.0,0.0,0.0,0.0,0.0,0.0,0.0,0.8,11.8,0.0,0.0,0.2,0.0,0.0,0.0
2010-08-01,0.0,0.0,0.4,0.0,0.2,0.0,0.0,0.0,0.0,0.0,0.4,0.6,0.0,0.2,0.0,0.0,0.0,0.2,0.4,0.0,3.4,0.2,0.0,0.2,0.0,0.0,0.0,2.5,0.0,0.0,0.0,0.0,0.0,0.0,0.0,0.0,0.2,0.0,0.0,0.2,0.6,9.0,0.0,0.2,0.0,0.0,0.0,0.0,0.0,0.0,0.0,0.0,0.8,11.2,0.0,0.0,0.2,0.0,0.0,0.0
2010-09-01,0.0,0.0,0.4,0.0,0.2,0.0,0.0,0.0,0.0,0.0,0.4,0.6,0.0,0.2,0.0,0.0,0.0,0.2,0.4,0.0,2.8,0.0,0.0,0.2,0.0,0.0,0.0,3.0,0.0,0.0,0.0,0.0,0.0,0.0,0.0,0.2,0.2,0.0,0.0,0.2,0.6,9.0,0.0,0.2,0.0,0.0,0.0,0.0,0.0,0.0,0.0,0.0,0.8,9.4,0.0,0.0,0.2,0.0,0.2,0.0
2010-10-01,0.0,0.0,0.4,0.0,0.2,0.0,0.0,0.0,0.0,0.0,0.2,0.8,0.0,0.2,0.0,0.0,0.0,0.2,0.4,0.0,2.8,0.2,0.0,0.2,0.0,0.0,0.0,3.0,0.0,0.0,0.0,0.0,0.0,0.0,0.0,0.2,0.2,0.0,0.0,0.2,0.6,8.2,0.0,0.4,0.0,0.0,0.0,0.0,0.0,0.0,0.0,0.0,0.8,7.2,0.0,0.0,0.2,0.0,0.2,0.0
2010-11-01,0.0,0.0,0.4,0.0,0.2,0.0,0.0,0.0,0.0,0.0,0.2,0.8,0.0,0.2,0.0,0.0,0.0,0.2,0.6,0.0,2.6,0.2,0.0,0.2,0.0,0.0,0.0,3.5,0.0,0.0,0.0,0.0,0.0,0.0,0.0,0.2,0.2,0.0,0.0,0.2,0.6,8.6,0.0,0.4,0.0,0.0,0.0,0.0,0.0,0.0,0.0,0.0,0.8,5.0,0.0,0.0,0.2,0.0,0.2,0.0
2010-12-01,0.0,0.0,0.2857142857142857,0.0,0.14285714285714285,0.0,0.14285714285714285,0.0,0.0,0.0,0.2857142857142857,0.7142857142857143,0.14285714285714285,0.14285714285714285,0.0,0.0,0.0,0.2857142857142857,0.42857142857142855,0.0,2.2857142857142856,0.14285714285714285,0.0,0.14285714285714285,0.0,0.0,0.0,3.0,0.0,0.0,0.0,0.0,0.0,0.0,0.0,0.14285714285714285,0.14285714285714285,0.0,0.0,0.14285714285714285,0.42857142857142855,6.571428571428571,0.0,0.2857142857142857,0.0,0.0,0.0,0.0,0.0,0.0,0.0,0.0,0.7142857142857143,3.142857142857143,0.0,0.0,0.2857142857142857,0.0,0.14285714285714285,0.0
2011-01-01,0.125,0.0,0.375,0.125,0.125,0.0,0.125,0.0,0.0,0.0,0.375,0.625,0.125,0.25,0.0,0.0,0.0,0.25,0.5,0.0,3.0,0.125,0.125,0.125,0.0,0.0,0.0,3.6666666666666665,0.0,0.0,0.0,0.0,0.0,0.125,0.125,0.125,0.125,0.0,0.0,0.125,0.5,3.625,0.125,0.25,0.0,0.0,0.0,0.0,0.0,0.0,0.125,0.0,0.625,3.5,0.125,0.0,0.25,0.0,0.125,0.0
2011-02-01,0.08333333333333333,0.08333333333333333,0.3333333333333333,0.08333333333333333,0.16666666666666666,0.08333333333333333,0.08333333333333333,0.08333333333333333,0.0,0.08333333333333333,0.25,0.5833333333333334,0.08333333333333333,0.16666666666666666,0.0,0.0,0.0,0.25,0.3333333333333333,0.0,2.25,0.08333333333333333,0.08333333333333333,0.08333333333333333,0.0,0.0,0.0,3.8,0.0,0.0,0.08333333333333333,0.0,0.0,0.08333333333333333,0.08333333333333333,0.08333333333333333,0.16666666666666666,0.0,0.08333333333333333,0.08333333333333333,0.3333333333333333,2.3333333333333335,0.08333333333333333,0.25,0.08333333333333333,0.0,0.0,0.0,0.0,0.0,0.08333333333333333,0.0,0.3333333333333333,3.25,0.08333333333333333,0.08333333333333333,0.16666666666666666,0.0,0.08333333333333333,0.0
2011-03-01,0.0625,0.0625,0.3125,0.0625,0.125,0.0625,0.0625,0.0625,0.0,0.0625,0.1875,0.6875,0.125,0.1875,0.0,0.0,0.0,0.3125,0.3125,0.0,2.375,0.0625,0.0625,0.125,0.0,0.0,0.0,4.142857142857143,0.0625,0.0625,0.0625,0.0,0.0625,0.0625,0.0625,0.0625,0.125,0.0,0.125,0.0625,0.25,1.9375,0.0625,0.25,0.0625,0.0,0.0,0.0,0.0,0.0,0.0625,0.0,0.3125,2.9375,0.0625,0.125,0.125,0.0,0.0625,0.0
2011-04-01,0.1111111111111111,0.05555555555555555,0.3333333333333333,0.05555555555555555,0.16666666666666666,0.05555555555555555,0.05555555555555555,0.05555555555555555,0.0,0.05555555555555555,0.2222222222222222,0.6111111111111112,0.1111111111111111,0.16666666666666666,0.0,0.0,0.05555555555555555,0.2777777777777778,0.3333333333333333,0.0,2.2222222222222223,0.1111111111111111,0.05555555555555555,0.1111111111111111,0.0,0.0,0.0,3.75,0.05555555555555555,0.05555555555555555,0.05555555555555555,0.0,0.05555555555555555,0.05555555555555555,0.05555555555555555,0.1111111111111111,0.1111111111111111,0.05555555555555555,0.16666666666666666,0.05555555555555555,0.2222222222222222,1.6666666666666667,0.05555555555555555,0.2777777777777778,0.05555555555555555,0.0,0.0,0.0,0.0,0.0,0.05555555555555555,0.0,0.2777777777777778,2.9444444444444446,0.058823529411764705,0.1111111111111111,0.1111111111111111,0.0,0.05555555555555555,0.0
2011-05-01,0.058823529411764705,0.058823529411764705,0.35294117647058826,0.058823529411764705,0.11764705882352941,0.058823529411764705,0.058823529411764705,0.058823529411764705,0.0,0.058823529411764705,0.23529411764705882,0.6470588235294118,0.11764705882352941,0.17647058823529413,0.0,0.0,0.058823529411764705,0.4117647058823529,0.35294117647058826,0.0,2.2941176470588234,0.11764705882352941,0.058823529411764705,0.11764705882352941,0.0,0.0,0.0,4.0,0.058823529411764705,0.0,0.058823529411764705,0.058823529411764705,0.058823529411764705,0.058823529411764705,0.058823529411764705,0.058823529411764705,0.11764705882352941,0.0,0.11764705882352941,0.11764705882352941,0.23529411764705882,1.8823529411764706,0.058823529411764705,0.23529411764705882,0.058823529411764705,0.0,0.0,0.0,0.0,0.0,0.058823529411764705,0.0,0.29411764705882354,3.764705882352941,0.058823529411764705,0.058823529411764705,0.17647058823529413,0.0,0.058823529411764705,0.0
2011-06-01,0.09090909090909091,0.09090909090909091,0.36363636363636365,0.09090909090909091,0.18181818181818182,0.09090909090909091,0.09090909090909091,0.0,0.0,0.0,0.2727272727272727,0.7272727272727273,0.09090909090909091,0.2727272727272727,0.0,0.0,0.0,0.45454545454545453,0.5454545454545454,0.0,3.0,0.09090909090909091,0.09090909090909091,0.09090909090909091,0.0,0.0,0.0,3.4,0.09090909090909091,0.0,0.0,0.0,0.09090909090909091,0.09090909090909091,0.09090909090909091,0.09090909090909091,0.09090909090909091,0.0,0.09090909090909091,0.09090909090909091,0.36363636363636365,3.0,0.09090909090909091,0.2727272727272727,0.0,0.0,0.0,0.0,0.0,0.0,0.09090909090909091,0.0,0.45454545454545453,6.181818181818182,0.1,0.09090909090909091,0.2727272727272727,0.0,0.09090909090909091,0.0
2011-07-01,0.1111111111111111,0.1111111111111111,0.5555555555555556,0.1111111111111111,0.2222222222222222,0.1111111111111111,0.1111111111111111,0.0,0.0,0.0,0.3333333333333333,0.8888888888888888,0.1111111111111111,0.3333333333333333,0.0,0.0,0.0,0.5555555555555556,0.5555555555555556,0.0,3.6666666666666665,0.1111111111111111,0.1111111111111111,0.1111111111111111,0.0,0.0,0.0,3.5,0.1111111111111111,0.0,0.0,0.0,0.0,0.1111111111111111,0.0,0.1111111111111111,0.1111111111111111,0.0,0.1111111111111111,0.1111111111111111,0.4444444444444444,4.111111111111111,0.1111111111111111,0.2222222222222222,0.0,0.0,0.0,0.0,0.0,0.0,0.1111111111111111,0.0,0.5555555555555556,8.222222222222221,0.1111111111111111,0.1111111111111111,0.3333333333333333,0.0,0.1111111111111111,0.0
2011-08-01,0.1,0.1,0.4,0.1,0.1,0.1,0.1,0.0,0.0,0.0,0.3,0.6,0.1,0.2,0.0,0.0,0.0,0.5,0.5,0.0,2.9,0.1,0.1,0.1,0.0,0.0,0.0,3.5,0.0,0.0,0.0,0.0,0.0,0.1,0.1,0.1,0.1,0.0,0.0,0.1,0.3,3.4,0.1,0.3,0.0,0.0,0.0,0.0,0.0,0.0,0.1,0.0,0.5,6.0,0.1111111111111111,0.0,0.2,0.0,0.1,0.0
2011-09-01,0.125,0.125,0.5,0.125,0.125,0.125,0.125,0.0,0.0,0.0,0.375,0.75,0.125,0.25,0.0,0.0,0.0,0.5,0.5,0.0,3.375,0.125,0.125,0.125,0.0,0.0,0.0,3.0,0.125,0.0,0.0,0.0,0.0,0.125,0.125,0.125,0.125,0.0,0.0,0.125,0.375,4.0,0.125,0.375,0.0,0.0,0.0,0.0,0.0,0.0,0.125,0.0,0.625,7.0,0.1111111111111111,0.0,0.25,0.0,0.125,0.0
2011-10-01,0.125,0.125,0.375,0.125,0.125,0.0,0.125,0.0,0.0,0.0,0.25,0.625,0.125,0.25,0.0,0.0,0.0,0.625,0.5,0.0,2.875,0.125,0.125,0.125,0.0,0.0,0.0,3.6666666666666665,0.0,0.0,0.0,0.0,0.0,0.125,0.125,0.125,0.125,0.0,0.0,0.125,0.375,4.0,0.125,0.375,0.0,0.0,0.0,0.0,0.0,0.0,0.125,0.0,0.625,5.5,0.125,0.0,0.25,0.0,0.125,0.0
2011-11-01,0.14285714285714285,0.14285714285714285,0.42857142857142855,0.14285714285714285,0.14285714285714285,0.0,0.14285714285714285,0.0,0.0,0.0,0.2857142857142857,0.7142857142857143,0.14285714285714285,0.2857142857142857,0.0,0.0,0.0,0.5714285714285714,0.5714285714285714,0.0,3.0,0.14285714285714285,0.0,0.14285714285714285,0.0,0.0,0.0,3.0,0.0,0.0,0.0,0.0,0.0,0.14285714285714285,0.0,0.14285714285714285,0.14285714285714285,0.0,0.0,0.14285714285714285,0.42857142857142855,4.142857142857143,0.14285714285714285,0.2857142857142857,0.0,0.0,0.0,0.0,0.0,0.0,0.14285714285714285,0.0,0.5714285714285714,4.714285714285714,0.0,0.0,0.2857142857142857,0.0,0.14285714285714285,0.0
2011-12-01,0.14285714285714285,0.0,0.2857142857142857,0.0,0.14285714285714285,0.0,0.14285714285714285,0.0,0.0,0.0,0.2857142857142857,0.7142857142857143,0.14285714285714285,0.2857142857142857,0.0,0.0,0.0,0.5714285714285714,0.5714285714285714,0.0,2.857142857142857,0.14285714285714285,0.0,0.14285714285714285,0.0,0.0,0.0,3.0,0.0,0.0,0.0,0.0,0.0,0.0,0.0,0.14285714285714285,0.14285714285714285,0.0,0.0,0.14285714285714285,0.42857142857142855,4.285714285714286,0.14285714285714285,0.2857142857142857,0.0,0.0,0.0,0.0,0.0,0.0,0.14285714285714285,0.0,0.7142857142857143,3.7142857142857144,0.0,0.0,0.2857142857142857,0.0,0.14285714285714285,0.0
2012-01-01,0.1,0.1,0.3,0.1,0.1,0.0,0.1,0.0,0.0,0.0,0.2,0.5,0.1,0.2,0.0,0.0,0.0,0.4,0.4,0.0,2.4,0.1,0.1,0.1,0.0,0.0,0.0,3.0,0.0,0.0,0.0,0.0,0.0,0.1,0.1,0.1,0.1,0.0,0.0,0.1,0.4,2.9,0.1,0.3,0.0,0.0,0.0,0.0,0.0,0.0,0.1,0.0,0.5,2.9,0.1111111111111111,0.0,0.2,0.0,0.1,0.0
2012-02-01,0.11764705882352941,0.058823529411764705,0.29411764705882354,0.058823529411764705,0.11764705882352941,0.058823529411764705,0.058823529411764705,0.058823529411764705,0.0,0.058823529411764705,0.17647058823529413,0.47058823529411764,0.058823529411764705,0.17647058823529413,0.0,0.0,0.058823529411764705,0.23529411764705882,0.35294117647058826,0.0,1.8235294117647058,0.058823529411764705,0.058823529411764705,0.17647058823529413,0.0,0.0,0.0,3.2857142857142856,0.058823529411764705,0.058823529411764705,0.058823529411764705,0.0,0.0,0.058823529411764705,0.058823529411764705,0.11764705882352941,0.11764705882352941,0.0,0.11764705882352941,0.058823529411764705,0.23529411764705882,1.7647058823529411,0.058823529411764705,0.29411764705882354,0.058823529411764705,0.0,0.0,0.0,0.0,0.0,0.058823529411764705,0.0,0.29411764705882354,2.176470588235294,0.0625,0.058823529411764705,0.11764705882352941,0.0,0.058823529411764705,0.0
2012-03-01,0.11764705882352941,0.058823529411764705,0.29411764705882354,0.058823529411764705,0.11764705882352941,0.058823529411764705,0.058823529411764705,0.058823529411764705,0.0,0.058823529411764705,0.17647058823529413,0.5294117647058824,0.058823529411764705,0.17647058823529413,0.0,0.0,0.058823529411764705,0.29411764705882354,0.35294117647058826,0.0,2.0588235294117645,0.058823529411764705,0.058823529411764705,0.17647058823529413,0.0,0.0,0.0,3.5714285714285716,0.058823529411764705,0.058823529411764705,0.058823529411764705,0.0,0.058823529411764705,0.058823529411764705,0.058823529411764705,0.11764705882352941,0.11764705882352941,0.0,0.11764705882352941,0.058823529411764705,0.23529411764705882,1.6470588235294117,0.058823529411764705,0.29411764705882354,0.058823529411764705,0.0,0.0,0.0,0.0,0.0,0.058823529411764705,0.0,0.29411764705882354,2.823529411764706,0.058823529411764705,0.11764705882352941,0.11764705882352941,0.0,0.058823529411764705,0.0
2012-04-01,0.08333333333333333,0.08333333333333333,0.4166666666666667,0.08333333333333333,0.16666666666666666,0.08333333333333333,0.08333333333333333,0.08333333333333333,0.0,0.08333333333333333,0.25,0.6666666666666666,0.08333333333333333,0.25,0.0,0.0,0.08333333333333333,0.25,0.4166666666666667,0.0,2.9166666666666665,0.08333333333333333,0.08333333333333333,0.16666666666666666,0.0,0.0,0.0,3.4,0.08333333333333333,0.0,0.0,0.0,0.0,0.08333333333333333,0.08333333333333333,0.08333333333333333,0.08333333333333333,0.0,0.08333333333333333,0.08333333333333333,0.3333333333333333,2.4166666666666665,0.08333333333333333,0.3333333333333333,0.08333333333333333,0.0,0.0,0.0,0.0,0.0,0.08333333333333333,0.0,0.4166666666666667,4.833333333333333,0.07692307692307693,0.08333333333333333,0.16666666666666666,0.0,0.08333333333333333,0.0
2012-05-01,0.09090909090909091,0.09090909090909091,0.36363636363636365,0.09090909090909091,0.18181818181818182,0.09090909090909091,0.09090909090909091,0.09090909090909091,0.0,0.09090909090909091,0.2727272727272727,0.6363636363636364,0.09090909090909091,0.2727272727272727,0.0,0.0,0.0,0.36363636363636365,0.5454545454545454,0.0,2.727272727272727,0.09090909090909091,0.09090909090909091,0.18181818181818182,0.0,0.0,0.0,2.8,0.09090909090909091,0.0,0.0,0.0,0.0,0.09090909090909091,0.09090909090909091,0.09090909090909091,0.09090909090909091,0.0,0.09090909090909091,0.09090909090909091,0.36363636363636365,2.5454545454545454,0.09090909090909091,0.2727272727272727,0.0,0.0,0.0,0.0,0.0,0.0,0.09090909090909091,0.0,0.5454545454545454,5.818181818181818,0.09090909090909091,0.09090909090909091,0.18181818181818182,0.0,0.09090909090909091,0.0
2012-06-01,0.09090909090909091,0.09090909090909091,0.36363636363636365,0.09090909090909091,0.18181818181818182,0.09090909090909091,0.09090909090909091,0.09090909090909091,0.0,0.09090909090909091,0.2727272727272727,0.7272727272727273,0.09090909090909091,0.2727272727272727,0.0,0.0,0.0,0.36363636363636365,0.45454545454545453,0.0,2.6363636363636362,0.09090909090909091,0.09090909090909091,0.09090909090909091,0.0,0.0,0.0,3.0,0.09090909090909091,0.0,0.0,0.0,0.0,0.09090909090909091,0.0,0.09090909090909091,0.09090909090909091,0.0,0.0,0.09090909090909091,0.36363636363636365,2.6363636363636362,0.09090909090909091,0.2727272727272727,0.0,0.0,0.0,0.0,0.0,0.0,0.09090909090909091,0.0,0.5454545454545454,6.2727272727272725,0.09090909090909091,0.09090909090909091,0.2727272727272727,0.0,0.09090909090909091,0.0
2012-07-01,0.1111111111111111,0.1111111111111111,0.4444444444444444,0.1111111111111111,0.1111111111111111,0.1111111111111111,0.1111111111111111,0.1111111111111111,0.0,0.0,0.3333333333333333,0.7777777777777778,0.1111111111111111,0.3333333333333333,0.0,0.0,0.0,0.3333333333333333,0.5555555555555556,0.0,3.2222222222222223,0.1111111111111111,0.1111111111111111,0.1111111111111111,0.0,0.0,0.0,3.0,0.1111111111111111,0.0,0.0,0.0,0.0,0.1111111111111111,0.0,0.1111111111111111,0.1111111111111111,0.0,0.0,0.1111111111111111,0.3333333333333333,3.2222222222222223,0.1111111111111111,0.2222222222222222,0.0,0.0,0.0,0.0,0.0,0.0,0.1111111111111111,0.0,0.6666666666666666,7.333333333333333,0.1111111111111111,0.0,0.2222222222222222,0.0,0.1111111111111111,0.0
2012-08-01,0.1,0.1,0.4,0.1,0.1,0.1,0.1,0.1,0.0,0.0,0.2,0.8,0.1,0.3,0.0,0.0,0.0,0.4,0.4,0.0,2.8,0.1,0.1,0.1,0.0,0.0,0.0,3.0,0.1,0.0,0.0,0.0,0.0,0.1,0.0,0.1,0.1,0.0,0.1,0.1,0.3,2.8,0.1,0.3,0.0,0.0,0.0,0.0,0.0,0.0,0.1,0.0,0.7,5.8,0.09090909090909091,0.1,0.3,0.0,0.1,0.0
2012-09-01,0.08333333333333333,0.08333333333333333,0.3333333333333333,0.08333333333333333,0.08333333333333333,0.08333333333333333,0.08333333333333333,0.0,0.0,0.0,0.16666666666666666,0.5833333333333334,0.08333333333333333,0.25,0.0,0.0,0.0,0.25,0.3333333333333333,0.0,2.25,0.08333333333333333,0.08333333333333333,0.16666666666666666,0.0,0.0,0.0,3.0,0.08333333333333333,0.0,0.0,0.0,0.0,0.08333333333333333,0.08333333333333333,0.08333333333333333,0.08333333333333333,0.0,0.08333333333333333,0.08333333333333333,0.25,2.4166666666666665,0.08333333333333333,0.3333333333333333,0.08333333333333333,0.0,0.0,0.0,0.0,0.0,0.08333333333333333,0.0,0.5,4.25,0.08333333333333333,0.08333333333333333,0.25,0.0,0.08333333333333333,0.08333333333333333
2012-10-01,0.11764705882352941,0.058823529411764705,0.17647058823529413,0.058823529411764705,0.058823529411764705,0.058823529411764705,0.058823529411764705,0.11764705882352941,0.058823529411764705,0.17647058823529413,0.11764705882352941,0.47058823529411764,0.058823529411764705,0.29411764705882354,0.0,0.0,0.058823529411764705,0.23529411764705882,0.23529411764705882,0.058823529411764705,1.3529411764705883,0.058823529411764705,0.0,0.11764705882352941,0.0,0.0,0.0,3.2857142857142856,0.11764705882352941,0.058823529411764705,0.058823529411764705,0.058823529411764705,0.058823529411764705,0.058823529411764705,0.058823529411764705,0.058823529411764705,0.11764705882352941,0.0,0.058823529411764705,0.058823529411764705,0.11764705882352941,1.6470588235294117,0.058823529411764705,0.29411764705882354,0.058823529411764705,0.0,0.0,0.0,0.0,0.0,0.058823529411764705,0.0,0.35294117647058826,2.176470588235294,0.058823529411764705,0.058823529411764705,0.11764705882352941,0.0,0.058823529411764705,0.058823529411764705
2012-11-01,0.09090909090909091,0.09090909090909091,0.2727272727272727,0.09090909090909091,0.09090909090909091,0.09090909090909091,0.09090909090909091,0.09090909090909091,0.0,0.0,0.18181818181818182,0.5454545454545454,0.09090909090909091,0.36363636363636365,0.0,0.0,0.0,0.5454545454545454,0.36363636363636365,0.0,2.0,0.09090909090909091,0.0,0.09090909090909091,0.0,0.0,0.0,2.8,0.09090909090909091,0.0,0.09090909090909091,0.0,0.09090909090909091,0.09090909090909091,0.09090909090909091,0.09090909090909091,0.09090909090909091,0.0,0.0,0.09090909090909091,0.18181818181818182,2.8181818181818183,0.09090909090909091,0.2727272727272727,0.0,0.0,0.0,0.0,0.0,0.0,0.09090909090909091,0.0,0.7272727272727273,2.4545454545454546,0.0,0.09090909090909091,0.2727272727272727,0.0,0.09090909090909091,0.0
2012-12-01,0.125,0.0,0.25,0.0,0.125,0.0,0.125,0.0,0.0,0.0,0.125,0.625,0.125,0.375,0.0,0.0,0.0,0.375,0.375,0.0,2.375,0.125,0.0,0.125,0.0,0.0,0.0,3.0,0.125,0.0,0.0,0.0,0.0,0.125,0.0,0.0,0.125,0.0,0.0,0.125,0.25,3.375,0.125,0.25,0.0,0.0,0.0,0.0,0.0,0.0,0.125,0.0,0.75,3.25,0.0,0.0,0.375,0.0,0.125,0.0
2013-01-01,0.125,0.0,0.375,0.125,0.125,0.0,0.125,0.0,0.0,0.0,0.25,0.625,0.125,0.375,0.0,0.0,0.0,0.25,0.5,0.0,2.5,0.125,0.0,0.125,0.0,0.0,0.0,3.0,0.125,0.0,0.0,0.0,0.0,0.125,0.0,0.125,0.125,0.0,0.0,0.125,0.375,3.375,0.125,0.25,0.0,0.0,0.0,0.0,0.0,0.0,0.125,0.0,0.75,3.25,0.0,0.0,0.25,0.0,0.125,0.0
2013-02-01,0.1,0.1,0.3,0.1,0.1,0.1,0.1,0.1,0.0,0.1,0.2,0.7,0.1,0.3,0.0,0.0,0.0,0.3,0.4,0.0,2.4,0.1,0.0,0.1,0.0,0.0,0.0,3.75,0.1,0.0,0.0,0.0,0.0,0.1,0.1,0.1,0.1,0.0,0.1,0.1,0.3,2.5,0.1,0.3,0.1,0.0,0.0,0.0,0.0,0.0,0.1,0.0,0.5,3.4,0.09090909090909091,0.1,0.2,0.0,0.1,0.1
2013-03-01,0.1111111111111111,0.1111111111111111,0.3333333333333333,0.1111111111111111,0.1111111111111111,0.0,0.1111111111111111,0.1111111111111111,0.0,0.0,0.2222222222222222,0.6666666666666666,0.1111111111111111,0.3333333333333333,0.0,0.0,0.0,0.3333333333333333,0.4444444444444444,0.0,2.6666666666666665,0.1111111111111111,0.1111111111111111,0.1111111111111111,0.0,0.0,0.0,2.5,0.1111111111111111,0.0,0.0,0.0,0.0,0.1111111111111111,0.0,0.1111111111111111,0.1111111111111111,0.0,0.0,0.1111111111111111,0.3333333333333333,3.0,0.1111111111111111,0.3333333333333333,0.0,0.0,0.0,0.0,0.0,0.0,0.1111111111111111,0.0,0.5555555555555556,4.666666666666667,0.125,0.0,0.2222222222222222,0.0,0.1111111111111111,0.0
2013-04-01,0.125,0.125,0.375,0.125,0.125,0.0,0.125,0.0,0.0,0.0,0.25,0.625,0.0,0.375,0.0,0.0,0.0,0.25,0.5,0.0,2.75,0.125,0.125,0.125,0.0,0.0,0.0,3.0,0.125,0.0,0.0,0.0,0.0,0.125,0.125,0.125,0.125,0.0,0.0,0.125,0.375,3.125,0.125,0.25,0.0,0.0,0.0,0.0,0.0,0.0,0.125,0.0,0.625,6.5,0.0,0.0,0.375,0.0,0.125,0.0
2013-05-01,0.1111111111111111,0.1111111111111111,0.3333333333333333,0.1111111111111111,0.1111111111111111,0.0,0.1111111111111111,0.0,0.0,0.0,0.2222222222222222,0.6666666666666666,0.1111111111111111,0.3333333333333333,0.0,0.0,0.0,0.3333333333333333,0.5555555555555556,0.0,2.4444444444444446,0.1111111111111111,0.1111111111111111,0.1111111111111111,0.0,0.0,0.0,3.0,0.1111111111111111,0.0,0.0,0.0,0.0,0.1111111111111111,0.1111111111111111,0.1111111111111111,0.1111111111111111,0.0,0.1111111111111111,0.1111111111111111,0.3333333333333333,2.7777777777777777,0.1111111111111111,0.3333333333333333,0.0,0.0,0.0,0.0,0.0,0.0,0.1111111111111111,0.0,0.5555555555555556,6.111111111111111,0.1111111111111111,0.0,0.3333333333333333,0.0,0.1111111111111111,0.0
2013-06-01,0.1111111111111111,0.0,0.3333333333333333,0.1111111111111111,0.1111111111111111,0.0,0.1111111111111111,0.0,0.0,0.0,0.2222222222222222,0.6666666666666666,0.1111111111111111,0.4444444444444444,0.0,0.0,0.0,0.3333333333333333,0.5555555555555556,0.0,2.6666666666666665,0.1111111111111111,0.1111111111111111,0.1111111111111111,0.0,0.0,0.0,3.0,0.1111111111111111,0.0,0.0,0.0,0.0,0.1111111111111111,0.0,0.1111111111111111,0.1111111111111111,0.0,0.1111111111111111,0.1111111111111111,0.3333333333333333,2.7777777777777777,0.1111111111111111,0.2222222222222222,0.0,0.0,0.0,0.0,0.0,0.0,0.1111111111111111,0.0,0.6666666666666666,7.0,0.0,0.0,0.3333333333333333,0.0,0.1111111111111111,0.0
2013-07-01,0.125,0.0,0.375,0.125,0.125,0.0,0.125,0.0,0.0,0.0,0.25,0.75,0.125,0.5,0.0,0.0,0.0,0.375,0.625,0.0,3.125,0.125,0.125,0.125,0.0,0.0,0.0,2.75,0.125,0.0,0.0,0.0,0.0,0.125,0.0,0.125,0.125,0.0,0.0,0.125,0.375,3.0,0.125,0.25,0.0,0.0,0.0,0.0,0.0,0.0,0.125,0.0,0.75,7.625,0.125,0.0,0.375,0.0,0.125,0.0
2013-08-01,0.14285714285714285,0.0,0.42857142857142855,0.14285714285714285,0.14285714285714285,0.0,0.14285714285714285,0.0,0.0,0.0,0.2857142857142857,0.7142857142857143,0.14285714285714285,0.42857142857142855,0.0,0.0,0.0,0.2857142857142857,0.5714285714285714,0.0,3.4285714285714284,0.14285714285714285,0.14285714285714285,0.14285714285714285,0.0,0.0,0.0,3.0,0.14285714285714285,0.0,0.0,0.0,0.0,0.14285714285714285,0.0,0.0,0.14285714285714285,0.0,0.0,0.14285714285714285,0.42857142857142855,3.5714285714285716,0.14285714285714285,0.2857142857142857,0.0,0.0,0.0,0.0,0.0,0.0,0.14285714285714285,0.0,0.8571428571428571,8.142857142857142,0.14285714285714285,0.0,0.42857142857142855,0.0,0.14285714285714285,0.0
2013-09-01,0.0,0.0,0.375,0.125,0.125,0.0,0.125,0.0,0.0,0.0,0.25,0.625,0.0,0.375,0.0,0.0,0.0,0.25,0.375,0.0,2.625,0.125,0.0,0.125,0.0,0.0,0.0,2.6666666666666665,0.125,0.0,0.0,0.0,0.0,0.125,0.125,0.125,0.125,0.0,0.0,0.125,0.375,2.875,0.0,0.25,0.0,0.0,0.0,0.0,0.0,0.0,0.125,0.0,0.75,6.25,0.0,0.0,0.25,0.0,0.125,0.125
2013-10-01,0.125,0.125,0.375,0.0,0.125,0.0,0.125,0.0,0.0,0.0,0.25,0.5,0.125,0.375,0.0,0.0,0.0,0.25,0.5,0.0,2.375,0.125,0.0,0.125,0.0,0.0,0.0,2.6666666666666665,0.125,0.0,0.0,0.0,0.0,0.125,0.125,0.125,0.125,0.0,0.0,0.125,0.25,2.875,0.125,0.25,0.0,0.0,0.0,0.0,0.0,0.0,0.125,0.0,0.75,4.75,0.0,0.0,0.25,0.0,0.125,0.0
2013-11-01,0.125,0.0,0.25,0.0,0.125,0.0,0.125,0.0,0.0,0.0,0.125,0.625,0.125,0.375,0.0,0.0,0.0,0.375,0.5,0.0,2.125,0.125,0.0,0.125,0.0,0.0,0.0,2.25,0.125,0.0,0.0,0.0,0.0,0.125,0.0,0.125,0.125,0.0,0.0,0.125,0.25,2.875,0.125,0.25,0.0,0.0,0.0,0.0,0.0,0.0,0.125,0.0,0.625,3.375,0.0,0.0,0.375,0.0,0.125,0.0
2013-12-01,0.0,0.0,0.2857142857142857,0.0,0.14285714285714285,0.0,0.14285714285714285,0.0,0.0,0.0,0.14285714285714285,0.5714285714285714,0.0,0.42857142857142855,0.0,0.0,0.0,0.2857142857142857,0.42857142857142855,0.0,2.2857142857142856,0.0,0.0,0.14285714285714285,0.0,0.0,0.0,2.3333333333333335,0.14285714285714285,0.0,0.0,0.0,0.0,0.14285714285714285,0.0,0.0,0.0,0.0,0.0,0.14285714285714285,0.42857142857142855,3.4285714285714284,0.14285714285714285,0.2857142857142857,0.0,0.0,0.0,0.0,0.0,0.0,0.14285714285714285,0.0,1.0,3.5714285714285716,0.0,0.0,0.42857142857142855,0.0,0.14285714285714285,0.0
2014-01-01,0.0,0.0,0.375,0.125,0.125,0.0,0.125,0.0,0.0,0.0,0.25,0.5,0.0,0.375,0.0,0.0,0.0,0.25,0.5,0.0,2.375,0.125,0.0,0.125,0.0,0.0,0.0,2.3333333333333335,0.0,0.0,0.0,0.0,0.0,0.125,0.125,0.0,0.0,0.0,0.0,0.125,0.375,2.875,0.0,0.25,0.0,0.0,0.0,0.0,0.0,0.0,0.0,0.0,0.75,3.375,0.0,0.0,0.25,0.0,0.125,0.0
2014-02-01,0.1111111111111111,0.1111111111111111,0.3333333333333333,0.1111111111111111,0.1111111111111111,0.0,0.1111111111111111,0.0,0.0,0.0,0.2222222222222222,0.4444444444444444,0.0,0.3333333333333333,0.0,0.0,0.0,0.2222222222222222,0.4444444444444444,0.0,2.2222222222222223,0.1111111111111111,0.1111111111111111,0.1111111111111111,0.0,0.0,0.0,2.0,0.1111111111111111,0.0,0.0,0.0,0.0,0.1111111111111111,0.1111111111111111,0.1111111111111111,0.1111111111111111,0.0,0.0,0.1111111111111111,0.3333333333333333,2.5555555555555554,0.1111111111111111,0.3333333333333333,0.1111111111111111,0.0,0.0,0.0,0.0,0.0,0.1111111111111111,0.0,0.5555555555555556,3.5555555555555554,0.125,0.0,0.2222222222222222,0.0,0.1111111111111111,0.1111111111111111
2014-03-01,0.125,0.125,0.375,0.125,0.125,0.0,0.125,0.0,0.0,0.0,0.25,0.625,0.0,0.375,0.0,0.0,0.0,0.25,0.5,0.0,2.625,0.125,0.125,0.125,0.0,0.0,0.0,2.0,0.125,0.0,0.0,0.0,0.0,0.125,0.0,0.125,0.125,0.0,0.0,0.125,0.375,2.875,0.125,0.25,0.0,0.0,0.0,0.0,0.0,0.0,0.125,0.0,0.625,5.25,0.125,0.0,0.25,0.0,0.125,0.0
2014-04-01,0.1111111111111111,0.1111111111111111,0.3333333333333333,0.1111111111111111,0.1111111111111111,0.0,0.1111111111111111,0.0,0.0,0.0,0.2222222222222222,0.6666666666666666,0.1111111111111111,0.4444444444444444,0.0,0.0,0.0,0.2222222222222222,0.4444444444444444,0.0,2.2222222222222223,0.1111111111111111,0.0,0.1111111111111111,0.0,0.0,0.0,2.25,0.1111111111111111,0.0,0.0,0.0,0.0,0.1111111111111111,0.1111111111111111,0.1111111111111111,0.1111111111111111,0.0,0.0,0.1111111111111111,0.3333333333333333,2.7777777777777777,0.1111111111111111,0.3333333333333333,0.0,0.0,0.0,0.0,0.0,0.0,0.1111111111111111,0.0,0.5555555555555556,5.666666666666667,0.1111111111111111,0.0,0.3333333333333333,0.0,0.1111111111111111,0.0
2014-05-01,0.125,0.125,0.375,0.125,0.125,0.0,0.125,0.0,0.0,0.0,0.25,0.625,0.0,0.5,0.0,0.0,0.0,0.25,0.625,0.0,2.75,0.125,0.125,0.125,0.0,0.0,0.0,2.0,0.125,0.0,0.0,0.0,0.0,0.125,0.125,0.125,0.125,0.0,0.0,0.125,0.375,3.875,0.125,0.375,0.0,0.0,0.0,0.0,0.0,0.0,0.125,0.0,0.75,7.75,0.125,0.0,0.375,0.0,0.125,0.125
2014-06-01,0.1111111111111111,0.0,0.3333333333333333,0.1111111111111111,0.1111111111111111,0.0,0.1111111111111111,0.0,0.0,0.0,0.2222222222222222,0.5555555555555556,0.0,0.4444444444444444,0.0,0.0,0.0,0.3333333333333333,0.5555555555555556,0.0,2.4444444444444446,0.1111111111111111,0.0,0.1111111111111111,0.0,0.0,0.0,2.0,0.1111111111111111,0.0,0.0,0.0,0.0,0.1111111111111111,0.1111111111111111,0.1111111111111111,0.1111111111111111,0.0,0.0,0.1111111111111111,0.3333333333333333,4.222222222222222,0.1111111111111111,0.2222222222222222,0.0,0.0,0.0,0.0,0.0,0.0,0.1111111111111111,0.0,0.7777777777777778,6.777777777777778,0.1111111111111111,0.0,0.3333333333333333,0.0,0.1111111111111111,0.0
2014-07-01,0.125,0.0,0.375,0.125,0.125,0.0,0.125,0.0,0.0,0.0,0.25,0.5,0.0,0.5,0.0,0.0,0.0,0.375,0.625,0.0,2.875,0.125,0.125,0.125,0.0,0.0,0.0,2.0,0.125,0.0,0.0,0.0,0.0,0.125,0.0,0.0,0.125,0.0,0.0,0.125,0.375,4.5,0.125,0.25,0.0,0.0,0.0,0.0,0.0,0.0,0.125,0.0,0.875,7.875,0.125,0.0,0.375,0.0,0.125,0.0
2014-08-01,0.0,0.0,0.375,0.125,0.125,0.0,0.125,0.0,0.0,0.0,0.25,0.5,0.0,0.5,0.0,0.0,0.0,0.25,0.5,0.0,2.625,0.125,0.0,0.125,0.0,0.0,0.0,2.3333333333333335,0.125,0.0,0.0,0.0,0.0,0.125,0.125,0.125,0.0,0.0,0.0,0.125,0.375,4.5,0.125,0.25,0.0,0.0,0.0,0.0,0.0,0.0,0.125,0.0,0.875,7.625,0.14285714285714285,0.0,0.375,0.0,0.125,0.0
2014-09-01,0.0,0.0,0.375,0.125,0.125,0.0,0.125,0.0,0.0,0.0,0.25,0.5,0.0,0.5,0.0,0.0,0.0,0.25,0.5,0.0,2.25,0.125,0.0,0.125,0.0,0.0,0.0,2.3333333333333335,0.125,0.0,0.0,0.0,0.0,0.125,0.0,0.125,0.125,0.0,0.0,0.125,0.375,4.5,0.125,0.25,0.125,0.0,0.0,0.0,0.0,0.0,0.125,0.0,0.75,5.625,0.0,0.0,0.375,0.0,0.125,0.125
2014-10-01,0.09090909090909091,0.09090909090909091,0.18181818181818182,0.0,0.09090909090909091,0.0,0.09090909090909091,0.0,0.0,0.0,0.09090909090909091,0.45454545454545453,0.09090909090909091,0.36363636363636365,0.0,0.0,0.0,0.2727272727272727,0.36363636363636365,0.09090909090909091,1.5454545454545454,0.09090909090909091,0.0,0.09090909090909091,0.0,0.0,0.0,2.4,0.09090909090909091,0.0,0.0,0.0,0.09090909090909091,0.09090909090909091,0.09090909090909091,0.09090909090909091,0.09090909090909091,0.0,0.0,0.09090909090909091,0.2727272727272727,3.1818181818181817,0.09090909090909091,0.2727272727272727,0.09090909090909091,0.0,0.0,0.0,0.0,0.0,0.09090909090909091,0.0,0.5454545454545454,3.1818181818181817,0.0,0.09090909090909091,0.2727272727272727,0.0,0.09090909090909091,0.09090909090909091
2014-11-01,0.1,0.1,0.2,0.0,0.1,0.0,0.1,0.0,0.0,0.0,0.1,0.4,0.0,0.5,0.0,0.0,0.0,0.3,0.3,0.1,1.6,0.1,0.0,0.1,0.0,0.0,0.0,2.2,0.1,0.0,0.0,0.0,0.0,0.1,0.0,0.1,0.1,0.0,0.0,0.1,0.3,3.6,0.1,0.3,0.0,0.0,0.0,0.0,0.0,0.0,0.1,0.0,0.5,2.6,0.0,0.1,0.3,0.0,0.1,0.0
2014-12-01,0.06666666666666667,0.06666666666666667,0.13333333333333333,0.0,0.06666666666666667,0.06666666666666667,0.06666666666666667,0.06666666666666667,0.0,0.06666666666666667,0.06666666666666667,0.5333333333333333,0.06666666666666667,0.4,0.0,0.0,0.0,0.26666666666666666,0.26666666666666666,0.06666666666666667,0.9333333333333333,0.06666666666666667,0.0,0.13333333333333333,0.0,0.0,0.0,2.857142857142857,0.06666666666666667,0.0,0.06666666666666667,0.0,0.06666666666666667,0.06666666666666667,0.06666666666666667,0.06666666666666667,0.13333333333333333,0.0,0.0,0.06666666666666667,0.2,2.3333333333333335,0.06666666666666667,0.26666666666666666,0.06666666666666667,0.0,0.0,0.0,0.0,0.0,0.06666666666666667,0.0,0.4666666666666667,1.8,0.0,0.06666666666666667,0.2,0.0,0.06666666666666667,0.0
2015-01-01,0.0625,0.0625,0.125,0.0,0.0625,0.0625,0.0625,0.0,0.0,0.0625,0.0625,0.5,0.0625,0.375,0.0,0.0,0.0625,0.25,0.25,0.0625,0.9375,0.0625,0.0,0.125,0.0,0.0,0.0,2.7142857142857144,0.0625,0.0,0.0625,0.0625,0.0625,0.0625,0.0625,0.0625,0.0625,0.0625,0.0,0.0625,0.1875,2.375,0.0625,0.25,0.0625,0.0,0.0,0.0,0.0,0.0,0.0625,0.0,0.375,1.625,0.0,0.0625,0.1875,0.0,0.0625,0.0625
2015-02-01,0.1,0.1,0.2,0.0,0.1,0.0,0.1,0.0,0.0,0.1,0.1,0.4,0.0,0.4,0.0,0.0,0.0,0.3,0.3,0.1,1.4,0.1,0.0,0.1,0.0,0.0,0.0,2.75,0.1,0.0,0.0,0.0,0.0,0.1,0.1,0.1,0.1,0.0,0.0,0.1,0.3,3.8,0.1,0.3,0.1,0.0,0.0,0.0,0.0,0.0,0.1,0.0,0.5,3.4,0.0,0.0,0.2,0.0,0.1,0.1
2015-03-01,0.1111111111111111,0.1111111111111111,0.2222222222222222,0.0,0.1111111111111111,0.0,0.1111111111111111,0.0,0.0,0.1111111111111111,0.1111111111111111,0.4444444444444444,0.0,0.5555555555555556,0.0,0.0,0.0,0.2222222222222222,0.4444444444444444,0.1111111111111111,1.5555555555555556,0.1111111111111111,0.0,0.1111111111111111,0.0,0.0,0.0,2.25,0.1111111111111111,0.0,0.0,0.0,0.0,0.1111111111111111,0.1111111111111111,0.1111111111111111,0.1111111111111111,0.0,0.0,0.1111111111111111,0.3333333333333333,4.555555555555555,0.0,0.3333333333333333,0.0,0.0,0.0,0.0,0.0,0.0,0.1111111111111111,0.0,0.5555555555555556,5.111111111111111,0.0,0.0,0.2222222222222222,0.0,0.1111111111111111,0.0
2015-04-01,0.125,0.125,0.25,0.0,0.0,0.0,0.0,0.0,0.0,0.0,0.125,0.5,0.0,0.5,0.0,0.0,0.0,0.25,0.5,0.0,1.875,0.0,0.0,0.125,0.0,0.0,0.0,2.0,0.125,0.0,0.0,0.0,0.0,0.125,0.125,0.125,0.125,0.0,0.0,0.125,0.375,4.625,0.0,0.375,0.0,0.0,0.0,0.0,0.0,0.0,0.125,0.0,0.625,6.25,0.0,0.0,0.375,0.0,0.125,0.125
2015-05-01,0.1111111111111111,0.1111111111111111,0.2222222222222222,0.0,0.1111111111111111,0.0,0.1111111111111111,0.0,0.0,0.1111111111111111,0.1111111111111111,0.5555555555555556,0.0,0.5555555555555556,0.0,0.0,0.0,0.3333333333333333,0.4444444444444444,0.0,1.7777777777777777,0.0,0.0,0.1111111111111111,0.0,0.0,0.0,2.25,0.1111111111111111,0.0,0.0,0.0,0.0,0.1111111111111111,0.1111111111111111,0.1111111111111111,0.1111111111111111,0.0,0.0,0.1111111111111111,0.2222222222222222,3.7777777777777777,0.1111111111111111,0.3333333333333333,0.0,0.0,0.0,0.0,0.0,0.0,0.1111111111111111,0.0,0.6666666666666666,6.777777777777778,0.0,0.0,0.3333333333333333,0.0,0.1111111111111111,0.1111111111111111
2015-06-01,0.125,0.0,0.25,0.0,0.125,0.0,0.125,0.0,0.0,0.0,0.125,0.5,0.0,0.625,0.0,0.0,0.0,0.375,0.5,0.0,2.125,0.125,0.0,0.125,0.0,0.0,0.0,2.0,0.125,0.0,0.0,0.0,0.0,0.125,0.125,0.125,0.0,0.0,0.0,0.125,0.375,3.875,0.0,0.25,0.0,0.0,0.0,0.0,0.0,0.0,0.125,0.0,0.75,6.875,0.0,0.0,0.375,0.0,0.125,0.0
2015-07-01,0.1,0.0,0.2,0.0,0.1,0.0,0.1,0.1,0.1,0.2,0.1,0.5,0.0,0.7,0.0,0.0,0.0,0.3,0.4,0.1,1.7,0.1,0.0,0.1,0.0,0.0,0.0,2.75,0.1,0.1,0.0,0.0,0.1,0.1,0.1,0.1,0.1,0.0,0.0,0.1,0.3,2.8,0.1,0.3,0.0,0.0,0.0,0.0,0.0,0.0,0.1,0.0,0.7,6.8,0.1,0.0,0.3,0.0,0.1,0.0
2015-08-01,0.08333333333333333,0.0,0.16666666666666666,0.0,0.08333333333333333,0.0,0.08333333333333333,0.08333333333333333,0.0,0.08333333333333333,0.08333333333333333,0.4166666666666667,0.08333333333333333,0.5833333333333334,0.0,0.0,0.0,0.3333333333333333,0.25,0.08333333333333333,1.3333333333333333,0.0,0.0,0.08333333333333333,0.0,0.0,0.0,2.6,0.08333333333333333,0.0,0.0,0.0,0.08333333333333333,0.08333333333333333,0.0,0.08333333333333333,0.08333333333333333,0.0,0.0,0.08333333333333333,0.25,2.1666666666666665,0.08333333333333333,0.25,0.0,0.0,0.0,0.0,0.0,0.0,0.08333333333333333,0.0,0.5833333333333334,4.916666666666667,0.0,0.0,0.25,0.0,0.08333333333333333,0.0
2015-09-01,0.09090909090909091,0.09090909090909091,0.18181818181818182,0.0,0.09090909090909091,0.0,0.0,0.0,0.0,0.09090909090909091,0.09090909090909091,0.45454545454545453,0.0,0.7272727272727273,0.0,0.0,0.0,0.2727272727272727,0.2727272727272727,0.09090909090909091,1.2727272727272727,0.0,0.0,0.09090909090909091,0.0,0.0,0.0,2.2,0.09090909090909091,0.0,0.0,0.0,0.09090909090909091,0.09090909090909091,0.09090909090909091,0.09090909090909091,0.09090909090909091,0.0,0.0,0.09090909090909091,0.18181818181818182,2.272727272727273,0.09090909090909091,0.2727272727272727,0.09090909090909091,0.0,0.0,0.0,0.0,0.0,0.09090909090909091,0.0,0.5454545454545454,4.545454545454546,0.0,0.0,0.2727272727272727,0.0,0.09090909090909091,0.09090909090909091
2015-10-01,0.1111111111111111,0.0,0.2222222222222222,0.0,0.1111111111111111,0.0,0.0,0.0,0.0,0.0,0.1111111111111111,0.4444444444444444,0.0,0.6666666666666666,0.0,0.0,0.0,0.3333333333333333,0.3333333333333333,0.1111111111111111,1.4444444444444444,0.0,0.0,0.1111111111111111,0.0,0.0,0.0,2.0,0.1111111111111111,0.0,0.0,0.0,0.1111111111111111,0.1111111111111111,0.1111111111111111,0.1111111111111111,0.1111111111111111,0.0,0.0,0.1111111111111111,0.2222222222222222,3.5555555555555554,0.1111111111111111,0.3333333333333333,0.1111111111111111,0.0,0.0,0.0,0.0,0.0,0.1111111111111111,0.0,0.5555555555555556,4.111111111111111,0.0,0.0,0.3333333333333333,0.0,0.1111111111111111,0.1111111111111111
2015-11-01,0.1111111111111111,0.0,0.1111111111111111,0.0,0.0,0.0,0.0,0.0,0.0,0.0,0.1111111111111111,0.4444444444444444,0.0,0.6666666666666666,0.0,0.0,0.0,0.3333333333333333,0.3333333333333333,0.1111111111111111,1.2222222222222223,0.0,0.0,0.1111111111111111,0.0,0.0,0.0,2.25,0.1111111111111111,0.0,0.0,0.0,0.1111111111111111,0.1111111111111111,0.1111111111111111,0.1111111111111111,0.1111111111111111,0.0,0.0,0.1111111111111111,0.2222222222222222,4.222222222222222,0.1111111111111111,0.2222222222222222,0.0,0.0,0.0,0.0,0.0,0.0,0.1111111111111111,0.0,0.5555555555555556,3.2222222222222223,0.0,0.0,0.3333333333333333,0.0,0.1111111111111111,0.1111111111111111
2015-12-01,0.1111111111111111,0.0,0.1111111111111111,0.0,0.0,0.0,0.0,0.0,0.0,0.1111111111111111,0.1111111111111111,0.4444444444444444,0.0,0.5555555555555556,0.0,0.0,0.0,0.3333333333333333,0.3333333333333333,0.1111111111111111,1.2222222222222223,0.0,0.0,0.1111111111111111,0.0,0.0,0.0,2.25,0.1111111111111111,0.0,0.0,0.0,0.0,0.1111111111111111,0.1111111111111111,0.1111111111111111,0.1111111111111111,0.0,0.0,0.1111111111111111,0.2222222222222222,4.333333333333333,0.1111111111111111,0.2222222222222222,0.0,0.0,0.0,0.0,0.0,0.0,0.1111111111111111,0.0,0.6666666666666666,3.0,0.0,0.0,0.3333333333333333,0.0,0.1111111111111111,0.0
2016-01-01,0.08333333333333333,0.08333333333333333,0.08333333333333333,0.0,0.0,0.0,0.0,0.0,0.0,0.08333333333333333,0.08333333333333333,0.4166666666666667,0.0,0.5,0.0,0.0,0.0,0.3333333333333333,0.25,0.08333333333333333,1.0,0.0,0.0,0.08333333333333333,0.0,0.0,0.0,2.4,0.08333333333333333,0.0,0.0,0.0,0.08333333333333333,0.08333333333333333,0.0,0.08333333333333333,0.08333333333333333,0.0,0.0,0.08333333333333333,0.16666666666666666,1.5,0.08333333333333333,0.25,0.08333333333333333,0.08333333333333333,0.0,0.0,0.0,0.0,0.08333333333333333,0.0,0.5833333333333334,2.25,0.0,0.08333333333333333,0.16666666666666666,0.0,0.08333333333333333,0.08333333333333333
2016-02-01,0.09090909090909091,0.09090909090909091,0.09090909090909091,0.0,0.0,0.0,0.0,0.09090909090909091,0.0,0.09090909090909091,0.09090909090909091,0.36363636363636365,0.0,0.5454545454545454,0.0,0.0,0.0,0.45454545454545453,0.2727272727272727,0.09090909090909091,1.0909090909090908,0.0,0.0,0.09090909090909091,0.0,0.0,0.0,2.2,0.09090909090909091,0.0,0.0,0.0,0.09090909090909091,0.09090909090909091,0.09090909090909091,0.09090909090909091,0.09090909090909091,0.0,0.0,0.09090909090909091,0.18181818181818182,1.6363636363636365,0.09090909090909091,0.2727272727272727,0.09090909090909091,0.09090909090909091,0.0,0.0,0.0,0.0,0.09090909090909091,0.0,0.5454545454545454,3.272727272727273,0.0,0.09090909090909091,0.18181818181818182,0.0,0.09090909090909091,0.09090909090909091
2016-03-01,0.1111111111111111,0.0,0.1111111111111111,0.0,0.0,0.0,0.0,0.0,0.0,0.0,0.1111111111111111,0.5555555555555556,0.0,0.5555555555555556,0.0,0.0,0.0,0.4444444444444444,0.3333333333333333,0.1111111111111111,1.3333333333333333,0.0,0.0,0.1111111111111111,0.0,0.0,0.0,2.0,0.1111111111111111,0.0,0.0,0.0,0.0,0.1111111111111111,0.0,0.1111111111111111,0.1111111111111111,0.0,0.0,0.1111111111111111,0.2222222222222222,2.0,0.0,0.3333333333333333,0.0,0.1111111111111111,0.0,0.0,0.0,0.0,0.1111111111111111,0.0,0.6666666666666666,4.444444444444445,0.0,0.0,0.3333333333333333,0.0,0.1111111111111111,0.0
2016-04-01,0.125,0.0,0.125,0.0,0.0,0.0,0.0,0.0,0.0,0.0,0.125,0.5,0.0,0.625,0.0,0.0,0.0,0.5,0.375,0.125,1.625,0.0,0.0,0.125,0.0,0.0,0.0,1.5,0.125,0.0,0.0,0.0,0.0,0.125,0.125,0.125,0.0,0.0,0.0,0.125,0.25,2.25,0.0,0.25,0.0,0.125,0.0,0.0,0.0,0.0,0.125,0.0,0.75,6.625,0.0,0.0,0.375,0.0,0.125,0.125
2016-05-01,0.0,0.0,0.25,0.0,0.0,0.0,0.0,0.0,0.0,0.0,0.125,0.5,0.0,0.75,0.0,0.0,0.0,0.625,0.375,0.125,1.75,0.0,0.0,0.125,0.0,0.0,0.0,1.75,0.125,0.0,0.0,0.0,0.125,0.125,0.125,0.125,0.0,0.0,0.0,0.125,0.25,2.125,0.0,0.25,0.0,0.125,0.0,0.0,0.0,0.0,0.125,0.0,0.875,7.75,0.0,0.0,0.5,0.0,0.125,0.0
2016-06-01,0.0,0.0,0.25,0.0,0.0,0.0,0.0,0.0,0.0,0.0,0.125,0.5,0.0,0.875,0.0,0.0,0.0,0.75,0.375,0.125,1.75,0.0,0.0,0.125,0.0,0.0,0.0,1.75,0.125,0.0,0.0,0.0,0.125,0.125,0.0,0.0,0.0,0.0,0.0,0.125,0.25,2.25,0.125,0.25,0.0,0.125,0.0,0.0,0.0,0.0,0.125,0.0,0.875,7.5,0.0,0.0,0.5,0.0,0.125,0.0
2016-07-01,0.0,0.0,0.25,0.0,0.0,0.0,0.0,0.0,0.0,0.0,0.125,0.5,0.0,1.0,0.0,0.0,0.0,0.75,0.375,0.125,1.875,0.0,0.0,0.125,0.0,0.0,0.0,2.3333333333333335,0.125,0.0,0.0,0.0,0.125,0.125,0.0,0.0,0.0,0.0,0.0,0.125,0.25,2.375,0.0,0.25,0.0,0.125,0.0,0.0,0.0,0.0,0.125,0.0,0.875,8.375,0.0,0.0,0.375,0.0,0.125,0.0
2016-08-01,0.0,0.0,0.2857142857142857,0.0,0.0,0.0,0.0,0.0,0.0,0.0,0.14285714285714285,0.5714285714285714,0.0,1.0,0.0,0.0,0.0,0.8571428571428571,0.2857142857142857,0.14285714285714285,2.0,0.0,0.0,0.14285714285714285,0.0,0.0,0.0,2.0,0.14285714285714285,0.0,0.0,0.0,0.0,0.14285714285714285,0.0,0.0,0.0,0.0,0.0,0.14285714285714285,0.2857142857142857,2.7142857142857144,0.0,0.2857142857142857,0.0,0.14285714285714285,0.0,0.0,0.0,0.0,0.14285714285714285,0.0,1.0,8.428571428571429,0.0,0.0,0.42857142857142855,0.0,0.14285714285714285,0.0
2016-09-01,0.0,0.0,0.2222222222222222,0.0,0.0,0.0,0.0,0.0,0.0,0.0,0.1111111111111111,0.4444444444444444,0.0,0.7777777777777778,0.0,0.0,0.0,0.6666666666666666,0.3333333333333333,0.1111111111111111,1.4444444444444444,0.0,0.0,0.1111111111111111,0.0,0.0,0.0,2.0,0.1111111111111111,0.0,0.0,0.0,0.1111111111111111,0.1111111111111111,0.1111111111111111,0.1111111111111111,0.1111111111111111,0.0,0.0,0.1111111111111111,0.2222222222222222,2.0,0.0,0.2222222222222222,0.1111111111111111,0.1111111111111111,0.0,0.0,0.0,0.0,0.1111111111111111,0.0,0.7777777777777778,6.111111111111111,0.0,0.0,0.3333333333333333,0.0,0.1111111111111111,0.1111111111111111
2016-10-01,0.0,0.0,0.14285714285714285,0.0,0.0,0.0,0.0,0.0,0.0,0.0,0.14285714285714285,0.5714285714285714,0.0,0.8571428571428571,0.0,0.0,0.0,0.7142857142857143,0.42857142857142855,0.14285714285714285,1.7142857142857142,0.0,0.0,0.14285714285714285,0.0,0.0,0.0,2.0,0.14285714285714285,0.0,0.0,0.0,0.14285714285714285,0.14285714285714285,0.14285714285714285,0.14285714285714285,0.0,0.0,0.0,0.14285714285714285,0.2857142857142857,2.7142857142857144,0.0,0.2857142857142857,0.0,0.14285714285714285,0.0,0.0,0.0,0.0,0.14285714285714285,0.0,1.0,5.714285714285714,0.0,0.0,0.42857142857142855,0.0,0.14285714285714285,0.0
2016-11-01,0.0,0.0,0.125,0.0,0.0,0.0,0.0,0.0,0.0,0.0,0.125,0.5,0.0,0.75,0.0,0.0,0.0,0.625,0.25,0.125,1.375,0.0,0.0,0.125,0.0,0.0,0.0,2.0,0.125,0.0,0.0,0.0,0.125,0.125,0.0,0.125,0.0,0.0,0.0,0.125,0.125,2.25,0.0,0.25,0.0,0.125,0.0,0.0,0.0,0.0,0.125,0.0,0.75,3.75,0.0,0.0,0.375,0.0,0.125,0.0
2016-12-01,0.0,0.0,0.125,0.0,0.0,0.0,0.0,0.0,0.0,0.0,0.125,0.5,0.0,0.75,0.0,0.0,0.0,0.625,0.25,0.125,1.375,0.0,0.0,0.125,0.0,0.0,0.0,2.0,0.125,0.0,0.0,0.0,0.125,0.125,0.0,0.0,0.0,0.0,0.0,0.125,0.125,2.375,0.0,0.25,0.0,0.125,0.0,0.0,0.0,0.0,0.125,0.0,0.875,3.75,0.0,0.0,0.5,0.0,0.125,0.0
2017-01-01,0.1111111111111111,0.0,0.2222222222222222,0.0,0.0,0.0,0.0,0.0,0.0,0.0,0.1111111111111111,0.4444444444444444,0.0,0.7777777777777778,0.0,0.0,0.0,0.5555555555555556,0.3333333333333333,0.1111111111111111,1.4444444444444444,0.0,0.0,0.1111111111111111,0.0,0.0,0.0,1.75,0.1111111111111111,0.0,0.0,0.0,0.1111111111111111,0.1111111111111111,0.0,0.1111111111111111,0.1111111111111111,0.0,0.0,0.1111111111111111,0.2222222222222222,2.0,0.0,0.2222222222222222,0.0,0.1111111111111111,0.0,0.0,0.0,0.0,0.1111111111111111,0.0,0.7777777777777778,3.0,0.0,0.0,0.3333333333333333,0.0,0.1111111111111111,0.1111111111111111
2017-02-01,0.0,0.0,0.25,0.0,0.125,0.0,0.0,0.0,0.0,0.0,0.125,0.5,0.0,0.75,0.0,0.0,0.0,0.5,0.375,0.125,1.75,0.0,0.0,0.125,0.0,0.0,0.0,2.0,0.125,0.0,0.0,0.0,0.125,0.125,0.0,0.125,0.0,0.0,0.0,0.125,0.25,2.25,0.0,0.25,0.125,0.125,0.0,0.0,0.0,0.0,0.125,0.0,0.875,4.25,0.0,0.0,0.375,0.0,0.125,0.125
2017-03-01,0.0,0.0,0.25,0.0,0.0,0.0,0.0,0.0,0.0,0.0,0.125,0.5,0.0,0.75,0.0,0.0,0.0,0.625,0.375,0.125,1.75,0.0,0.0,0.125,0.0,0.0,0.0,1.6666666666666667,0.125,0.0,0.0,0.0,0.125,0.125,0.125,0.125,0.0,0.0,0.0,0.125,0.25,2.75,0.0,0.25,0.0,0.125,0.0,0.0,0.0,0.0,0.125,0.0,0.875,5.125,0.0,0.0,0.375,0.0,0.125,0.125
2017-04-01,0.0,0.0,0.2222222222222222,0.0,0.0,0.0,0.0,0.0,0.0,0.0,0.1111111111111111,0.5555555555555556,0.0,0.8888888888888888,0.0,0.0,0.0,0.5555555555555556,0.3333333333333333,0.1111111111111111,1.5555555555555556,0.0,0.0,0.1111111111111111,0.0,0.0,0.0,1.75,0.1111111111111111,0.0,0.0,0.0,0.1111111111111111,0.1111111111111111,0.1111111111111111,0.1111111111111111,0.0,0.0,0.0,0.1111111111111111,0.2222222222222222,2.2222222222222223,0.0,0.2222222222222222,0.0,0.1111111111111111,0.0,0.0,0.0,0.0,0.1111111111111111,0.0,0.7777777777777778,5.888888888888889,0.0,0.0,0.4444444444444444,0.0,0.1111111111111111,0.1111111111111111
2017-05-01,0.0,0.0,0.25,0.0,0.0,0.0,0.0,0.0,0.0,0.0,0.125,0.5,0.0,1.125,0.0,0.0,0.0,0.625,0.375,0.125,1.75,0.0,0.0,0.125,0.0,0.0,0.0,1.5,0.125,0.0,0.0,0.0,0.125,0.125,0.0,0.125,0.0,0.0,0.0,0.125,0.25,2.375,0.0,0.25,0.0,0.125,0.0,0.0,0.0,0.0,0.125,0.0,0.875,7.0,0.0,0.0,0.5,0.0,0.125,0.125
2017-06-01,0.0,0.0,0.2222222222222222,0.0,0.0,0.0,0.0,0.0,0.0,0.0,0.1111111111111111,0.5555555555555556,0.0,0.8888888888888888,0.0,0.0,0.0,0.5555555555555556,0.3333333333333333,0.1111111111111111,1.5555555555555556,0.0,0.0,0.1111111111111111,0.0,0.0,0.0,1.75,0.1111111111111111,0.0,0.0,0.0,0.1111111111111111,0.1111111111111111,0.0,0.0,0.0,0.0,0.0,0.1111111111111111,0.2222222222222222,2.2222222222222223,0.0,0.2222222222222222,0.0,0.1111111111111111,0.0,0.0,0.0,0.0,0.1111111111111111,0.0,0.8888888888888888,6.888888888888889,0.0,0.0,0.4444444444444444,0.0,0.1111111111111111,0.0
2017-07-01,0.0,0.0,0.2222222222222222,0.0,0.1111111111111111,0.0,0.0,0.0,0.0,0.0,0.1111111111111111,0.5555555555555556,0.0,1.1111111111111112,0.0,0.0,0.0,0.6666666666666666,0.3333333333333333,0.1111111111111111,1.6666666666666667,0.0,0.0,0.1111111111111111,0.0,0.0,0.0,1.75,0.1111111111111111,0.0,0.0,0.0,0.1111111111111111,0.1111111111111111,0.0,0.0,0.0,0.0,0.0,0.1111111111111111,0.2222222222222222,2.2222222222222223,0.0,0.2222222222222222,0.0,0.2222222222222222,0.0,0.0,0.0,0.0,0.1111111111111111,0.0,1.0,7.444444444444445,0.0,0.0,0.4444444444444444,0.0,0.1111111111111111,0.0
2017-08-01,0.0,0.0,0.2,0.0,0.0,0.0,0.0,0.0,0.0,0.0,0.1,0.5,0.0,0.9,0.0,0.0,0.0,0.8,0.2,0.1,1.3,0.0,0.0,0.1,0.0,0.0,0.0,2.5,0.1,0.0,0.0,0.0,0.1,0.1,0.0,0.1,0.1,0.0,0.0,0.1,0.2,1.9,0.0,0.2,0.0,0.2,0.0,0.0,0.0,0.0,0.1,0.0,0.8,5.1,0.0,0.0,0.4,0.0,0.1,0.0
2017-09-01,0.0,0.0,0.16666666666666666,0.0,0.0,0.0,0.0,0.0,0.0,0.0,0.08333333333333333,0.5,0.0,0.9166666666666666,0.0,0.0,0.0,1.5,0.25,0.16666666666666666,1.0833333333333333,0.0,0.0,0.08333333333333333,0.0,0.0,0.0,2.4,0.08333333333333333,0.0,0.0,0.0,0.08333333333333333,0.08333333333333333,0.08333333333333333,0.08333333333333333,0.08333333333333333,0.0,0.0,0.08333333333333333,0.16666666666666666,1.5,0.08333333333333333,0.16666666666666666,0.08333333333333333,0.16666666666666666,0.0,0.0,0.0,0.0,0.16666666666666666,0.0,0.75,4.166666666666667,0.0,0.0,0.4166666666666667,0.0,0.08333333333333333,0.08333333333333333
2017-10-01,0.0,0.0,0.25,0.0,0.0,0.0,0.0,0.0,0.0,0.0,0.125,0.5,0.0,1.0,0.0,0.0,0.0,0.75,0.375,0.125,1.625,0.0,0.0,0.125,0.0,0.0,0.0,1.5,0.125,0.0,0.0,0.0,0.125,0.125,0.125,0.125,0.0,0.0,0.0,0.125,0.25,2.125,0.0,0.25,0.0,0.125,0.0,0.0,0.0,0.0,0.125,0.0,0.75,4.875,0.0,0.0,0.375,0.0,0.125,0.125
2017-11-01,0.0,0.0,0.1,0.0,0.0,0.0,0.0,0.0,0.0,0.0,0.1,0.5,0.0,1.0,0.0,0.0,0.0,0.6,0.3,0.1,1.3,0.0,0.0,0.1,0.0,0.0,0.0,1.75,0.1,0.0,0.0,0.0,0.1,0.1,0.0,0.1,0.0,0.0,0.0,0.1,0.2,1.7,0.1,0.2,0.0,0.1,0.0,0.0,0.0,0.0,0.1,0.0,0.7,3.3,0.0,0.0,0.4,0.0,0.1,0.1
2017-12-01,0.0,0.0,0.1111111111111111,0.0,0.0,0.0,0.0,0.0,0.0,0.0,0.1111111111111111,0.4444444444444444,0.0,1.0,0.0,0.0,0.0,0.5555555555555556,0.3333333333333333,0.1111111111111111,1.3333333333333333,0.0,0.0,0.1111111111111111,0.0,0.0,0.0,1.5,0.1111111111111111,0.0,0.0,0.0,0.1111111111111111,0.1111111111111111,0.0,0.0,0.0,0.0,0.0,0.1111111111111111,0.2222222222222222,1.6666666666666667,0.0,0.2222222222222222,0.0,0.1111111111111111,0.0,0.0,0.0,0.0,0.1111111111111111,0.0,0.8888888888888888,3.6666666666666665,0.0,0.0,0.5555555555555556,0.0,0.1111111111111111,0.0
2018-01-01,0.0,0.0,0.2,0.0,0.0,0.0,0.0,0.0,0.0,0.0,0.1,0.4,0.0,0.8,0.0,0.0,0.0,0.5,0.3,0.1,1.3,0.0,0.0,0.1,0.0,0.0,0.0,1.4,0.1,0.0,0.0,0.0,0.1,0.1,0.0,0.1,0.0,0.0,0.0,0.1,0.2,1.6,0.0,0.2,0.0,0.1,0.0,0.0,0.0,0.0,0.1,0.0,0.7,2.8,0.0,0.0,0.3,0.0,0.1,0.0
2018-02-01,0.0,0.0,0.2,0.0,0.0,0.0,0.0,0.0,0.0,0.0,0.1,0.4,0.0,0.9,0.0,0.0,0.0,0.5,0.3,0.1,1.5,0.0,0.0,0.1,0.0,0.0,0.0,1.75,0.1,0.0,0.0,0.0,0.1,0.1,0.1,0.1,0.0,0.0,0.0,0.1,0.2,1.6,0.0,0.2,0.1,0.1,0.0,0.0,0.0,0.0,0.1,0.0,0.6,3.9,0.0,0.0,0.3,0.0,0.1,0.1
2018-03-01,0.0,0.0,0.2222222222222222,0.0,0.0,0.0,0.0,0.0,0.0,0.0,0.1111111111111111,0.5555555555555556,0.0,1.0,0.0,0.0,0.0,0.6666666666666666,0.3333333333333333,0.1111111111111111,1.5555555555555556,0.0,0.0,0.1111111111111111,0.0,0.0,0.0,1.75,0.1111111111111111,0.0,0.0,0.0,0.1111111111111111,0.1111111111111111,0.1111111111111111,0.1111111111111111,0.0,0.0,0.0,0.1111111111111111,0.2222222222222222,1.8888888888888888,0.0,0.2222222222222222,0.0,0.1111111111111111,0.0,0.0,0.0,0.0,0.1111111111111111,0.0,0.7777777777777778,5.0,0.0,0.0,0.3333333333333333,0.0,0.1111111111111111,0.1111111111111111
2018-04-01,0.08333333333333333,0.0,0.16666666666666666,0.0,0.08333333333333333,0.0,0.08333333333333333,0.0,0.0,0.0,0.08333333333333333,0.5,0.08333333333333333,0.9166666666666666,0.0,0.0,0.0,0.5833333333333334,0.25,0.16666666666666666,1.25,0.0,0.0,0.08333333333333333,0.0,0.0,0.0,2.0,0.08333333333333333,0.0,0.0,0.0,0.08333333333333333,0.08333333333333333,0.08333333333333333,0.08333333333333333,0.08333333333333333,0.0,0.0,0.08333333333333333,0.16666666666666666,1.4166666666666667,0.08333333333333333,0.16666666666666666,0.0,0.16666666666666666,0.0,0.0,0.0,0.0,0.08333333333333333,0.0,0.5833333333333334,4.25,0.0,0.0,0.3333333333333333,0.0,0.08333333333333333,0.08333333333333333
2018-05-01,0.07142857142857142,0.07142857142857142,0.14285714285714285,0.0,0.07142857142857142,0.07142857142857142,0.07142857142857142,0.0,0.0,0.14285714285714285,0.07142857142857142,0.5,0.07142857142857142,0.9285714285714286,0.0,0.0,0.0,0.6428571428571429,0.2857142857142857,0.14285714285714285,1.1428571428571428,0.0,0.0,0.07142857142857142,0.0,0.0,0.0,2.5,0.07142857142857142,0.07142857142857142,0.0,0.0,0.07142857142857142,0.07142857142857142,0.07142857142857142,0.07142857142857142,0.07142857142857142,0.0,0.07142857142857142,0.07142857142857142,0.14285714285714285,1.2142857142857142,0.07142857142857142,0.21428571428571427,0.0,0.14285714285714285,0.0,0.07142857142857142,0.0,0.07142857142857142,0.14285714285714285,0.0,0.5,3.9285714285714284,0.0,0.07142857142857142,0.35714285714285715,0.0,0.07142857142857142,0.07142857142857142
2018-06-01,0.0,0.0,0.16666666666666666,0.0,0.08333333333333333,0.0,0.08333333333333333,0.0,0.0,0.08333333333333333,0.08333333333333333,0.5,0.0,1.0,0.0,0.0,0.0,0.6666666666666666,0.25,0.16666666666666666,1.3333333333333333,0.0,0.0,0.08333333333333333,0.0,0.0,0.0,2.0,0.08333333333333333,0.08333333333333333,0.0,0.0,0.08333333333333333,0.08333333333333333,0.0,0.08333333333333333,0.0,0.0,0.0,0.08333333333333333,0.16666666666666666,1.3333333333333333,0.08333333333333333,0.16666666666666666,0.0,0.16666666666666666,0.0,0.0,0.0,0.0,0.16666666666666666,0.0,0.5833333333333334,5.166666666666667,0.0,0.0,0.4166666666666667,0.0,0.08333333333333333,0.0
2018-07-01,0.0,0.0,0.18181818181818182,0.0,0.09090909090909091,0.0,0.09090909090909091,0.0,0.0,0.0,0.09090909090909091,0.5454545454545454,0.0,1.1818181818181819,0.09090909090909091,0.0,0.0,0.6363636363636364,0.2727272727272727,0.18181818181818182,1.5454545454545454,0.0,0.0,0.09090909090909091,0.0,0.0,0.0,1.8,0.09090909090909091,0.0,0.0,0.0,0.09090909090909091,0.09090909090909091,0.0,0.09090909090909091,0.0,0.0,0.0,0.09090909090909091,0.18181818181818182,1.6363636363636365,0.09090909090909091,0.18181818181818182,0.0,0.18181818181818182,0.0,0.0,0.0,0.0,0.18181818181818182,0.0,0.6363636363636364,6.090909090909091,0.0,0.0,0.45454545454545453,0.0,0.09090909090909091,0.0
2018-08-01,0.0,0.0,0.2,0.0,0.1,0.0,0.1,0.0,0.0,0.0,0.1,0.6,0.0,1.3,0.0,0.0,0.0,0.6,0.2,0.2,1.7,0.0,0.0,0.1,0.0,0.0,0.0,1.6,0.1,0.0,0.0,0.0,0.1,0.1,0.0,0.0,0.0,0.0,0.0,0.1,0.2,1.6,0.1,0.2,0.0,0.2,0.0,0.0,0.0,0.0,0.2,0.0,0.7,5.5,0.0,0.0,0.4,0.0,0.1,0.0
2018-09-01,0.0,0.0,0.2,0.0,0.1,0.0,0.1,0.0,0.0,0.0,0.1,0.5,0.0,1.3,0.0,0.0,0.0,0.6,0.3,0.2,1.4,0.0,0.0,0.1,0.0,0.0,0.0,1.75,0.1,0.0,0.0,0.0,0.1,0.1,0.0,0.1,0.0,0.0,0.0,0.1,0.2,1.5,0.1,0.2,0.1,0.2,0.0,0.0,0.0,0.0,0.1,0.0,0.7,4.8,0.0,0.0,0.4,0.0,0.1,0.1
2018-10-01,0.0,0.0,0.18181818181818182,0.0,0.09090909090909091,0.0,0.09090909090909091,0.0,0.0,0.0,0.09090909090909091,0.45454545454545453,0.0,1.0909090909090908,0.0,0.0,0.0,0.5454545454545454,0.2727272727272727,0.18181818181818182,1.2727272727272727,0.0,0.0,0.09090909090909091,0.0,0.0,0.0,1.6,0.09090909090909091,0.0,0.0,0.0,0.09090909090909091,0.09090909090909091,0.09090909090909091,0.09090909090909091,0.0,0.0,0.0,0.09090909090909091,0.18181818181818182,1.4545454545454546,0.09090909090909091,0.18181818181818182,0.09090909090909091,0.18181818181818182,0.0,0.0,0.0,0.0,0.09090909090909091,0.0,0.5454545454545454,3.4545454545454546,0.0,0.0,0.36363636363636365,0.0,0.09090909090909091,0.09090909090909091
2018-11-01,0.0,0.0,0.15384615384615385,0.0,0.0,0.0,0.07692307692307693,0.0,0.0,0.0,0.07692307692307693,0.38461538461538464,0.0,1.0769230769230769,0.0,0.0,0.0,0.5384615384615384,0.23076923076923078,0.15384615384615385,1.0,0.0,0.0,0.07692307692307693,0.0,0.0,0.0,1.6666666666666667,0.07692307692307693,0.0,0.0,0.0,0.07692307692307693,0.07692307692307693,0.0,0.07692307692307693,0.07692307692307693,0.0,0.0,0.07692307692307693,0.15384615384615385,1.1538461538461537,0.07692307692307693,0.15384615384615385,0.0,0.15384615384615385,0.0,0.07692307692307693,0.0,0.07692307692307693,0.15384615384615385,0.0,0.46153846153846156,2.3076923076923075,0.0,0.0,0.38461538461538464,0.0,0.07692307692307693,0.07692307692307693
2018-12-01,0.0,0.0,0.14285714285714285,0.0,0.0,0.0,0.0,0.0,0.0,0.0,0.07142857142857142,0.35714285714285715,0.0,1.0,0.07142857142857142,0.0,0.0,0.5,0.21428571428571427,0.14285714285714285,0.8571428571428571,0.0,0.0,0.07142857142857142,0.0,0.0,0.0,2.0,0.14285714285714285,0.0,0.0,0.0,0.07142857142857142,0.07142857142857142,0.0,0.07142857142857142,0.0,0.0,0.0,0.07142857142857142,0.14285714285714285,1.1428571428571428,0.07142857142857142,0.14285714285714285,0.0,0.21428571428571427,0.0,0.0,0.0,0.07142857142857142,0.14285714285714285,0.0,0.5714285714285714,2.4285714285714284,0.0,0.0,0.42857142857142855,0.0,0.07142857142857142,0.0
2019-01-01,0.0,0.0,0.15384615384615385,0.0,0.0,0.0,0.07692307692307693,0.0,0.0,0.0,0.07692307692307693,0.38461538461538464,0.0,0.9230769230769231,0.0,0.0,0.0,0.5384615384615384,0.23076923076923078,0.15384615384615385,1.0,0.0,0.0,0.07692307692307693,0.0,0.0,0.0,1.6666666666666667,0.07692307692307693,0.0,0.0,0.0,0.07692307692307693,0.07692307692307693,0.0,0.07692307692307693,0.0,0.0,0.0,0.07692307692307693,0.15384615384615385,1.1538461538461537,0.07692307692307693,0.15384615384615385,0.0,0.15384615384615385,0.0,0.0,0.0,0.07692307692307693,0.15384615384615385,0.0,0.46153846153846156,2.230769230769231,0.0,0.0,0.3076923076923077,0.0,0.07692307692307693,0.0
2019-02-01,0.0,0.0,0.18181818181818182,0.0,0.0,0.0,0.0,0.0,0.0,0.0,0.09090909090909091,0.45454545454545453,0.0,1.0909090909090908,0.0,0.0,0.0,0.5454545454545454,0.2727272727272727,0.18181818181818182,1.1818181818181819,0.0,0.0,0.09090909090909091,0.0,0.0,0.0,1.8,0.09090909090909091,0.0,0.0,0.0,0.09090909090909091,0.09090909090909091,0.09090909090909091,0.09090909090909091,0.0,0.0,0.0,0.09090909090909091,0.18181818181818182,1.4545454545454546,0.09090909090909091,0.18181818181818182,0.09090909090909091,0.18181818181818182,0.0,0.0,0.0,0.0,0.18181818181818182,0.0,0.5454545454545454,3.4545454545454546,0.0,0.0,0.2727272727272727,0.0,0.09090909090909091,0.09090909090909091
2019-03-01,0.0,0.0,0.16666666666666666,0.0,0.0,0.0,0.08333333333333333,0.0,0.0,0.0,0.08333333333333333,0.5,0.0,1.1666666666666667,0.0,0.0,0.0,0.5833333333333334,0.25,0.16666666666666666,1.1666666666666667,0.0,0.0,0.08333333333333333,0.0,0.0,0.0,2.0,0.08333333333333333,0.0,0.0,0.0,0.08333333333333333,0.08333333333333333,0.08333333333333333,0.08333333333333333,0.0,0.0,0.0,0.08333333333333333,0.16666666666666666,1.4166666666666667,0.08333333333333333,0.16666666666666666,0.0,0.16666666666666666,0.08333333333333333,0.08333333333333333,0.08333333333333333,0.08333333333333333,0.16666666666666666,0.0,0.5,3.6666666666666665,0.0,0.0,0.3333333333333333,0.0,0.08333333333333333,0.08333333333333333
2019-04-01,0.0,0.0,0.13333333333333333,0.0,0.06666666666666667,0.06666666666666667,0.06666666666666667,0.06666666666666667,0.06666666666666667,0.13333333333333333,0.06666666666666667,0.4666666666666667,0.0,1.1333333333333333,0.06666666666666667,0.0,0.0,0.4666666666666667,0.2,0.2,1.0,0.0,0.0,0.06666666666666667,0.0,0.0,0.0,2.1666666666666665,0.13333333333333333,0.06666666666666667,0.0,0.0,0.06666666666666667,0.06666666666666667,0.06666666666666667,0.06666666666666667,0.06666666666666667,0.0,0.0,0.06666666666666667,0.13333333333333333,1.1333333333333333,0.06666666666666667,0.13333333333333333,0.0,0.2,0.06666666666666667,0.06666666666666667,0.06666666666666667,0.06666666666666667,0.13333333333333333,0.0,0.4666666666666667,3.0,0.0,0.0,0.3333333333333333,0.0,0.06666666666666667,0.06666666666666667
2019-05-01,0.0,0.07142857142857142,0.14285714285714285,0.0,0.07142857142857142,0.0,0.07142857142857142,0.07142857142857142,0.0,0.07142857142857142,0.07142857142857142,0.42857142857142855,0.0,1.2142857142857142,0.07142857142857142,0.0,0.0,0.42857142857142855,0.2857142857142857,0.21428571428571427,1.0714285714285714,0.0,0.0,0.07142857142857142,0.0,0.0,0.0,1.8333333333333333,0.14285714285714285,0.0,0.0,0.0,0.07142857142857142,0.07142857142857142,0.07142857142857142,0.07142857142857142,0.0,0.0,0.0,0.07142857142857142,0.14285714285714285,1.1428571428571428,0.07142857142857142,0.14285714285714285,0.0,0.14285714285714285,0.07142857142857142,0.07142857142857142,0.07142857142857142,0.07142857142857142,0.14285714285714285,0.0,0.5,4.285714285714286,0.0,0.0,0.35714285714285715,0.0,0.07142857142857142,0.07142857142857142
2019-06-01,0.0,0.0,0.14285714285714285,0.0,0.07142857142857142,0.0,0.07142857142857142,0.0,0.0,0.07142857142857142,0.07142857142857142,0.42857142857142855,0.0,1.2857142857142858,0.07142857142857142,0.0,0.0,0.5,0.21428571428571427,0.21428571428571427,1.0714285714285714,0.0,0.0,0.07142857142857142,0.0,0.0,0.0,1.8333333333333333,0.14285714285714285,0.0,0.0,0.0,0.07142857142857142,0.07142857142857142,0.0,0.07142857142857142,0.0,0.0,0.0,0.07142857142857142,0.14285714285714285,1.2142857142857142,0.07142857142857142,0.14285714285714285,0.0,0.21428571428571427,0.07142857142857142,0.07142857142857142,0.07142857142857142,0.07142857142857142,0.14285714285714285,0.0,0.5714285714285714,4.571428571428571,0.0,0.0,0.42857142857142855,0.0,0.07142857142857142,0.0
2019-07-01,0.0,0.0,0.14285714285714285,0.0,0.07142857142857142,0.0,0.07142857142857142,0.0,0.0,0.07142857142857142,0.07142857142857142,0.5,0.0,1.4285714285714286,0.07142857142857142,0.0,0.0,0.5,0.14285714285714285,0.21428571428571427,1.1428571428571428,0.0,0.0,0.07142857142857142,0.0,0.0,0.0,1.8333333333333333,0.14285714285714285,0.0,0.0,0.0,0.07142857142857142,0.07142857142857142,0.0,0.0,0.0,0.0,0.0,0.07142857142857142,0.14285714285714285,1.2142857142857142,0.07142857142857142,0.14285714285714285,0.0,0.21428571428571427,0.07142857142857142,0.07142857142857142,0.07142857142857142,0.07142857142857142,0.14285714285714285,0.0,0.5,4.5,0.0,0.0,0.35714285714285715,0.0,0.07142857142857142,0.0
2019-08-01,0.0,0.0,0.16666666666666666,0.0,0.08333333333333333,0.0,0.08333333333333333,0.0,0.0,0.0,0.08333333333333333,0.5,0.0,1.4166666666666667,0.08333333333333333,0.0,0.0,0.5833333333333334,0.16666666666666666,0.16666666666666666,1.25,0.0,0.0,0.08333333333333333,0.0,0.0,0.0,1.8,0.08333333333333333,0.0,0.0,0.0,0.08333333333333333,0.08333333333333333,0.0,0.0,0.0,0.0,0.0,0.08333333333333333,0.16666666666666666,1.4166666666666667,0.08333333333333333,0.16666666666666666,0.0,0.25,0.08333333333333333,0.08333333333333333,0.08333333333333333,0.08333333333333333,0.16666666666666666,0.0,0.5833333333333334,4.833333333333333,0.0,0.0,0.4166666666666667,0.0,0.08333333333333333,0.0
2019-09-01,0.0,0.0,0.14285714285714285,0.0,0.07142857142857142,0.0,0.07142857142857142,0.0,0.0,0.0,0.07142857142857142,0.42857142857142855,0.0,1.2857142857142858,0.07142857142857142,0.0,0.0,0.5,0.21428571428571427,0.21428571428571427,1.0,0.0,0.0,0.07142857142857142,0.0,0.0,0.0,1.8333333333333333,0.14285714285714285,0.0,0.0,0.0,0.07142857142857142,0.07142857142857142,0.07142857142857142,0.07142857142857142,0.07142857142857142,0.0,0.0,0.07142857142857142,0.14285714285714285,1.2142857142857142,0.07142857142857142,0.14285714285714285,0.07142857142857142,0.21428571428571427,0.07142857142857142,0.07142857142857142,0.07142857142857142,0.07142857142857142,0.14285714285714285,0.0,0.5,3.5,0.0,0.0,0.35714285714285715,0.0,0.07142857142857142,0.07142857142857142
2019-10-01,0.0,0.0,0.15384615384615385,0.0,0.0,0.0,0.07692307692307693,0.07692307692307693,0.0,0.15384615384615385,0.07692307692307693,0.46153846153846156,0.0,1.3846153846153846,0.07692307692307693,0.0,0.0,0.46153846153846156,0.23076923076923078,0.23076923076923078,1.0,0.0,0.0,0.07692307692307693,0.0,0.0,0.0,1.8333333333333333,0.15384615384615385,0.07692307692307693,0.0,0.0,0.07692307692307693,0.07692307692307693,0.07692307692307693,0.07692307692307693,0.0,0.0,0.0,0.07692307692307693,0.15384615384615385,1.3076923076923077,0.07692307692307693,0.15384615384615385,0.0,0.23076923076923078,0.07692307692307693,0.07692307692307693,0.07692307692307693,0.07692307692307693,0.15384615384615385,0.0,0.5384615384615384,2.923076923076923,0.0,0.0,0.3076923076923077,0.0,0.07692307692307693,0.07692307692307693
2019-11-01,0.0,0.0,0.16666666666666666,0.0,0.0,0.0,0.0,0.0,0.0,0.0,0.08333333333333333,0.4166666666666667,0.0,1.3333333333333333,0.08333333333333333,0.0,0.0,0.5,0.16666666666666666,0.25,1.0,0.0,0.0,0.08333333333333333,0.0,0.0,0.0,1.6,0.08333333333333333,0.0,0.0,0.0,0.08333333333333333,0.08333333333333333,0.08333333333333333,0.0,0.0,0.0,0.0,0.08333333333333333,0.16666666666666666,1.25,0.08333333333333333,0.16666666666666666,0.0,0.25,0.08333333333333333,0.0,0.08333333333333333,0.08333333333333333,0.16666666666666666,0.0,0.5,2.75,0.0,0.0,0.4166666666666667,0.0,0.08333333333333333,0.08333333333333333
2019-12-01,0.0,0.0,0.18181818181818182,0.0,0.0,0.0,0.0,0.0,0.0,0.0,0.09090909090909091,0.45454545454545453,0.0,1.4545454545454546,0.0,0.0,0.0,0.5454545454545454,0.18181818181818182,0.18181818181818182,1.0909090909090908,0.0,0.0,0.09090909090909091,0.0,0.0,0.0,1.6,0.09090909090909091,0.0,0.0,0.0,0.09090909090909091,0.09090909090909091,0.0,0.0,0.0,0.0,0.0,0.09090909090909091,0.09090909090909091,1.4545454545454546,0.09090909090909091,0.18181818181818182,0.0,0.2727272727272727,0.09090909090909091,0.0,0.09090909090909091,0.0,0.18181818181818182,0.0,0.6363636363636364,3.1818181818181817,0.0,0.0,0.5454545454545454,0.0,0.09090909090909091,0.0
2020-01-01,0.0,0.0,0.16666666666666666,0.0,0.0,0.0,0.08333333333333333,0.0,0.0,0.0,0.08333333333333333,0.4166666666666667,0.0,1.1666666666666667,0.0,0.0,0.0,0.5,0.25,0.16666666666666666,1.0,0.0,0.0,0.08333333333333333,0.0,0.0,0.0,1.8,0.08333333333333333,0.0,0.0,0.0,0.08333333333333333,0.08333333333333333,0.0,0.08333333333333333,0.0,0.0,0.0,0.08333333333333333,0.16666666666666666,1.25,0.08333333333333333,0.16666666666666666,0.0,0.16666666666666666,0.08333333333333333,0.0,0.08333333333333333,0.08333333333333333,0.16666666666666666,0.0,0.5,2.5,0.0,0.0,0.3333333333333333,0.0,0.08333333333333333,0.08333333333333333
2020-02-01,0.0,0.0,0.15384615384615385,0.0,0.0,0.0,0.07692307692307693,0.0,0.0,0.0,0.07692307692307693,0.38461538461538464,0.0,1.0769230769230769,0.07692307692307693,0.0,0.0,0.46153846153846156,0.23076923076923078,0.15384615384615385,1.0769230769230769,0.0,0.0,0.07692307692307693,0.0,0.0,0.0,1.5,0.07692307692307693,0.0,0.0,0.0,0.07692307692307693,0.07692307692307693,0.07692307692307693,0.07692307692307693,0.0,0.0,0.0,0.07692307692307693,0.15384615384615385,1.2307692307692308,0.07692307692307693,0.15384615384615385,0.07692307692307693,0.15384615384615385,0.07692307692307693,0.07692307692307693,0.07692307692307693,0.07692307692307693,0.15384615384615385,0.0,0.46153846153846156,3.076923076923077,0.0,0.0,0.3076923076923077,0.0,0.07692307692307693,0.07692307692307693
2020-03-01,0.045454545454545456,0.0,0.045454545454545456,0.0,0.0,0.045454545454545456,0.0,0.045454545454545456,0.0,0.045454545454545456,0.045454545454545456,0.3181818181818182,0.045454545454545456,0.8181818181818182,0.045454545454545456,0.0,0.0,0.5,0.09090909090909091,0.22727272727272727,0.45454545454545453,0.0,0.0,0.045454545454545456,0.0,0.0,0.045454545454545456,2.3,0.13636363636363635,0.0,0.045454545454545456,0.045454545454545456,0.045454545454545456,0.045454545454545456,0.0,0.045454545454545456,0.045454545454545456,0.0,0.0,0.045454545454545456,0.045454545454545456,0.8181818181818182,0.045454545454545456,0.18181818181818182,0.045454545454545456,0.18181818181818182,0.045454545454545456,0.045454545454545456,0.045454545454545456,0.045454545454545456,0.13636363636363635,0.045454545454545456,0.2727272727272727,1.4090909090909092,0.0,0.045454545454545456,0.22727272727272727,0.0,0.045454545454545456,0.045454545454545456
2020-04-01,0.045454545454545456,0.045454545454545456,0.045454545454545456,0.0,0.0,0.045454545454545456,0.0,0.045454545454545456,0.0,0.045454545454545456,0.045454545454545456,0.22727272727272727,0.045454545454545456,0.6818181818181818,0.0,0.0,0.0,0.45454545454545453,0.13636363636363635,0.22727272727272727,0.3181818181818182,0.0,0.0,0.045454545454545456,0.0,0.0,0.045454545454545456,2.0,0.13636363636363635,0.0,0.045454545454545456,0.045454545454545456,0.045454545454545456,0.045454545454545456,0.045454545454545456,0.045454545454545456,0.045454545454545456,0.0,0.0,0.0,0.045454545454545456,0.7727272727272727,0.045454545454545456,0.18181818181818182,0.045454545454545456,0.13636363636363635,0.045454545454545456,0.045454545454545456,0.045454545454545456,0.045454545454545456,0.09090909090909091,0.045454545454545456,0.22727272727272727,1.0,0.0,0.045454545454545456,0.2727272727272727,0.0,0.09090909090909091,0.045454545454545456
2020-05-01,0.0,0.0,0.08333333333333333,0.0,0.0,0.0,0.0,0.0,0.0,0.0,0.08333333333333333,0.3333333333333333,0.0,1.0,0.0,0.0,0.0,0.4166666666666667,0.25,0.16666666666666666,0.8333333333333334,0.0,0.0,0.08333333333333333,0.0,0.0,0.08333333333333333,1.8,0.08333333333333333,0.0,0.0,0.0,0.08333333333333333,0.08333333333333333,0.08333333333333333,0.08333333333333333,0.0,0.0,0.0,0.08333333333333333,0.08333333333333333,1.3333333333333333,0.08333333333333333,0.16666666666666666,0.0,0.16666666666666666,0.08333333333333333,0.0,0.08333333333333333,0.08333333333333333,0.16666666666666666,0.0,0.4166666666666667,3.25,0.0,0.0,0.5,0.0,0.08333333333333333,0.08333333333333333
2020-06-01,0.0,0.0,0.1,0.0,0.0,0.0,0.0,0.0,0.0,0.0,0.1,0.4,0.0,1.1,0.0,0.0,0.0,0.4,0.2,0.2,1.1,0.0,0.0,0.1,0.0,0.0,0.0,1.5,0.1,0.0,0.0,0.0,0.1,0.1,0.1,0.1,0.0,0.0,0.0,0.1,0.1,1.7,0.0,0.2,0.0,0.2,0.0,0.0,0.1,0.0,0.2,0.0,0.6,5.1,0.0,0.0,0.5,0.0,0.1,0.1
2020-07-01,0.0,0.0,0.2222222222222222,0.0,0.0,0.0,0.0,0.0,0.0,0.0,0.1111111111111111,0.3333333333333333,0.0,1.2222222222222223,0.0,0.0,0.0,0.4444444444444444,0.2222222222222222,0.2222222222222222,1.3333333333333333,0.0,0.0,0.1111111111111111,0.0,0.0,0.0,1.25,0.1111111111111111,0.0,0.0,0.0,0.1111111111111111,0.1111111111111111,0.0,0.0,0.0,0.0,0.0,0.1111111111111111,0.1111111111111111,1.8888888888888888,0.0,0.2222222222222222,0.0,0.2222222222222222,0.0,0.0,0.0,0.0,0.2222222222222222,0.0,0.6666666666666666,6.111111111111111,0.0,0.0,0.5555555555555556,0.0,0.1111111111111111,0.1111111111111111
2020-08-01,0.0,0.0,0.1111111111111111,0.0,0.0,0.0,0.0,0.0,0.0,0.0,0.1111111111111111,0.3333333333333333,0.0,1.1111111111111112,0.0,0.0,0.0,0.3333333333333333,0.2222222222222222,0.2222222222222222,1.1111111111111112,0.0,0.0,0.1111111111111111,0.0,0.0,0.0,1.5,0.1111111111111111,0.0,0.0,0.0,0.1111111111111111,0.1111111111111111,0.1111111111111111,0.0,0.0,0.0,0.0,0.1111111111111111,0.1111111111111111,1.7777777777777777,0.0,0.2222222222222222,0.0,0.2222222222222222,0.0,0.0,0.0,0.0,0.2222222222222222,0.0,0.5555555555555556,5.222222222222222,0.0,0.0,0.4444444444444444,0.0,0.1111111111111111,0.1111111111111111
2020-09-01,0.0,0.0,0.1111111111111111,0.0,0.0,0.0,0.0,0.0,0.0,0.0,0.1111111111111111,0.3333333333333333,0.0,1.1111111111111112,0.0,0.0,0.0,0.3333333333333333,0.2222222222222222,0.1111111111111111,1.1111111111111112,0.0,0.0,0.1111111111111111,0.0,0.0,0.0,1.5,0.1111111111111111,0.0,0.0,0.0,0.1111111111111111,0.1111111111111111,0.1111111111111111,0.1111111111111111,0.0,0.0,0.0,0.1111111111111111,0.1111111111111111,1.6666666666666667,0.0,0.2222222222222222,0.1111111111111111,0.2222222222222222,0.0,0.0,0.0,0.0,0.2222222222222222,0.0,0.5555555555555556,4.777777777777778,0.0,0.0,0.4444444444444444,0.0,0.2222222222222222,0.1111111111111111
2020-10-01,0.0,0.0,0.1,0.0,0.0,0.0,0.0,0.0,0.0,0.0,0.1,0.3,0.0,0.9,0.0,0.0,0.0,0.3,0.2,0.1,1.0,0.0,0.0,0.1,0.0,0.0,0.0,1.5,0.1,0.0,0.0,0.0,0.1,0.1,0.1,0.1,0.0,0.0,0.0,0.0,0.1,1.5,0.0,0.2,0.1,0.2,0.0,0.0,0.0,0.0,0.2,0.0,0.6,4.1,0.0,0.0,0.4,0.0,0.2,0.1
2020-11-01,0.0,0.0,0.1,0.0,0.0,0.0,0.0,0.0,0.0,0.0,0.1,0.3,0.0,1.0,0.0,0.0,0.0,0.3,0.2,0.1,0.9,0.0,0.0,0.1,0.0,0.0,0.0,2.0,0.1,0.0,0.0,0.0,0.1,0.1,0.0,0.1,0.0,0.0,0.0,0.0,0.1,1.4,0.0,0.2,0.0,0.2,0.1,0.0,0.1,0.0,0.2,0.0,0.5,2.8,0.0,0.0,0.5,0.0,0.1,0.1
2020-12-01,0.0,0.0,0.1111111111111111,0.0,0.0,0.0,0.0,0.0,0.0,0.0,0.1111111111111111,0.3333333333333333,0.0,1.1111111111111112,0.0,0.0,0.0,0.3333333333333333,0.2222222222222222,0.1111111111111111,1.0,0.0,0.0,0.1111111111111111,0.0,0.0,0.0,1.5,0.1111111111111111,0.0,0.0,0.0,0.1111111111111111,0.1111111111111111,0.0,0.0,0.0,0.0,0.0,0.0,0.1111111111111111,1.6666666666666667,0.0,0.2222222222222222,0.0,0.2222222222222222,0.1111111111111111,0.0,0.1111111111111111,0.0,0.2222222222222222,0.0,0.6666666666666666,3.888888888888889,0.0,0.0,0.5555555555555556,0.0,0.1111111111111111,0.1111111111111111
2021-01-01,0.07142857142857142,0.07142857142857142,0.07142857142857142,0.0,0.0,0.0,0.0,0.0,0.0,0.0,0.07142857142857142,0.21428571428571427,0.0,0.7142857142857143,0.0,0.0,0.0,0.2857142857142857,0.14285714285714285,0.14285714285714285,0.7142857142857143,0.0,0.0,0.14285714285714285,0.0,0.0,0.07142857142857142,2.0,0.07142857142857142,0.0,0.0,0.07142857142857142,0.07142857142857142,0.07142857142857142,0.0,0.07142857142857142,0.07142857142857142,0.0,0.0,0.07142857142857142,0.07142857142857142,1.1428571428571428,0.07142857142857142,0.21428571428571427,0.0,0.14285714285714285,0.07142857142857142,0.0,0.07142857142857142,0.0,0.14285714285714285,0.07142857142857142,0.35714285714285715,2.0714285714285716,0.0,0.07142857142857142,0.2857142857142857,0.0,0.07142857142857142,0.07142857142857142
2021-02-01,0.05555555555555555,0.05555555555555555,0.1111111111111111,0.0,0.0,0.0,0.05555555555555555,0.0,0.0,0.05555555555555555,0.05555555555555555,0.2222222222222222,0.0,0.6111111111111112,0.0,0.0,0.0,0.2222222222222222,0.16666666666666666,0.1111111111111111,0.6111111111111112,0.0,0.0,0.1111111111111111,0.0,0.0,0.05555555555555555,2.125,0.05555555555555555,0.0,0.0,0.05555555555555555,0.05555555555555555,0.05555555555555555,0.05555555555555555,0.05555555555555555,0.05555555555555555,0.0,0.05555555555555555,0.05555555555555555,0.05555555555555555,0.8888888888888888,0.05555555555555555,0.2222222222222222,0.05555555555555555,0.16666666666666666,0.05555555555555555,0.0,0.05555555555555555,0.05555555555555555,0.1111111111111111,0.05555555555555555,0.3333333333333333,1.8888888888888888,0.0,0.05555555555555555,0.2777777777777778,0.0,0.1111111111111111,0.05555555555555555
2021-03-01,0.05263157894736842,0.05263157894736842,0.10526315789473684,0.0,0.05263157894736842,0.05263157894736842,0.05263157894736842,0.0,0.0,0.05263157894736842,0.05263157894736842,0.21052631578947367,0.0,0.6842105263157895,0.0,0.0,0.0,0.2631578947368421,0.15789473684210525,0.15789473684210525,0.7368421052631579,0.0,0.0,0.10526315789473684,0.0,0.0,0.05263157894736842,2.25,0.05263157894736842,0.05263157894736842,0.0,0.05263157894736842,0.05263157894736842,0.05263157894736842,0.0,0.05263157894736842,0.05263157894736842,0.0,0.05263157894736842,0.05263157894736842,0.05263157894736842,0.8421052631578947,0.05263157894736842,0.21052631578947367,0.05263157894736842,0.15789473684210525,0.05263157894736842,0.05263157894736842,0.05263157894736842,0.05263157894736842,0.15789473684210525,0.05263157894736842,0.2631578947368421,2.210526315789474,0.0,0.05263157894736842,0.21052631578947367,0.0,0.05263157894736842,0.05263157894736842
2021-04-01,0.0,0.0,0.15384615384615385,0.0,0.0,0.0,0.07692307692307693,0.0,0.0,0.07692307692307693,0.07692307692307693,0.3076923076923077,0.0,1.0769230769230769,0.0,0.0,0.0,0.3076923076923077,0.23076923076923078,0.23076923076923078,1.0,0.0,0.0,0.07692307692307693,0.0,0.0,0.0,1.5,0.07692307692307693,0.0,0.0,0.0,0.07692307692307693,0.07692307692307693,0.07692307692307693,0.07692307692307693,0.0,0.0,0.0,0.07692307692307693,0.07692307692307693,1.3076923076923077,0.07692307692307693,0.15384615384615385,0.0,0.23076923076923078,0.07692307692307693,0.0,0.07692307692307693,0.07692307692307693,0.23076923076923078,0.07692307692307693,0.38461538461538464,3.8461538461538463,0.0,0.0,0.38461538461538464,0.0,0.07692307692307693,0.07692307692307693
2021-05-01,0.043478260869565216,0.043478260869565216,0.08695652173913043,0.0,0.043478260869565216,0.043478260869565216,0.043478260869565216,0.043478260869565216,0.0,0.043478260869565216,0.043478260869565216,0.21739130434782608,0.0,0.9130434782608695,0.043478260869565216,0.0,0.0,0.8695652173913043,0.13043478260869565,0.17391304347826086,0.6086956521739131,0.0,0.0,0.08695652173913043,0.0,0.0,0.043478260869565216,2.4,0.08695652173913043,0.043478260869565216,0.043478260869565216,0.043478260869565216,0.08695652173913043,0.08695652173913043,0.043478260869565216,0.043478260869565216,0.043478260869565216,0.0,0.043478260869565216,0.043478260869565216,0.043478260869565216,0.8260869565217391,0.043478260869565216,0.17391304347826086,0.043478260869565216,0.21739130434782608,0.043478260869565216,0.043478260869565216,0.043478260869565216,0.043478260869565216,0.17391304347826086,0.043478260869565216,0.30434782608695654,2.652173913043478,0.0,0.043478260869565216,0.2608695652173913,0.0,0.08695652173913043,0.043478260869565216
2021-06-01,0.0,0.0,0.125,0.0,0.0625,0.0,0.0625,0.0,0.0,0.0625,0.0625,0.25,0.0,1.0625,0.0625,0.0,0.0,0.3125,0.125,0.1875,0.8125,0.0,0.0,0.0625,0.0,0.0,0.0625,1.7142857142857142,0.125,0.0625,0.0,0.0625,0.0625,0.0625,0.0625,0.0625,0.0,0.0,0.0625,0.0625,0.0625,1.125,0.0625,0.125,0.0,0.25,0.0625,0.0625,0.0625,0.0625,0.1875,0.0625,0.375,3.625,0.0,0.0,0.3125,0.0,0.0625,0.0625
2021-07-01,0.0,0.0,0.125,0.0,0.0,0.0625,0.0625,0.0,0.0,0.0625,0.0625,0.25,0.0,1.1875,0.0625,0.0,0.0,0.3125,0.125,0.1875,0.8125,0.0,0.0,0.0625,0.0,0.0,0.0625,1.7142857142857142,0.125,0.0625,0.0,0.0625,0.0625,0.0625,0.0625,0.0625,0.0,0.0,0.0625,0.0625,0.0625,1.1875,0.0625,0.1875,0.0,0.25,0.0625,0.0625,0.0625,0.0625,0.1875,0.0625,0.375,3.8125,0.0,0.0,0.3125,0.0,0.0625,0.0
2021-08-01,0.0,0.0,0.13333333333333333,0.0,0.0,0.0,0.06666666666666667,0.0,0.0,0.06666666666666667,0.06666666666666667,0.26666666666666666,0.0,1.2,0.06666666666666667,0.0,0.0,0.26666666666666666,0.13333333333333333,0.2,0.9333333333333333,0.0,0.0,0.06666666666666667,0.0,0.0,0.06666666666666667,1.8333333333333333,0.06666666666666667,0.0,0.0,0.06666666666666667,0.06666666666666667,0.06666666666666667,0.06666666666666667,0.06666666666666667,0.0,0.0,0.06666666666666667,0.06666666666666667,0.06666666666666667,1.2666666666666666,0.06666666666666667,0.13333333333333333,0.0,0.26666666666666666,0.06666666666666667,0.06666666666666667,0.06666666666666667,0.06666666666666667,0.2,0.06666666666666667,0.4,3.533333333333333,0.0,0.0,0.3333333333333333,0.0,0.06666666666666667,0.06666666666666667
2021-09-01,0.0,0.0,0.14285714285714285,0.0,0.0,0.0,0.0,0.0,0.0,0.07142857142857142,0.07142857142857142,0.2857142857142857,0.0,1.2142857142857142,0.0,0.0,0.0,0.2857142857142857,0.14285714285714285,0.14285714285714285,0.8571428571428571,0.0,0.0,0.07142857142857142,0.0,0.0,0.07142857142857142,1.6666666666666667,0.07142857142857142,0.0,0.0,0.0,0.07142857142857142,0.07142857142857142,0.07142857142857142,0.07142857142857142,0.07142857142857142,0.0,0.0,0.07142857142857142,0.07142857142857142,1.4285714285714286,0.07142857142857142,0.14285714285714285,0.07142857142857142,0.21428571428571427,0.07142857142857142,0.07142857142857142,0.07142857142857142,0.07142857142857142,0.21428571428571427,0.07142857142857142,0.35714285714285715,3.4285714285714284,0.0,0.0,0.2857142857142857,0.0,0.14285714285714285,0.07142857142857142
2021-10-01,0.043478260869565216,0.043478260869565216,0.08695652173913043,0.0,0.0,0.043478260869565216,0.043478260869565216,0.043478260869565216,0.043478260869565216,0.13043478260869565,0.043478260869565216,0.21739130434782608,0.0,0.8260869565217391,0.0,0.0,0.0,0.2608695652173913,0.08695652173913043,0.17391304347826086,0.5217391304347826,0.0,0.0,0.08695652173913043,0.0,0.0,0.043478260869565216,2.0,0.08695652173913043,0.08695652173913043,0.043478260869565216,0.043478260869565216,0.043478260869565216,0.043478260869565216,0.043478260869565216,0.043478260869565216,0.043478260869565216,0.0,0.08695652173913043,0.043478260869565216,0.043478260869565216,0.8695652173913043,0.043478260869565216,0.17391304347826086,0.043478260869565216,0.21739130434782608,0.043478260869565216,0.043478260869565216,0.08695652173913043,0.043478260869565216,0.17391304347826086,0.043478260869565216,0.21739130434782608,1.7826086956521738,0.0,0.043478260869565216,0.21739130434782608,0.0,0.043478260869565216,0.043478260869565216
2021-11-01,0.043478260869565216,0.043478260869565216,0.08695652173913043,0.0,0.0,0.043478260869565216,0.043478260869565216,0.043478260869565216,0.043478260869565216,0.08695652173913043,0.043478260869565216,0.21739130434782608,0.0,0.9130434782608695,0.043478260869565216,0.0,0.0,0.2608695652173913,0.13043478260869565,0.17391304347826086,0.5217391304347826,0.0,0.0,0.08695652173913043,0.0,0.0,0.043478260869565216,1.8,0.08695652173913043,0.043478260869565216,0.0,0.043478260869565216,0.043478260869565216,0.043478260869565216,0.043478260869565216,0.043478260869565216,0.043478260869565216,0.0,0.08695652173913043,0.043478260869565216,0.043478260869565216,0.8260869565217391,0.043478260869565216,0.17391304347826086,0.043478260869565216,0.17391304347826086,0.043478260869565216,0.043478260869565216,0.08695652173913043,0.043478260869565216,0.17391304347826086,0.043478260869565216,0.21739130434782608,1.2608695652173914,0.0,0.043478260869565216,0.21739130434782608,0.0,0.043478260869565216,0.043478260869565216
2021-12-01,0.0,0.0,0.11764705882352941,0.0,0.0,0.0,0.0,0.0,0.0,0.058823529411764705,0.058823529411764705,0.23529411764705882,0.0,1.1176470588235294,0.0,0.0,0.0,0.29411764705882354,0.11764705882352941,0.17647058823529413,0.6470588235294118,0.0,0.0,0.058823529411764705,0.0,0.0,0.058823529411764705,1.5714285714285714,0.11764705882352941,0.0,0.0,0.058823529411764705,0.058823529411764705,0.058823529411764705,0.0,0.058823529411764705,0.0,0.0,0.058823529411764705,0.0,0.058823529411764705,0.8823529411764706,0.058823529411764705,0.11764705882352941,0.0,0.23529411764705882,0.058823529411764705,0.058823529411764705,0.058823529411764705,0.058823529411764705,0.23529411764705882,0.058823529411764705,0.35294117647058826,1.8823529411764706,0.0,0.0,0.29411764705882354,0.0,0.058823529411764705,0.058823529411764705
2022-01-01,0.0,0.0,0.11764705882352941,0.0,0.0,0.0,0.058823529411764705,0.0,0.0,0.058823529411764705,0.058823529411764705,0.17647058823529413,0.0,0.9411764705882353,0.0,0.0,0.0,0.23529411764705882,0.17647058823529413,0.17647058823529413,0.7647058823529411,0.0,0.0,0.058823529411764705,0.0,0.0,0.058823529411764705,1.4285714285714286,0.058823529411764705,0.0,0.0,0.058823529411764705,0.058823529411764705,0.058823529411764705,0.058823529411764705,0.058823529411764705,0.058823529411764705,0.0,0.0,0.058823529411764705,0.058823529411764705,0.8823529411764706,0.058823529411764705,0.17647058823529413,0.058823529411764705,0.23529411764705882,0.058823529411764705,0.058823529411764705,0.058823529411764705,0.058823529411764705,0.17647058823529413,0.058823529411764705,0.29411764705882354,1.7647058823529411,0.0,0.0,0.29411764705882354,0.0,0.11764705882352941,0.058823529411764705
2022-02-01,0.03333333333333333,0.03333333333333333,0.06666666666666667,0.03333333333333333,0.03333333333333333,0.03333333333333333,0.03333333333333333,0.03333333333333333,0.03333333333333333,0.06666666666666667,0.06666666666666667,0.16666666666666666,0.03333333333333333,0.7,0.03333333333333333,0.0,0.03333333333333333,0.23333333333333334,0.13333333333333333,0.16666666666666666,0.5666666666666667,0.0,0.0,0.06666666666666667,0.0,0.03333333333333333,0.03333333333333333,2.0,0.06666666666666667,0.03333333333333333,0.03333333333333333,0.06666666666666667,0.06666666666666667,0.06666666666666667,0.03333333333333333,0.06666666666666667,0.03333333333333333,0.03333333333333333,0.06666666666666667,0.03333333333333333,0.06666666666666667,0.5333333333333333,0.03333333333333333,0.2,0.03333333333333333,0.2,0.06666666666666667,0.03333333333333333,0.06666666666666667,0.03333333333333333,0.16666666666666666,0.06666666666666667,0.23333333333333334,1.3333333333333333,0.0,0.06666666666666667,0.16666666666666666,0.03333333333333333,0.06666666666666667,0.03333333333333333
2022-03-01,0.03260869565217391,0.021739130434782608,0.043478260869565216,0.010869565217391304,0.010869565217391304,0.03260869565217391,0.010869565217391304,0.03260869565217391,0.043478260869565216,0.11956521739130435,0.021739130434782608,0.11956521739130435,0.010869565217391304,0.5760869565217391,0.010869565217391304,0.010869565217391304,0.021739130434782608,0.2391304347826087,0.06521739130434782,0.21739130434782608,0.32608695652173914,0.010869565217391304,0.010869565217391304,0.08695652173913043,0.010869565217391304,0.010869565217391304,0.05434782608695652,2.5,0.10869565217391304,0.06521739130434782,0.043478260869565216,0.07608695652173914,0.043478260869565216,0.021739130434782608,0.010869565217391304,0.043478260869565216,0.03260869565217391,0.010869565217391304,0.10869565217391304,0.010869565217391304,0.021739130434782608,0.1956521739130435,0.03260869565217391,0.18478260869565216,0.021739130434782608,0.15217391304347827,0.06521739130434782,0.03260869565217391,0.06521739130434782,0.043478260869565216,0.11956521739130435,0.043478260869565216,0.09782608695652174,0.44565217391304346,0.01098901098901099,0.08695652173913043,0.08695652173913043,0.010869565217391304,0.03260869565217391,0.021739130434782608
2022-04-01,0.030303030303030304,0.030303030303030304,0.09090909090909091,0.030303030303030304,0.030303030303030304,0.030303030303030304,0.030303030303030304,0.030303030303030304,0.030303030303030304,0.06060606060606061,0.06060606060606061,0.18181818181818182,0.030303030303030304,0.8787878787878788,0.030303030303030304,0.0,0.030303030303030304,0.24242424242424243,0.15151515151515152,0.21212121212121213,0.5757575757575758,0.0,0.0,0.09090909090909091,0.0,0.030303030303030304,0.06060606060606061,1.4666666666666666,0.09090909090909091,0.030303030303030304,0.030303030303030304,0.030303030303030304,0.06060606060606061,0.06060606060606061,0.030303030303030304,0.030303030303030304,0.030303030303030304,0.030303030303030304,0.030303030303030304,0.030303030303030304,0.06060606060606061,0.48484848484848486,0.030303030303030304,0.18181818181818182,0.030303030303030304,0.21212121212121213,0.06060606060606061,0.030303030303030304,0.06060606060606061,0.06060606060606061,0.15151515151515152,0.06060606060606061,0.18181818181818182,1.4848484848484849,0.030303030303030304,0.030303030303030304,0.18181818181818182,0.030303030303030304,0.06060606060606061,0.06060606060606061
2022-05-01,0.04,0.04,0.06,0.02,0.02,0.04,0.02,0.02,0.04,0.06,0.04,0.18,0.02,0.68,0.02,0.02,0.02,0.22,0.12,0.2,0.42,0.02,0.02,0.1,0.02,0.02,0.06,1.9545454545454546,0.1,0.04,0.02,0.06,0.04,0.04,0.02,0.04,0.04,0.0,0.08,0.02,0.04,0.32,0.04,0.2,0.02,0.2,0.06,0.04,0.08,0.04,0.14,0.06,0.14,1.08,0.02,0.04,0.16,0.02,0.06,0.02
2022-06-01,0.027777777777777776,0.027777777777777776,0.05555555555555555,0.013888888888888888,0.013888888888888888,0.027777777777777776,0.013888888888888888,0.027777777777777776,0.027777777777777776,0.08333333333333333,0.027777777777777776,0.1388888888888889,0.013888888888888888,0.625,0.013888888888888888,0.013888888888888888,0.013888888888888888,0.2222222222222222,0.08333333333333333,0.19444444444444445,0.3888888888888889,0.013888888888888888,0.013888888888888888,0.09722222222222222,0.013888888888888888,0.013888888888888888,0.05555555555555555,2.03125,0.09722222222222222,0.041666666666666664,0.027777777777777776,0.06944444444444445,0.041666666666666664,0.027777777777777776,0.013888888888888888,0.041666666666666664,0.027777777777777776,0.013888888888888888,0.1111111111111111,0.013888888888888888,0.027777777777777776,0.2361111111111111,0.041666666666666664,0.19444444444444445,0.027777777777777776,0.19444444444444445,0.06944444444444445,0.027777777777777776,0.06944444444444445,0.041666666666666664,0.1388888888888889,0.05555555555555555,0.1111111111111111,0.7638888888888888,0.013888888888888888,0.05555555555555555,0.125,0.013888888888888888,0.027777777777777776,0.027777777777777776
2022-07-01,0.02040816326530612,0.02040816326530612,0.061224489795918366,0.02040816326530612,0.02040816326530612,0.02040816326530612,0.02040816326530612,0.02040816326530612,0.02040816326530612,0.04081632653061224,0.04081632653061224,0.16326530612244897,0.02040816326530612,0.8163265306122449,0.02040816326530612,0.0,0.02040816326530612,0.24489795918367346,0.08163265306122448,0.24489795918367346,0.4489795918367347,0.0,0.0,0.061224489795918366,0.0,0.02040816326530612,0.04081632653061224,1.619047619047619,0.12244897959183673,0.02040816326530612,0.02040816326530612,0.04081632653061224,0.04081632653061224,0.04081632653061224,0.02040816326530612,0.04081632653061224,0.02040816326530612,0.0,0.04081632653061224,0.02040816326530612,0.04081632653061224,0.3469387755102041,0.04081632653061224,0.16326530612244897,0.02040816326530612,0.2653061224489796,0.08163265306122448,0.04081632653061224,0.10204081632653061,0.04081632653061224,0.1836734693877551,0.08163265306122448,0.16326530612244897,1.2857142857142858,0.02040816326530612,0.04081632653061224,0.16326530612244897,0.02040816326530612,0.04081632653061224,0.02040816326530612
2022-08-01,0.02857142857142857,0.02857142857142857,0.05714285714285714,0.0,0.02857142857142857,0.02857142857142857,0.02857142857142857,0.02857142857142857,0.02857142857142857,0.02857142857142857,0.02857142857142857,0.17142857142857143,0.0,0.8285714285714286,0.02857142857142857,0.0,0.02857142857142857,0.22857142857142856,0.08571428571428572,0.2571428571428571,0.4857142857142857,0.0,0.0,0.08571428571428572,0.0,0.0,0.05714285714285714,1.5333333333333334,0.11428571428571428,0.0,0.02857142857142857,0.02857142857142857,0.05714285714285714,0.02857142857142857,0.02857142857142857,0.02857142857142857,0.02857142857142857,0.0,0.02857142857142857,0.02857142857142857,0.05714285714285714,0.45714285714285713,0.02857142857142857,0.17142857142857143,0.02857142857142857,0.2571428571428571,0.08571428571428572,0.05714285714285714,0.11428571428571428,0.05714285714285714,0.2,0.05714285714285714,0.2,1.542857142857143,0.0,0.02857142857142857,0.17142857142857143,0.02857142857142857,0.05714285714285714,0.02857142857142857
2022-09-01,0.03333333333333333,0.03333333333333333,0.06666666666666667,0.0,0.0,0.03333333333333333,0.03333333333333333,0.03333333333333333,0.03333333333333333,0.03333333333333333,0.03333333333333333,0.2,0.0,0.8666666666666667,0.03333333333333333,0.0,0.03333333333333333,0.23333333333333334,0.13333333333333333,0.23333333333333334,0.4666666666666667,0.0,0.0,0.06666666666666667,0.0,0.0,0.06666666666666667,1.5384615384615385,0.1,0.03333333333333333,0.03333333333333333,0.06666666666666667,0.03333333333333333,0.06666666666666667,0.03333333333333333,0.06666666666666667,0.03333333333333333,0.0,0.03333333333333333,0.03333333333333333,0.06666666666666667,0.4666666666666667,0.03333333333333333,0.16666666666666666,0.03333333333333333,0.23333333333333334,0.06666666666666667,0.03333333333333333,0.1,0.03333333333333333,0.2,0.06666666666666667,0.2,1.6333333333333333,0.0,0.03333333333333333,0.2,0.03333333333333333,0.06666666666666667,0.06666666666666667
2022-10-01,0.03125,0.03125,0.0625,0.0,0.0,0.03125,0.03125,0.03125,0.03125,0.0625,0.03125,0.1875,0.0,0.875,0.03125,0.0,0.03125,0.1875,0.125,0.25,0.4375,0.0,0.0,0.0625,0.0,0.0,0.0625,1.5714285714285714,0.125,0.03125,0.03125,0.0625,0.0625,0.0625,0.03125,0.0625,0.03125,0.0,0.03125,0.03125,0.0625,0.46875,0.03125,0.1875,0.03125,0.25,0.09375,0.03125,0.09375,0.0625,0.15625,0.0625,0.1875,1.15625,0.0,0.03125,0.1875,0.03125,0.0625,0.03125
2022-11-01,0.04,0.04,0.08,0.0,0.0,0.04,0.04,0.0,0.0,0.04,0.04,0.2,0.0,0.92,0.0,0.0,0.0,0.16,0.16,0.24,0.48,0.0,0.0,0.08,0.0,0.0,0.04,1.4545454545454546,0.08,0.0,0.0,0.04,0.04,0.04,0.04,0.04,0.04,0.0,0.04,0.04,0.04,0.56,0.04,0.16,0.04,0.24,0.08,0.04,0.08,0.04,0.2,0.08,0.2,1.08,0.0,0.04,0.24,0.04,0.08,0.04
2022-12-01,0.038461538461538464,0.038461538461538464,0.07692307692307693,0.0,0.0,0.038461538461538464,0.038461538461538464,0.038461538461538464,0.0,0.038461538461538464,0.038461538461538464,0.15384615384615385,0.0,0.9615384615384616,0.0,0.0,0.0,0.15384615384615385,0.11538461538461539,0.2692307692307692,0.46153846153846156,0.0,0.0,0.07692307692307693,0.0,0.0,0.038461538461538464,1.3333333333333333,0.11538461538461539,0.0,0.0,0.038461538461538464,0.038461538461538464,0.038461538461538464,0.038461538461538464,0.038461538461538464,0.038461538461538464,0.0,0.0,0.038461538461538464,0.038461538461538464,0.5384615384615384,0.038461538461538464,0.15384615384615385,0.0,0.2692307692307692,0.07692307692307693,0.038461538461538464,0.07692307692307693,0.038461538461538464,0.23076923076923078,0.07692307692307693,0.23076923076923078,1.1153846153846154,0.0,0.038461538461538464,0.23076923076923078,0.038461538461538464,0.07692307692307693,0.038461538461538464
2023-01-01,0.0,0.043478260869565216,0.08695652173913043,0.0,0.0,0.043478260869565216,0.043478260869565216,0.0,0.0,0.043478260869565216,0.043478260869565216,0.17391304347826086,0.0,0.8260869565217391,0.0,0.0,0.0,0.13043478260869565,0.17391304347826086,0.21739130434782608,0.5652173913043478,0.0,0.0,0.08695652173913043,0.0,0.0,0.043478260869565216,1.4,0.08695652173913043,0.0,0.0,0.043478260869565216,0.043478260869565216,0.043478260869565216,0.043478260869565216,0.043478260869565216,0.043478260869565216,0.0,0.043478260869565216,0.043478260869565216,0.08695652173913043,0.6086956521739131,0.043478260869565216,0.17391304347826086,0.043478260869565216,0.2608695652173913,0.08695652173913043,0.043478260869565216,0.08695652173913043,0.043478260869565216,0.21739130434782608,0.08695652173913043,0.21739130434782608,1.1304347826086956,0.0,0.0,0.21739130434782608,0.043478260869565216,0.08695652173913043,0.043478260869565216
2023-02-01,0.0,0.045454545454545456,0.09090909090909091,0.0,0.0,0.045454545454545456,0.045454545454545456,0.0,0.0,0.045454545454545456,0.045454545454545456,0.18181818181818182,0.0,0.8636363636363636,0.0,0.0,0.0,0.09090909090909091,0.18181818181818182,0.22727272727272727,0.5909090909090909,0.0,0.0,0.09090909090909091,0.0,0.0,0.045454545454545456,1.3,0.09090909090909091,0.0,0.0,0.045454545454545456,0.045454545454545456,0.09090909090909091,0.045454545454545456,0.045454545454545456,0.045454545454545456,0.0,0.0,0.045454545454545456,0.09090909090909091,0.6363636363636364,0.045454545454545456,0.18181818181818182,0.045454545454545456,0.2727272727272727,0.09090909090909091,0.045454545454545456,0.09090909090909091,0.045454545454545456,0.18181818181818182,0.09090909090909091,0.22727272727272727,1.5909090909090908,0.0,0.0,0.18181818181818182,0.0,0.09090909090909091,0.045454545454545456
2023-03-01,0.0,0.047619047619047616,0.09523809523809523,0.0,0.0,0.047619047619047616,0.047619047619047616,0.0,0.0,0.047619047619047616,0.047619047619047616,0.19047619047619047,0.0,0.9047619047619048,0.0,0.0,0.0,0.14285714285714285,0.19047619047619047,0.23809523809523808,0.6190476190476191,0.0,0.0,0.09523809523809523,0.0,0.0,0.047619047619047616,1.3333333333333333,0.09523809523809523,0.0,0.0,0.047619047619047616,0.047619047619047616,0.09523809523809523,0.047619047619047616,0.047619047619047616,0.047619047619047616,0.0,0.0,0.047619047619047616,0.09523809523809523,0.6666666666666666,0.047619047619047616,0.19047619047619047,0.047619047619047616,0.23809523809523808,0.09523809523809523,0.047619047619047616,0.09523809523809523,0.047619047619047616,0.23809523809523808,0.09523809523809523,0.23809523809523808,1.6666666666666667,0.0,0.0,0.19047619047619047,0.0,0.09523809523809523,0.047619047619047616
2023-04-01,0.041666666666666664,0.041666666666666664,0.08333333333333333,0.0,0.0,0.041666666666666664,0.041666666666666664,0.0,0.0,0.041666666666666664,0.041666666666666664,0.20833333333333334,0.0,0.875,0.0,0.0,0.0,0.125,0.16666666666666666,0.20833333333333334,0.5833333333333334,0.0,0.0,0.08333333333333333,0.0,0.0,0.041666666666666664,1.3,0.08333333333333333,0.0,0.0,0.041666666666666664,0.041666666666666664,0.08333333333333333,0.041666666666666664,0.041666666666666664,0.041666666666666664,0.0,0.0,0.041666666666666664,0.08333333333333333,0.5833333333333334,0.041666666666666664,0.16666666666666666,0.041666666666666664,0.2916666666666667,0.08333333333333333,0.041666666666666664,0.08333333333333333,0.041666666666666664,0.25,0.08333333333333333,0.20833333333333334,1.8333333333333333,0.0,0.0,0.20833333333333334,0.041666666666666664,0.08333333333333333,0.041666666666666664
2023-05-01,0.0,0.047619047619047616,0.09523809523809523,0.0,0.0,0.047619047619047616,0.047619047619047616,0.0,0.0,0.0,0.047619047619047616,0.19047619047619047,0.0,0.9523809523809523,0.0,0.0,0.047619047619047616,0.14285714285714285,0.19047619047619047,0.23809523809523808,0.6190476190476191,0.0,0.0,0.09523809523809523,0.0,0.0,0.047619047619047616,1.3333333333333333,0.09523809523809523,0.0,0.0,0.047619047619047616,0.047619047619047616,0.09523809523809523,0.047619047619047616,0.047619047619047616,0.047619047619047616,0.0,0.0,0.047619047619047616,0.09523809523809523,0.6666666666666666,0.047619047619047616,0.19047619047619047,0.0,0.2857142857142857,0.09523809523809523,0.047619047619047616,0.09523809523809523,0.047619047619047616,0.23809523809523808,0.09523809523809523,0.23809523809523808,2.6666666666666665,0.0,0.0,0.23809523809523808,0.047619047619047616,0.09523809523809523,0.047619047619047616
2023-06-01,0.0,0.0,0.09523809523809523,0.0,0.0,0.047619047619047616,0.047619047619047616,0.0,0.0,0.0,0.047619047619047616,0.23809523809523808,0.0,0.9523809523809523,0.0,0.0,0.0,0.14285714285714285,0.14285714285714285,0.23809523809523808,0.6666666666666666,0.0,0.0,0.047619047619047616,0.0,0.0,0.047619047619047616,1.3333333333333333,0.09523809523809523,0.0,0.0,0.047619047619047616,0.047619047619047616,0.047619047619047616,0.047619047619047616,0.047619047619047616,0.0,0.0,0.0,0.047619047619047616,0.09523809523809523,0.7142857142857143,0.047619047619047616,0.14285714285714285,0.0,0.23809523809523808,0.09523809523809523,0.047619047619047616,0.09523809523809523,0.047619047619047616,0.23809523809523808,0.09523809523809523,0.23809523809523808,2.380952380952381,0.0,0.0,0.2857142857142857,0.0,0.09523809523809523,0.047619047619047616
2023-07-01,0.0,0.0,0.09090909090909091,0.0,0.0,0.045454545454545456,0.045454545454545456,0.0,0.0,0.0,0.045454545454545456,0.22727272727272727,0.0,1.0,0.0,0.0,0.0,0.18181818181818182,0.13636363636363635,0.22727272727272727,0.5909090909090909,0.0,0.0,0.045454545454545456,0.0,0.0,0.045454545454545456,1.6,0.09090909090909091,0.0,0.0,0.045454545454545456,0.045454545454545456,0.045454545454545456,0.045454545454545456,0.045454545454545456,0.0,0.0,0.0,0.045454545454545456,0.045454545454545456,0.6818181818181818,0.045454545454545456,0.13636363636363635,0.0,0.2727272727272727,0.09090909090909091,0.045454545454545456,0.09090909090909091,0.045454545454545456,0.2727272727272727,0.09090909090909091,0.22727272727272727,2.4545454545454546,0.0,0.0,0.2727272727272727,0.045454545454545456,0.045454545454545456,0.045454545454545456
2023-08-01,0.0,0.04,0.08,0.0,0.0,0.04,0.04,0.0,0.0,0.04,0.04,0.2,0.0,0.88,0.0,0.0,0.0,0.16,0.12,0.24,0.56,0.0,0.0,0.04,0.0,0.0,0.04,1.4545454545454546,0.08,0.0,0.0,0.04,0.04,0.04,0.04,0.04,0.04,0.0,0.04,0.04,0.08,0.56,0.04,0.12,0.0,0.24,0.08,0.04,0.08,0.04,0.24,0.08,0.2,1.72,0.0,0.0,0.24,0.04,0.08,0.04
2023-09-01,0.04,0.04,0.08,0.0,0.0,0.04,0.04,0.04,0.04,0.08,0.04,0.2,0.0,0.88,0.0,0.0,0.0,0.16,0.12,0.24,0.52,0.0,0.0,0.08,0.0,0.0,0.08,1.4545454545454546,0.08,0.04,0.0,0.04,0.04,0.08,0.04,0.04,0.04,0.0,0.04,0.04,0.04,0.56,0.04,0.16,0.04,0.24,0.08,0.04,0.08,0.04,0.2,0.08,0.2,1.72,0.0,0.04,0.2,0.04,0.08,0.08
2023-10-01,0.0,0.041666666666666664,0.08333333333333333,0.0,0.0,0.041666666666666664,0.041666666666666664,0.041666666666666664,0.041666666666666664,0.041666666666666664,0.041666666666666664,0.16666666666666666,0.0,0.9583333333333334,0.0,0.0,0.0,0.125,0.125,0.25,0.4583333333333333,0.0,0.0,0.08333333333333333,0.0,0.0,0.08333333333333333,1.3,0.08333333333333333,0.0,0.0,0.041666666666666664,0.041666666666666664,0.08333333333333333,0.041666666666666664,0.041666666666666664,0.041666666666666664,0.0,0.0,0.0,0.041666666666666664,0.625,0.041666666666666664,0.16666666666666666,0.041666666666666664,0.20833333333333334,0.08333333333333333,0.041666666666666664,0.08333333333333333,0.041666666666666664,0.20833333333333334,0.08333333333333333,0.20833333333333334,1.4583333333333333,0.0,0.0,0.20833333333333334,0.041666666666666664,0.08333333333333333,0.041666666666666664
2023-11-01,0.0,0.047619047619047616,0.09523809523809523,0.0,0.0,0.047619047619047616,0.0,0.0,0.0,0.0,0.047619047619047616,0.19047619047619047,0.0,0.9523809523809523,0.0,0.0,0.0,0.09523809523809523,0.14285714285714285,0.23809523809523808,0.5238095238095238,0.0,0.0,0.047619047619047616,0.0,0.0,0.047619047619047616,1.3333333333333333,0.09523809523809523,0.0,0.0,0.047619047619047616,0.047619047619047616,0.09523809523809523,0.047619047619047616,0.047619047619047616,0.047619047619047616,0.0,0.0,0.0,0.047619047619047616,0.6666666666666666,0.047619047619047616,0.14285714285714285,0.0,0.23809523809523808,0.09523809523809523,0.047619047619047616,0.09523809523809523,0.047619047619047616,0.23809523809523808,0.09523809523809523,0.19047619047619047,1.1904761904761905,0.0,0.0,0.23809523809523808,0.0,0.09523809523809523,0.047619047619047616
2023-12-01,0.0,0.05,0.1,0.0,0.0,0.0,0.05,0.0,0.0,0.05,0.05,0.15,0.0,1.0,0.0,0.0,0.0,0.15,0.15,0.25,0.55,0.0,0.0,0.1,0.0,0.0,0.05,1.2222222222222223,0.1,0.0,0.0,0.05,0.05,0.05,0.05,0.05,0.0,0.0,0.0,0.0,0.05,0.7,0.05,0.15,0.0,0.25,0.1,0.05,0.1,0.05,0.25,0.1,0.25,1.4,0.0,0.0,0.25,0.0,0.1,0.05
2024-01-01,0.0,0.05263157894736842,0.10526315789473684,0.0,0.0,0.0,0.05263157894736842,0.0,0.0,0.0,0.05263157894736842,0.15789473684210525,0.0,0.8947368421052632,0.0,0.0,0.0,0.10526315789473684,0.15789473684210525,0.21052631578947367,0.5789473684210527,0.0,0.0,0.10526315789473684,0.0,0.0,0.05263157894736842,1.125,0.10526315789473684,0.0,0.0,0.05263157894736842,0.05263157894736842,0.10526315789473684,0.05263157894736842,0.05263157894736842,0.05263157894736842,0.0,0.0,0.0,0.05263157894736842,0.7368421052631579,0.05263157894736842,0.15789473684210525,0.05263157894736842,0.21052631578947367,0.05263157894736842,0.05263157894736842,0.05263157894736842,0.05263157894736842,0.21052631578947367,0.05263157894736842,0.21052631578947367,1.263157894736842,0.0,0.0,0.21052631578947367,0.0,0.10526315789473684,0.05263157894736842
2024-02-01,0.0,0.05263157894736842,0.10526315789473684,0.0,0.0,0.0,0.0,0.0,0.0,0.0,0.05263157894736842,0.15789473684210525,0.0,0.8421052631578947,0.0,0.0,0.0,0.15789473684210525,0.15789473684210525,0.21052631578947367,0.631578947368421,0.0,0.0,0.10526315789473684,0.0,0.0,0.05263157894736842,1.25,0.05263157894736842,0.0,0.0,0.05263157894736842,0.05263157894736842,0.10526315789473684,0.05263157894736842,0.05263157894736842,0.05263157894736842,0.0,0.0,0.0,0.05263157894736842,0.7368421052631579,0.0,0.15789473684210525,0.05263157894736842,0.21052631578947367,0.05263157894736842,0.05263157894736842,0.05263157894736842,0.05263157894736842,0.21052631578947367,0.05263157894736842,0.21052631578947367,1.6842105263157894,0.0,0.0,0.21052631578947367,0.0,0.10526315789473684,0.10526315789473684
2024-03-01,0.05,0.05,0.1,0.0,0.0,0.05,0.0,0.0,0.0,0.0,0.05,0.2,0.0,0.95,0.0,0.0,0.0,0.2,0.15,0.25,0.6,0.0,0.0,0.1,0.0,0.0,0.05,1.2222222222222223,0.1,0.0,0.0,0.05,0.05,0.1,0.05,0.05,0.05,0.0,0.0,0.0,0.05,0.7,0.05,0.2,0.05,0.25,0.1,0.05,0.1,0.05,0.25,0.1,0.2,1.75,0.0,0.0,0.2,0.0,0.1,0.05
2024-04-01,0.045454545454545456,0.045454545454545456,0.09090909090909091,0.0,0.0,0.045454545454545456,0.045454545454545456,0.0,0.0,0.18181818181818182,0.045454545454545456,0.18181818181818182,0.0,0.8636363636363636,0.0,0.0,0.045454545454545456,0.13636363636363635,0.13636363636363635,0.22727272727272727,0.5909090909090909,0.0,0.0,0.09090909090909091,0.0,0.0,0.045454545454545456,1.4,0.09090909090909091,0.09090909090909091,0.0,0.09090909090909091,0.045454545454545456,0.09090909090909091,0.045454545454545456,0.045454545454545456,0.045454545454545456,0.0,0.045454545454545456,0.045454545454545456,0.045454545454545456,0.6363636363636364,0.045454545454545456,0.18181818181818182,0.045454545454545456,0.22727272727272727,0.09090909090909091,0.045454545454545456,0.09090909090909091,0.045454545454545456,0.22727272727272727,0.09090909090909091,0.18181818181818182,1.9545454545454546,0.0,0.0,0.18181818181818182,0.0,0.09090909090909091,0.09090909090909091
2024-05-01,0.047619047619047616,0.047619047619047616,0.09523809523809523,0.0,0.0,0.047619047619047616,0.047619047619047616,0.0,0.0,0.047619047619047616,0.047619047619047616,0.19047619047619047,0.0,0.9523809523809523,0.0,0.0,0.047619047619047616,0.14285714285714285,0.19047619047619047,0.23809523809523808,0.6190476190476191,0.0,0.0,0.09523809523809523,0.0,0.0,0.047619047619047616,1.1111111111111112,0.09523809523809523,0.0,0.0,0.047619047619047616,0.047619047619047616,0.09523809523809523,0.047619047619047616,0.047619047619047616,0.047619047619047616,0.0,0.0,0.047619047619047616,0.047619047619047616,0.6666666666666666,0.047619047619047616,0.19047619047619047,0.0,0.23809523809523808,0.09523809523809523,0.047619047619047616,0.09523809523809523,0.047619047619047616,0.23809523809523808,0.09523809523809523,0.19047619047619047,2.4285714285714284,0.0,0.0,0.23809523809523808,0.0,0.09523809523809523,0.047619047619047616
2024-06-01,0.0,0.047619047619047616,0.09523809523809523,0.0,0.0,0.0,0.047619047619047616,0.0,0.0,0.0,0.047619047619047616,0.14285714285714285,0.0,1.0,0.0,0.0,0.0,0.14285714285714285,0.14285714285714285,0.23809523809523808,0.6190476190476191,0.0,0.0,0.047619047619047616,0.0,0.0,0.047619047619047616,1.2222222222222223,0.09523809523809523,0.0,0.0,0.047619047619047616,0.047619047619047616,0.09523809523809523,0.047619047619047616,0.047619047619047616,0.0,0.0,0.0,0.047619047619047616,0.047619047619047616,0.7142857142857143,0.047619047619047616,0.14285714285714285,0.0,0.23809523809523808,0.09523809523809523,0.047619047619047616,0.09523809523809523,0.047619047619047616,0.23809523809523808,0.09523809523809523,0.19047619047619047,2.2857142857142856,0.0,0.0,0.23809523809523808,0.0,0.09523809523809523,0.047619047619047616
2024-07-01,0.0,0.05,0.1,0.0,0.0,0.0,0.05,0.0,0.0,0.0,0.05,0.2,0.0,1.0,0.0,0.0,0.0,0.15,0.1,0.25,0.6,0.0,0.0,0.05,0.0,0.0,0.05,1.1111111111111112,0.1,0.0,0.0,0.05,0.05,0.1,0.05,0.05,0.0,0.0,0.0,0.0,0.05,0.7,0.05,0.15,0.0,0.25,0.1,0.05,0.1,0.05,0.25,0.1,0.2,2.15,0.0,0.0,0.25,0.0,0.05,0.05
2024-08-01,0.05,0.05,0.1,0.0,0.0,0.0,0.05,0.0,0.0,0.0,0.05,0.15,0.0,1.0,0.0,0.0,0.0,0.1,0.15,0.2,0.6,0.0,0.0,0.1,0.0,0.0,0.05,1.1111111111111112,0.1,0.0,0.0,0.05,0.05,0.05,0.05,0.05,0.05,0.0,0.0,0.0,0.05,0.7,0.0,0.15,0.0,0.25,0.1,0.05,0.1,0.05,0.25,0.1,0.2,2.2,0.0,0.05,0.25,0.0,0.1,0.05
2024-09-01,0.05,0.05,0.1,0.0,0.0,0.05,0.05,0.0,0.0,0.0,0.05,0.15,0.0,1.0,0.0,0.0,0.05,0.1,0.15,0.2,0.55,0.0,0.0,0.1,0.0,0.0,0.05,1.2222222222222223,0.1,0.0,0.0,0.05,0.05,0.1,0.05,0.05,0.05,0.0,0.0,0.0,0.05,0.7,0.05,0.2,0.05,0.25,0.05,0.05,0.1,0.05,0.25,0.1,0.2,1.9,0.0,0.05,0.25,0.0,0.1,0.1
2024-10-01,0.05555555555555555,0.05555555555555555,0.05555555555555555,0.0,0.0,0.0,0.0,0.0,0.0,0.0,0.05555555555555555,0.16666666666666666,0.0,0.9444444444444444,0.0,0.0,0.05555555555555555,0.16666666666666666,0.16666666666666666,0.2222222222222222,0.5555555555555556,0.0,0.0,0.1111111111111111,0.0,0.0,0.05555555555555555,1.125,0.05555555555555555,0.0,0.0,0.05555555555555555,0.05555555555555555,0.1111111111111111,0.05555555555555555,0.05555555555555555,0.05555555555555555,0.0,0.0,0.0,0.05555555555555555,0.7777777777777778,0.0,0.16666666666666666,0.05555555555555555,0.2222222222222222,0.05555555555555555,0.0,0.05555555555555555,0.05555555555555555,0.2222222222222222,0.05555555555555555,0.2222222222222222,1.5555555555555556,0.0,0.0,0.2777777777777778,0.0,0.1111111111111111,0.05555555555555555
2024-11-01,0.05263157894736842,0.05263157894736842,0.05263157894736842,0.0,0.0,0.0,0.0,0.0,0.0,0.05263157894736842,0.05263157894736842,0.15789473684210525,0.0,0.8947368421052632,0.0,0.0,0.05263157894736842,0.10526315789473684,0.15789473684210525,0.15789473684210525,0.5263157894736842,0.0,0.0,0.10526315789473684,0.0,0.0,0.05263157894736842,1.25,0.05263157894736842,0.0,0.0,0.05263157894736842,0.05263157894736842,0.10526315789473684,0.05263157894736842,0.05263157894736842,0.05263157894736842,0.0,0.0,0.0,0.05263157894736842,0.6842105263157895,0.0,0.21052631578947367,0.05263157894736842,0.21052631578947367,0.05263157894736842,0.0,0.10526315789473684,0.05263157894736842,0.15789473684210525,0.05263157894736842,0.15789473684210525,1.1578947368421053,0.0,0.05263157894736842,0.21052631578947367,0.0,0.10526315789473684,0.05263157894736842
2024-12-01,0.0,0.06666666666666667,0.06666666666666667,0.0,0.0,0.0,0.0,0.0,0.0,0.0,0.06666666666666667,0.2,0.0,1.0666666666666667,0.0,0.0,0.0,0.13333333333333333,0.13333333333333333,0.2,0.6666666666666666,0.0,0.0,0.06666666666666667,0.0,0.0,0.06666666666666667,1.0,0.06666666666666667,0.0,0.0,0.06666666666666667,0.06666666666666667,0.06666666666666667,0.06666666666666667,0.06666666666666667,0.0,0.0,0.0,0.0,0.06666666666666667,0.9333333333333333,0.0,0.2,0.0,0.26666666666666666,0.06666666666666667,0.0,0.06666666666666667,0.0,0.2,0.06666666666666667,0.26666666666666666,1.6,0.0,0.0,0.3333333333333333,0.0,0.13333333333333333,0.06666666666666667
2025-01-01,0.0,0.058823529411764705,0.11764705882352941,0.0,0.0,0.0,0.0,0.0,0.0,0.0,0.058823529411764705,0.17647058823529413,0.0,0.8823529411764706,0.0,0.0,0.058823529411764705,0.11764705882352941,0.11764705882352941,0.17647058823529413,0.6470588235294118,0.0,0.0,0.11764705882352941,0.0,0.0,0.058823529411764705,1.1428571428571428,0.058823529411764705,0.0,0.0,0.058823529411764705,0.058823529411764705,0.11764705882352941,0.058823529411764705,0.058823529411764705,0.0,0.0,0.0,0.0,0.058823529411764705,0.8823529411764706,0.0,0.17647058823529413,0.0,0.17647058823529413,0.058823529411764705,0.0,0.058823529411764705,0.0,0.17647058823529413,0.058823529411764705,0.17647058823529413,1.2352941176470589,0.0,0.0,0.23529411764705882,0.0,0.11764705882352941,0.058823529411764705
2025-02-01,0.0,0.05555555555555555,0.1111111111111111,0.0,0.0,0.0,0.0,0.0,0.0,0.05555555555555555,0.05555555555555555,0.16666666666666666,0.0,0.8333333333333334,0.0,0.0,0.05555555555555555,0.1111111111111111,0.16666666666666666,0.16666666666666666,0.6666666666666666,0.0,0.0,0.1111111111111111,0.0,0.0,0.05555555555555555,1.25,0.05555555555555555,0.0,0.0,0.05555555555555555,0.05555555555555555,0.1111111111111111,0.05555555555555555,0.05555555555555555,0.05555555555555555,0.0,0.0,0.0,0.05555555555555555,0.7777777777777778,0.0,0.2222222222222222,0.05555555555555555,0.16666666666666666,0.05555555555555555,0.0,0.05555555555555555,0.0,0.16666666666666666,0.05555555555555555,0.16666666666666666,1.6111111111111112,0.0,0.05555555555555555,0.16666666666666666,0.0,0.1111111111111111,0.1111111111111111
2025-03-01,0.05263157894736842,0.05263157894736842,0.10526315789473684,0.0,0.0,0.0,0.05263157894736842,0.0,0.0,0.0,0.05263157894736842,0.15789473684210525,0.0,0.8421052631578947,0.0,0.0,0.05263157894736842,0.10526315789473684,0.10526315789473684,0.15789473684210525,0.631578947368421,0.0,0.0,0.10526315789473684,0.0,0.0,0.05263157894736842,1.25,0.05263157894736842,0.0,0.0,0.05263157894736842,0.05263157894736842,0.10526315789473684,0.05263157894736842,0.05263157894736842,0.05263157894736842,0.0,0.0,0.0,0.05263157894736842,0.8421052631578947,0.0,0.21052631578947367,0.05263157894736842,0.15789473684210525,0.05263157894736842,0.0,0.05263157894736842,0.05263157894736842,0.15789473684210525,0.05263157894736842,0.15789473684210525,1.631578947368421,0.0,0.05263157894736842,0.21052631578947367,0.0,0.10526315789473684,0.05263157894736842
2025-04-01,0.05,0.05,0.1,0.0,0.0,0.05,0.0,0.0,0.0,0.05,0.05,0.15,0.0,0.85,0.0,0.0,0.05,0.1,0.1,0.2,0.6,0.0,0.0,0.1,0.0,0.0,0.1,1.2222222222222223,0.1,0.0,0.0,0.05,0.05,0.1,0.05,0.05,0.05,0.0,0.0,0.0,0.05,0.85,0.0,0.2,0.05,0.2,0.05,0.0,0.05,0.05,0.15,0.05,0.15,1.65,0.0,0.05,0.2,0.0,0.1,0.1
2025-05-01,0.047619047619047616,0.047619047619047616,0.09523809523809523,0.0,0.0,0.047619047619047616,0.0,0.0,0.0,0.047619047619047616,0.047619047619047616,0.14285714285714285,0.0,0.8571428571428571,0.0,0.0,0.047619047619047616,0.09523809523809523,0.14285714285714285,0.14285714285714285,0.5714285714285714,0.0,0.0,0.09523809523809523,0.0,0.0,0.09523809523809523,1.2222222222222223,0.047619047619047616,0.0,0.0,0.047619047619047616,0.047619047619047616,0.09523809523809523,0.047619047619047616,0.047619047619047616,0.047619047619047616,0.0,0.0,0.047619047619047616,0.047619047619047616,0.8095238095238095,0.0,0.23809523809523808,0.047619047619047616,0.14285714285714285,0.047619047619047616,0.0,0.047619047619047616,0.047619047619047616,0.14285714285714285,0.047619047619047616,0.19047619047619047,2.0476190476190474,0.0,0.047619047619047616,0.23809523809523808,0.0,0.09523809523809523,0.047619047619047616
2025-06-01,0.05,0.05,0.1,0.0,0.0,0.05,0.0,0.0,0.05,0.05,0.05,0.15,0.0,0.95,0.0,0.0,0.0,0.15,0.1,0.2,0.6,0.0,0.0,0.1,0.0,0.0,0.1,1.2222222222222223,0.1,0.05,0.0,0.05,0.05,0.1,0.05,0.05,0.05,0.0,0.0,0.0,0.05,0.9,0.05,0.2,0.0,0.2,0.05,0.05,0.1,0.05,0.2,0.05,0.2,2.05,0.0,0.05,0.25,0.0,0.1,0.05
2025-07-01,0.03571428571428571,0.03571428571428571,0.07142857142857142,0.0,0.0,0.03571428571428571,0.03571428571428571,0.0,0.03571428571428571,0.03571428571428571,0.03571428571428571,0.14285714285714285,0.0,0.6785714285714286,0.0,0.07142857142857142,0.0,0.07142857142857142,0.07142857142857142,0.14285714285714285,0.4642857142857143,0.0,0.0,0.10714285714285714,0.03571428571428571,0.03571428571428571,0.07142857142857142,0.9166666666666666,0.07142857142857142,0.0,0.0,0.03571428571428571,0.03571428571428571,0.07142857142857142,0.03571428571428571,0.07142857142857142,0.03571428571428571,0.0,0.0,0.03571428571428571,0.03571428571428571,0.6785714285714286,0.03571428571428571,0.2857142857142857,0.03571428571428571,0.14285714285714285,0.03571428571428571,0.0,0.07142857142857142,0.03571428571428571,0.10714285714285714,0.03571428571428571,0.14285714285714285,1.5714285714285714,0.0,0.03571428571428571,0.17857142857142858,0.03571428571428571,0.07142857142857142,0.03571428571428571
2025-08-01,0.047619047619047616,0.047619047619047616,0.09523809523809523,0.0,0.0,0.047619047619047616,0.047619047619047616,0.0,0.047619047619047616,0.0,0.047619047619047616,0.14285714285714285,0.0,0.8571428571428571,0.0,0.047619047619047616,0.0,0.09523809523809523,0.09523809523809523,0.14285714285714285,0.6190476190476191,0.0,0.0,0.09523809523809523,0.047619047619047616,0.0,0.09523809523809523,1.0,0.047619047619047616,0.0,0.0,0.047619047619047616,0.047619047619047616,0.09523809523809523,0.047619047619047616,0.047619047619047616,0.047619047619047616,0.0,0.0,0.047619047619047616,0.047619047619047616,0.7619047619047619,0.047619047619047616,0.2857142857142857,0.047619047619047616,0.19047619047619047,0.047619047619047616,0.0,0.09523809523809523,0.047619047619047616,0.14285714285714285,0.047619047619047616,0.19047619047619047,2.1904761904761907,0.0,0.047619047619047616,0.23809523809523808,0.047619047619047616,0.09523809523809523,0.047619047619047616
2025-09-01,0.0,0.05263157894736842,0.10526315789473684,0.0,0.0,0.05263157894736842,0.05263157894736842,0.0,0.0,0.0,0.05263157894736842,0.15789473684210525,0.0,0.8947368421052632,0.0,0.05263157894736842,0.05263157894736842,0.10526315789473684,0.10526315789473684,0.15789473684210525,0.631578947368421,0.0,0.0,0.10526315789473684,0.0,0.0,0.10526315789473684,1.125,0.05263157894736842,0.0,0.0,0.05263157894736842,0.05263157894736842,0.10526315789473684,0.05263157894736842,0.05263157894736842,0.05263157894736842,0.0,0.0,0.0,0.05263157894736842,0.6842105263157895,0.0,0.2631578947368421,0.05263157894736842,0.15789473684210525,0.05263157894736842,0.0,0.10526315789473684,0.05263157894736842,0.15789473684210525,0.05263157894736842,0.21052631578947367,1.6842105263157894,0.0,0.0,0.21052631578947367,0.0,0.10526315789473684,0.10526315789473684
2025-10-01,0.0,0.05,0.1,0.0,0.0,0.05,0.05,0.0,0.0,0.0,0.05,0.15,0.0,0.75,0.0,0.05,0.0,0.1,0.1,0.15,0.55,0.0,0.0,0.1,0.05,0.0,0.1,0.8888888888888888,0.05,0.0,0.0,0.05,0.05,0.1,0.05,0.1,0.05,0.0,0.0,0.0,0.05,0.65,0.05,0.25,0.05,0.15,0.05,0.0,0.1,0.05,0.15,0.05,0.2,1.4,0.0,0.0,0.2,0.0,0.1,0.1
2025-11-01,0.03333333333333333,0.06666666666666667,0.06666666666666667,0.0,0.0,0.03333333333333333,0.0,0.0,0.03333333333333333,0.03333333333333333,0.03333333333333333,0.13333333333333333,0.0,0.5333333333333333,0.0,0.03333333333333333,0.03333333333333333,0.06666666666666667,0.06666666666666667,0.1,0.36666666666666664,0.0,0.0,0.1,0.16666666666666666,0.03333333333333333,0.13333333333333333,0.6923076923076923,0.03333333333333333,0.0,0.03333333333333333,0.06666666666666667,0.03333333333333333,0.06666666666666667,0.03333333333333333,0.06666666666666667,0.03333333333333333,0.03333333333333333,0.0,0.0,0.03333333333333333,0.5,0.03333333333333333,0.3333333333333333,0.03333333333333333,0.13333333333333333,0.03333333333333333,0.0,0.06666666666666667,0.03333333333333333,0.1,0.03333333333333333,0.13333333333333333,0.7333333333333333,0.0,0.03333333333333333,0.16666666666666666,0.03333333333333333,0.06666666666666667,0.06666666666666667
2025-12-01,0.030303030303030304,0.06060606060606061,0.06060606060606061,0.0,0.0,0.030303030303030304,0.0,0.0,0.030303030303030304,0.030303030303030304,0.030303030303030304,0.12121212121212122,0.0,0.5151515151515151,0.0,0.06060606060606061,0.030303030303030304,0.06060606060606061,0.06060606060606061,0.09090909090909091,0.3333333333333333,0.0,0.0,0.15151515151515152,0.15151515151515152,0.030303030303030304,0.15151515151515152,0.7857142857142857,0.030303030303030304,0.030303030303030304,0.030303030303030304,0.06060606060606061,0.030303030303030304,0.06060606060606061,0.030303030303030304,0.09090909090909091,0.030303030303030304,0.030303030303030304,0.030303030303030304,0.0,0.030303030303030304,0.5151515151515151,0.030303030303030304,0.3333333333333333,0.06060606060606061,0.09090909090909091,0.030303030303030304,0.0,0.06060606060606061,0.030303030303030304,0.09090909090909091,0.030303030303030304,0.15151515151515152,0.7272727272727273,0.0,0.030303030303030304,0.18181818181818182,0.030303030303030304,0.09090909090909091,0.06060606060606061
2026-01-01,0.030303030303030304,0.06060606060606061,0.06060606060606061,0.0,0.0,0.06060606060606061,0.0,0.0,0.030303030303030304,0.030303030303030304,0.030303030303030304,0.12121212121212122,0.0,0.45454545454545453,0.0,0.06060606060606061,0.030303030303030304,0.06060606060606061,0.06060606060606061,0.09090909090909091,0.3333333333333333,0.0,0.0,0.12121212121212122,0.06060606060606061,0.030303030303030304,0.09090909090909091,0.7857142857142857,0.030303030303030304,0.030303030303030304,0.030303030303030304,0.06060606060606061,0.030303030303030304,0.06060606060606061,0.030303030303030304,0.09090909090909091,0.030303030303030304,0.030303030303030304,0.030303030303030304,0.0,0.030303030303030304,0.5454545454545454,0.030303030303030304,0.3333333333333333,0.06060606060606061,0.09090909090909091,0.030303030303030304,0.0,0.06060606060606061,0.030303030303030304,0.09090909090909091,0.030303030303030304,0.12121212121212122,0.7272727272727273,0.0,0.06060606060606061,0.15151515151515152,0.030303030303030304,0.09090909090909091,0.06060606060606061
2026-02-01,0.03125,0.0625,0.0625,0.0,0.0,0.0625,0.03125,0.0,0.03125,0.03125,0.03125,0.125,0.0,0.4375,0.0,0.0625,0.03125,0.0625,0.0625,0.09375,0.40625,0.0,0.0,0.125,0.0625,0.03125,0.09375,0.7857142857142857,0.03125,0.03125,0.03125,0.0625,0.03125,0.0625,0.0625,0.09375,0.03125,0.03125,0.03125,0.0,0.03125,0.59375,0.0,0.375,0.0625,0.09375,0.03125,0.0,0.03125,0.0,0.09375,0.03125,0.125,0.96875,0.0,0.03125,0.15625,0.03125,0.125,0.0625
2026-03-01,0.05,0.06,0.03,0.01,0.01,0.05,0.01,0.02,0.06,0.07,0.02,0.08,0.01,0.36,0.01,0.06,0.02,0.08,0.04,0.14,0.17,0.0,0.01,0.15,0.05,0.02,0.14,1.3409090909090908,0.06,0.04,0.04,0.14,0.03,0.04,0.02,0.12,0.06,0.02,0.05,0.01,0.01,0.22,0.02,0.29,0.06,0.08,0.04,0.01,0.05,0.02,0.07,0.02,0.06,0.33,0.0,0.09,0.09,0.02,0.05,0.03
2026-04-01,0.04225352112676056,0.056338028169014086,0.056338028169014086,0.014084507042253521,0.014084507042253521,0.04225352112676056,0.014084507042253521,0.014084507042253521,0.04225352112676056,0.056338028169014086,0.04225352112676056,0.11267605633802817,0.014084507042253521,0.43661971830985913,0.014084507042253521,0.04225352112676056,0.014084507042253521,0.08450704225352113,0.07042253521126761,0.1267605633802817,0.2535211267605634,0.0,0.014084507042253521,0.14084507042253522,0.04225352112676056,0.014084507042253521,0.1267605633802817,1.3225806451612903,0.056338028169014086,0.028169014084507043,0.028169014084507043,0.11267605633802817,0.028169014084507043,0.04225352112676056,0.028169014084507043,0.08450704225352113,0.04225352112676056,0.014084507042253521,0.04225352112676056,0.014084507042253521,0.014084507042253521,0.4647887323943662,0.028169014084507043,0.28169014084507044,0.04225352112676056,0.09859154929577464,0.04225352112676056,0.014084507042253521,0.04225352112676056,0.014084507042253521,0.08450704225352113,0.028169014084507043,0.08450704225352113,0.5211267605633803,0.0,0.07042253521126761,0.1267605633802817,0.028169014084507043,0.056338028169014086,0.028169014084507043
2026-05-01,0.0410958904109589,0.0410958904109589,0.0547945205479452,0.0273972602739726,0.0136986301369863,0.0547945205479452,0.0273972602739726,0.0136986301369863,0.0410958904109589,0.0547945205479452,0.0410958904109589,0.1232876712328767,0.0136986301369863,0.4657534246575342,0.0136986301369863,0.0410958904109589,0.0136986301369863,0.0821917808219178,0.0684931506849315,0.136986301369863,0.273972602739726,0.0,0.0136986301369863,0.136986301369863,0.0273972602739726,0.0136986301369863,0.1232876712328767,1.375,0.0547945205479452,0.0273972602739726,0.0273972602739726,0.1232876712328767,0.0273972602739726,0.0410958904109589,0.0273972602739726,0.0547945205479452,0.0273972602739726,0.0136986301369863,0.0547945205479452,0.0136986301369863,0.0136986301369863,0.3835616438356164,0.0273972602739726,0.2602739726027397,0.0273972602739726,0.1095890410958904,0.0410958904109589,0.0136986301369863,0.0547945205479452,0.0273972602739726,0.0958904109589041,0.0273972602739726,0.0958904109589041,0.6986301369863014,0.013333333333333334,0.0547945205479452,0.1232876712328767,0.0273972602739726,0.0547945205479452,0.0273972602739726
2026-06-01,0.037037037037037035,0.037037037037037035,0.07407407407407407,0.037037037037037035,0.018518518518518517,0.05555555555555555,0.037037037037037035,0.018518518518518517,0.037037037037037035,0.037037037037037035,0.05555555555555555,0.1111111111111111,0.0,0.5,0.018518518518518517,0.05555555555555555,0.018518518518518517,0.07407407407407407,0.05555555555555555,0.12962962962962962,0.3333333333333333,0.0,0.018518518518518517,0.12962962962962962,0.037037037037037035,0.018518518518518517,0.12962962962962962,1.0,0.05555555555555555,0.018518518518518517,0.037037037037037035,0.1111111111111111,0.037037037037037035,0.05555555555555555,0.037037037037037035,0.07407407407407407,0.05555555555555555,0.018518518518518517,0.018518518518518517,0.018518518518518517,0.018518518518518517,0.5185185185185185,0.018518518518518517,0.2777777777777778,0.037037037037037035,0.1111111111111111,0.037037037037037035,0.018518518518518517,0.05555555555555555,0.018518518518518517,0.09259259259259259,0.018518518518518517,0.12962962962962962,0.7962962962962963,0.018518518518518517,0.037037037037037035,0.16666666666666666,0.018518518518518517,0.05555555555555555,0.037037037037037035
2026-07-01,0.05,0.05,0.1,0.05,0.025,0.05,0.05,0.025,0.025,0.025,0.075,0.15,0.0,0.6,0.025,0.075,0.025,0.075,0.05,0.15,0.45,0.0,0.025,0.125,0.05,0.025,0.15,1.0588235294117647,0.05,0.0,0.05,0.125,0.025,0.05,0.025,0.1,0.05,0.025,0.025,0.025,0.025,0.525,0.025,0.275,0.05,0.125,0.05,0.025,0.075,0.025,0.125,0.025,0.125,1.15,0.024390243902439025,0.05,0.175,0.025,0.05,0.025
2026-08-01,0.03225806451612903,0.03225806451612903,0.12903225806451613,0.06451612903225806,0.03225806451612903,0.03225806451612903,0.03225806451612903,0.0,0.03225806451612903,0.03225806451612903,0.0967741935483871,0.16129032258064516,0.0,0.7419354838709677,0.0,0.03225806451612903,0.03225806451612903,0.0967741935483871,0.06451612903225806,0.16129032258064516,0.5483870967741935,0.0,0.03225806451612903,0.0967741935483871,0.03225806451612903,0.0,0.0967741935483871,1.1428571428571428,0.06451612903225806,0.0,0.03225806451612903,0.0967741935483871,0.03225806451612903,0.06451612903225806,0.03225806451612903,0.06451612903225806,0.03225806451612903,0.0,0.03225806451612903,0.03225806451612903,0.03225806451612903,0.6129032258064516,0.03225806451612903,0.22580645161290322,0.03225806451612903,0.16129032258064516,0.06451612903225806,0.03225806451612903,0.06451612903225806,0.03225806451612903,0.16129032258064516,0.03225806451612903,0.16129032258064516,1.2580645161290323,0.03225806451612903,0.03225806451612903,0.1935483870967742,0.03225806451612903,0.06451612903225806,0.03225806451612903
